{"type": "FeatureCollection", "features": [{"type": "Feature", "properties": {"objectid": 1, "fossil_id": 138735, "species_name": "Lufengpithecus lufengensis", "geological_stage": "Tortonian", "max_age_ma": 11.63, "min_age_ma": 7.246, "longitude": 102.066666, "latitude": 25.016666, "province": "Yunnan", "biological_group": "动物", "chapter_label": "第三章"}, "geometry": {"type": "Point", "coordinates": [102.066666, 25.016666]}}, {"type": "Feature", "properties": {"objectid": 116, "fossil_id": 311929, "species_name": "Goeppertella <sp. 1>", "geological_stage": "Norian", "max_age_ma": 227.3, "min_age_ma": 205.7, "longitude": 102.099998, "latitude": 25.1, "province": "Yunnan", "biological_group": "动物", "chapter_label": "第三章"}, "geometry": {"type": "Point", "coordinates": [102.099998, 25.1]}}, {"type": "Feature", "properties": {"objectid": 342, "fossil_id": 451904, "species_name": "? Forsythia sp.", "geological_stage": "Turolian", "max_age_ma": 8.725, "min_age_ma": 5.09, "longitude": 102.066666, "latitude": 25.016666, "province": "Yunnan", "biological_group": "动物", "chapter_label": "第三章"}, "geometry": {"type": "Point", "coordinates": [102.066666, 25.016666]}}, {"type": "Feature", "properties": {"objectid": 448, "fossil_id": 452012, "species_name": "Pseudaelurus sp.", "geological_stage": "Turolian", "max_age_ma": 8.725, "min_age_ma": 5.09, "longitude": 102.066666, "latitude": 25.016666, "province": "Yunnan", "biological_group": "动物", "chapter_label": "第三章"}, "geometry": {"type": "Point", "coordinates": [102.066666, 25.016666]}}, {"type": "Feature", "properties": {"objectid": 89, "fossil_id": 138845, "species_name": "Morganucodon oehleri n. sp.", "geological_stage": "Hettangian", "max_age_ma": 201.4, "min_age_ma": 199.5, "longitude": 102.107323, "latitude": 25.172689, "province": "Yunnan", "biological_group": "动物", "chapter_label": "第三章"}, "geometry": {"type": "Point", "coordinates": [102.107323, 25.172689]}}, {"type": "Feature", "properties": {"objectid": 606, "fossil_id": 735727, "species_name": "Strigosuchus licinus n. gen. n. sp.", "geological_stage": "Sinemurian", "max_age_ma": 199.5, "min_age_ma": 192.9, "longitude": 102.107323, "latitude": 25.172689, "province": "Yunnan", "biological_group": "动物", "chapter_label": "第三章"}, "geometry": {"type": "Point", "coordinates": [102.107323, 25.172689]}}, {"type": "Feature", "properties": {"objectid": 887, "fossil_id": 1091118, "species_name": "Sinoconodon rigneyi n. gen. n. sp.", "geological_stage": "Sinemurian", "max_age_ma": 199.5, "min_age_ma": 192.9, "longitude": 102.107323, "latitude": 25.172689, "province": "Yunnan", "biological_group": "动物", "chapter_label": "第三章"}, "geometry": {"type": "Point", "coordinates": [102.107323, 25.172689]}}, {"type": "Feature", "properties": {"objectid": 925, "fossil_id": 1092283, "species_name": "Dianzhongia longirostrata n. gen. n. sp.", "geological_stage": "Sinemurian", "max_age_ma": 199.5, "min_age_ma": 192.9, "longitude": 102.107323, "latitude": 25.172689, "province": "Yunnan", "biological_group": "动物", "chapter_label": "第三章"}, "geometry": {"type": "Point", "coordinates": [102.107323, 25.172689]}}, {"type": "Feature", "properties": {"objectid": 90, "fossil_id": 259970, "species_name": "Dilophosaurus sinensis n. sp.", "geological_stage": "Hettangian", "max_age_ma": 201.4, "min_age_ma": 192.9, "longitude": 102.591942, "latitude": 24.671667, "province": "Yunnan", "biological_group": "动物", "chapter_label": "第三章"}, "geometry": {"type": "Point", "coordinates": [102.591942, 24.671667]}}, {"type": "Feature", "properties": {"objectid": 91, "fossil_id": 259971, "species_name": "Yunnanosaurus sp.", "geological_stage": "Hettangian", "max_age_ma": 201.4, "min_age_ma": 192.9, "longitude": 102.591942, "latitude": 24.671667, "province": "Yunnan", "biological_group": "动物", "chapter_label": "第三章"}, "geometry": {"type": "Point", "coordinates": [102.591942, 24.671667]}}, {"type": "Feature", "properties": {"objectid": 96, "fossil_id": 309481, "species_name": "Clathropteris <sp. 1>", "geological_stage": "Early Jurassic", "max_age_ma": 201.4, "min_age_ma": 174.7, "longitude": 102.0, "latitude": 25.9, "province": "Yunnan", "biological_group": "动物", "chapter_label": "第三章"}, "geometry": {"type": "Point", "coordinates": [102.0, 25.9]}}, {"type": "Feature", "properties": {"objectid": 97, "fossil_id": 309482, "species_name": "Desmiophyllum <sp. 1>", "geological_stage": "Early Jurassic", "max_age_ma": 201.4, "min_age_ma": 174.7, "longitude": 102.0, "latitude": 25.9, "province": "Yunnan", "biological_group": "动物", "chapter_label": "第三章"}, "geometry": {"type": "Point", "coordinates": [102.0, 25.9]}}, {"type": "Feature", "properties": {"objectid": 98, "fossil_id": 310942, "species_name": "Equisetites <sp. 1>", "geological_stage": "Rhaetian", "max_age_ma": 205.7, "min_age_ma": 201.4, "longitude": 102.5, "latitude": 25.5, "province": "Yunnan", "biological_group": "动物", "chapter_label": "第三章"}, "geometry": {"type": "Point", "coordinates": [102.5, 25.5]}}, {"type": "Feature", "properties": {"objectid": 99, "fossil_id": 310944, "species_name": "Clathropteris <sp. 1>", "geological_stage": "Rhaetian", "max_age_ma": 205.7, "min_age_ma": 201.4, "longitude": 102.5, "latitude": 25.5, "province": "Yunnan", "biological_group": "动物", "chapter_label": "第三章"}, "geometry": {"type": "Point", "coordinates": [102.5, 25.5]}}, {"type": "Feature", "properties": {"objectid": 101, "fossil_id": 310948, "species_name": "Carpolithus <sp. 1>", "geological_stage": "Rhaetian", "max_age_ma": 205.7, "min_age_ma": 201.4, "longitude": 102.5, "latitude": 25.5, "province": "Yunnan", "biological_group": "动物", "chapter_label": "第三章"}, "geometry": {"type": "Point", "coordinates": [102.5, 25.5]}}, {"type": "Feature", "properties": {"objectid": 537, "fossil_id": 492809, "species_name": "Kunmingosaurus wudingensis n. gen. n. sp.", "geological_stage": "Hettangian", "max_age_ma": 201.4, "min_age_ma": 192.9, "longitude": 102.402802, "latitude": 25.530001, "province": "Yunnan", "biological_group": "动物", "chapter_label": "第三章"}, "geometry": {"type": "Point", "coordinates": [102.402802, 25.530001]}}, {"type": "Feature", "properties": {"objectid": 135, "fossil_id": 312257, "species_name": "Cladophlebis <sp. 1>", "geological_stage": "Rhaetian", "max_age_ma": 205.7, "min_age_ma": 201.4, "longitude": 100.199997, "latitude": 26.9, "province": "Yunnan", "biological_group": "动物", "chapter_label": "第三章"}, "geometry": {"type": "Point", "coordinates": [100.199997, 26.9]}}, {"type": "Feature", "properties": {"objectid": 136, "fossil_id": 312258, "species_name": "Dictyophyllum <sp. 1>", "geological_stage": "Rhaetian", "max_age_ma": 205.7, "min_age_ma": 201.4, "longitude": 100.199997, "latitude": 26.9, "province": "Yunnan", "biological_group": "动物", "chapter_label": "第三章"}, "geometry": {"type": "Point", "coordinates": [100.199997, 26.9]}}, {"type": "Feature", "properties": {"objectid": 137, "fossil_id": 312458, "species_name": "Cladophlebis <sp. 1>", "geological_stage": "Rhaetian", "max_age_ma": 205.7, "min_age_ma": 201.4, "longitude": 101.699997, "latitude": 26.200001, "province": "Yunnan", "biological_group": "动物", "chapter_label": "第三章"}, "geometry": {"type": "Point", "coordinates": [101.699997, 26.200001]}}, {"type": "Feature", "properties": {"objectid": 141, "fossil_id": 312494, "species_name": "Anomozamites <sp. 1>", "geological_stage": "Norian", "max_age_ma": 227.3, "min_age_ma": 205.7, "longitude": 101.699997, "latitude": 26.299999, "province": "Yunnan", "biological_group": "动物", "chapter_label": "第三章"}, "geometry": {"type": "Point", "coordinates": [101.699997, 26.299999]}}, {"type": "Feature", "properties": {"objectid": 145, "fossil_id": 312498, "species_name": "Goeppertella <sp. 1>", "geological_stage": "Norian", "max_age_ma": 227.3, "min_age_ma": 205.7, "longitude": 101.699997, "latitude": 26.299999, "province": "Yunnan", "biological_group": "动物", "chapter_label": "第三章"}, "geometry": {"type": "Point", "coordinates": [101.699997, 26.299999]}}, {"type": "Feature", "properties": {"objectid": 149, "fossil_id": 312505, "species_name": "Sagenopteris <sp. 1>", "geological_stage": "Norian", "max_age_ma": 227.3, "min_age_ma": 205.7, "longitude": 101.699997, "latitude": 26.299999, "province": "Yunnan", "biological_group": "动物", "chapter_label": "第三章"}, "geometry": {"type": "Point", "coordinates": [101.699997, 26.299999]}}, {"type": "Feature", "properties": {"objectid": 154, "fossil_id": 312516, "species_name": "Dictyophyllum <sp. 1>", "geological_stage": "Carnian", "max_age_ma": 237.0, "min_age_ma": 227.3, "longitude": 99.099998, "latitude": 23.9, "province": "Yunnan", "biological_group": "动物", "chapter_label": "第三章"}, "geometry": {"type": "Point", "coordinates": [99.099998, 23.9]}}, {"type": "Feature", "properties": {"objectid": 155, "fossil_id": 312561, "species_name": "Clathropteris <sp. 1>", "geological_stage": "Rhaetian", "max_age_ma": 205.7, "min_age_ma": 201.4, "longitude": 100.599998, "latitude": 25.5, "province": "Yunnan", "biological_group": "动物", "chapter_label": "第三章"}, "geometry": {"type": "Point", "coordinates": [100.599998, 25.5]}}, {"type": "Feature", "properties": {"objectid": 970, "fossil_id": 1251948, "species_name": "Sinuplicorhynchia pentagona", "geological_stage": "Tuvalian", "max_age_ma": 233.6, "min_age_ma": 227.3, "longitude": 100.644997, "latitude": 25.469999, "province": "Yunnan", "biological_group": "动物", "chapter_label": "第三章"}, "geometry": {"type": "Point", "coordinates": [100.644997, 25.469999]}}, {"type": "Feature", "properties": {"objectid": 1030, "fossil_id": 1252096, "species_name": "Tropites cf. subbullatus", "geological_stage": "Tuvalian", "max_age_ma": 233.6, "min_age_ma": 227.3, "longitude": 100.644997, "latitude": 25.469999, "province": "Yunnan", "biological_group": "动物", "chapter_label": "第三章"}, "geometry": {"type": "Point", "coordinates": [100.644997, 25.469999]}}, {"type": "Feature", "properties": {"objectid": 1045, "fossil_id": 1252111, "species_name": "Sisenna xiangyunensis n. sp.", "geological_stage": "Carnian", "max_age_ma": 237.0, "min_age_ma": 227.3, "longitude": 100.690002, "latitude": 25.379999, "province": "Yunnan", "biological_group": "动物", "chapter_label": "第三章"}, "geometry": {"type": "Point", "coordinates": [100.690002, 25.379999]}}, {"type": "Feature", "properties": {"objectid": 158, "fossil_id": 313230, "species_name": "Clathropteris <sp. 1>", "geological_stage": "Rhaetian", "max_age_ma": 205.7, "min_age_ma": 201.4, "longitude": 100.800003, "latitude": 27.200001, "province": "Yunnan", "biological_group": "动物", "chapter_label": "第三章"}, "geometry": {"type": "Point", "coordinates": [100.800003, 27.200001]}}, {"type": "Feature", "properties": {"objectid": 159, "fossil_id": 313233, "species_name": "Stenorachis <sp. 1>", "geological_stage": "Rhaetian", "max_age_ma": 205.7, "min_age_ma": 201.4, "longitude": 100.800003, "latitude": 27.200001, "province": "Yunnan", "biological_group": "动物", "chapter_label": "第三章"}, "geometry": {"type": "Point", "coordinates": [100.800003, 27.200001]}}, {"type": "Feature", "properties": {"objectid": 880, "fossil_id": 1070929, "species_name": "Ningliconcha ningliensis n. sp.", "geological_stage": "Norian", "max_age_ma": 227.3, "min_age_ma": 205.7, "longitude": 100.800003, "latitude": 27.233334, "province": "Yunnan", "biological_group": "动物", "chapter_label": "第三章"}, "geometry": {"type": "Point", "coordinates": [100.800003, 27.233334]}}, {"type": "Feature", "properties": {"objectid": 974, "fossil_id": 1251962, "species_name": "Septaliphoria yunnanensis", "geological_stage": "Late Triassic", "max_age_ma": 237.0, "min_age_ma": 201.4, "longitude": 100.769997, "latitude": 27.25, "province": "Yunnan", "biological_group": "动物", "chapter_label": "第三章"}, "geometry": {"type": "Point", "coordinates": [100.769997, 27.25]}}, {"type": "Feature", "properties": {"objectid": 160, "fossil_id": 348457, "species_name": "Cassianopora hei n. sp.", "geological_stage": "Lacian", "max_age_ma": 227.3, "min_age_ma": 215.38, "longitude": 100.879997, "latitude": 27.280001, "province": "Yunnan", "biological_group": "动物", "chapter_label": "第三章"}, "geometry": {"type": "Point", "coordinates": [100.879997, 27.280001]}}, {"type": "Feature", "properties": {"objectid": 881, "fossil_id": 1070930, "species_name": "Ningliconcha ningliensis", "geological_stage": "Norian", "max_age_ma": 227.3, "min_age_ma": 205.7, "longitude": 100.933334, "latitude": 27.200001, "province": "Yunnan", "biological_group": "动物", "chapter_label": "第三章"}, "geometry": {"type": "Point", "coordinates": [100.933334, 27.200001]}}, {"type": "Feature", "properties": {"objectid": 1003, "fossil_id": 1252015, "species_name": "Ninglangothyris subcircularis n. gen. n. sp.", "geological_stage": "Carnian", "max_age_ma": 237.0, "min_age_ma": 227.3, "longitude": 100.885002, "latitude": 27.280001, "province": "Yunnan", "biological_group": "动物", "chapter_label": "第三章"}, "geometry": {"type": "Point", "coordinates": [100.885002, 27.280001]}}, {"type": "Feature", "properties": {"objectid": 1042, "fossil_id": 1252108, "species_name": "Sisenna elegansa n. sp.", "geological_stage": "Norian", "max_age_ma": 227.3, "min_age_ma": 205.7, "longitude": 100.885002, "latitude": 27.280001, "province": "Yunnan", "biological_group": "动物", "chapter_label": "第三章"}, "geometry": {"type": "Point", "coordinates": [100.885002, 27.280001]}}, {"type": "Feature", "properties": {"objectid": 161, "fossil_id": 384379, "species_name": "Stegodon cf. zhaotongensis", "geological_stage": "Pleistocene", "max_age_ma": 2.58, "min_age_ma": 0.0117, "longitude": 100.940002, "latitude": 24.870001, "province": "Yunnan", "biological_group": "动物", "chapter_label": "第三章"}, "geometry": {"type": "Point", "coordinates": [100.940002, 24.870001]}}, {"type": "Feature", "properties": {"objectid": 180, "fossil_id": 384486, "species_name": "Hyaena sp.", "geological_stage": "Pleistocene", "max_age_ma": 2.58, "min_age_ma": 0.0117, "longitude": 100.940002, "latitude": 24.870001, "province": "Yunnan", "biological_group": "动物", "chapter_label": "第三章"}, "geometry": {"type": "Point", "coordinates": [100.940002, 24.870001]}}, {"type": "Feature", "properties": {"objectid": 200, "fossil_id": 384507, "species_name": "Ilyocypris cornae", "geological_stage": "Pleistocene", "max_age_ma": 2.58, "min_age_ma": 0.0117, "longitude": 100.940002, "latitude": 24.870001, "province": "Yunnan", "biological_group": "动物", "chapter_label": "第三章"}, "geometry": {"type": "Point", "coordinates": [100.940002, 24.870001]}}, {"type": "Feature", "properties": {"objectid": 219, "fossil_id": 384526, "species_name": "Nestoritherium sp.", "geological_stage": "Pleistocene", "max_age_ma": 2.58, "min_age_ma": 0.0117, "longitude": 100.940002, "latitude": 24.870001, "province": "Yunnan", "biological_group": "动物", "chapter_label": "第三章"}, "geometry": {"type": "Point", "coordinates": [100.940002, 24.870001]}}, {"type": "Feature", "properties": {"objectid": 239, "fossil_id": 385016, "species_name": "Parabrontops lunanensis n. sp.", "geological_stage": "Middle Eocene", "max_age_ma": 48.07, "min_age_ma": 37.71, "longitude": 103.330002, "latitude": 24.76, "province": "Yunnan", "biological_group": "动物", "chapter_label": "第三章"}, "geometry": {"type": "Point", "coordinates": [103.330002, 24.76]}}, {"type": "Feature", "properties": {"objectid": 1210, "fossil_id": 1310189, "species_name": "Lophialetes cf. expeditus", "geological_stage": "Middle Eocene", "max_age_ma": 48.07, "min_age_ma": 37.71, "longitude": 103.330002, "latitude": 24.76, "province": "Yunnan", "biological_group": "动物", "chapter_label": "第三章"}, "geometry": {"type": "Point", "coordinates": [103.330002, 24.76]}}, {"type": "Feature", "properties": {"objectid": 1230, "fossil_id": 1338525, "species_name": "Prohyracodon sp.", "geological_stage": "Middle Eocene", "max_age_ma": 48.07, "min_age_ma": 37.71, "longitude": 103.330002, "latitude": 24.76, "province": "Yunnan", "biological_group": "动物", "chapter_label": "第三章"}, "geometry": {"type": "Point", "coordinates": [103.330002, 24.76]}}, {"type": "Feature", "properties": {"objectid": 1258, "fossil_id": 1349706, "species_name": "Amynodon altidens n. sp.", "geological_stage": "Middle Eocene", "max_age_ma": 48.07, "min_age_ma": 37.71, "longitude": 103.330002, "latitude": 24.76, "province": "Yunnan", "biological_group": "动物", "chapter_label": "第三章"}, "geometry": {"type": "Point", "coordinates": [103.330002, 24.76]}}, {"type": "Feature", "properties": {"objectid": 273, "fossil_id": 434961, "species_name": "Dryopithecus keiyuanensis n. sp.", "geological_stage": "Miocene", "max_age_ma": 23.04, "min_age_ma": 5.333, "longitude": 103.246109, "latitude": 23.711111, "province": "Yunnan", "biological_group": "动物", "chapter_label": "第三章"}, "geometry": {"type": "Point", "coordinates": [103.246109, 23.711111]}}, {"type": "Feature", "properties": {"objectid": 274, "fossil_id": 434962, "species_name": "Tetralophodon sp.", "geological_stage": "Miocene", "max_age_ma": 23.04, "min_age_ma": 5.333, "longitude": 103.246109, "latitude": 23.711111, "province": "Yunnan", "biological_group": "动物", "chapter_label": "第三章"}, "geometry": {"type": "Point", "coordinates": [103.246109, 23.711111]}}, {"type": "Feature", "properties": {"objectid": 1325, "fossil_id": 1439718, "species_name": "Yunnanophorus boulei n. sp.", "geological_stage": "Norian", "max_age_ma": 227.3, "min_age_ma": 205.7, "longitude": 103.346107, "latitude": 23.671389, "province": "Yunnan", "biological_group": "动物", "chapter_label": "第三章"}, "geometry": {"type": "Point", "coordinates": [103.346107, 23.671389]}}, {"type": "Feature", "properties": {"objectid": 275, "fossil_id": 435355, "species_name": "Stegolophodon banguoensis n. sp.", "geological_stage": "Pliocene", "max_age_ma": 5.333, "min_age_ma": 2.58, "longitude": 101.866669, "latitude": 25.700001, "province": "Yunnan", "biological_group": "动物", "chapter_label": "第三章"}, "geometry": {"type": "Point", "coordinates": [101.866669, 25.700001]}}, {"type": "Feature", "properties": {"objectid": 283, "fossil_id": 435364, "species_name": "Sus sp.", "geological_stage": "Pliocene", "max_age_ma": 5.333, "min_age_ma": 2.58, "longitude": 101.866669, "latitude": 25.700001, "province": "Yunnan", "biological_group": "动物", "chapter_label": "第三章"}, "geometry": {"type": "Point", "coordinates": [101.866669, 25.700001]}}, {"type": "Feature", "properties": {"objectid": 2068, "fossil_id": 1659654, "species_name": "Heteroeomys yunnanensis", "geological_stage": "Late Miocene", "max_age_ma": 11.63, "min_age_ma": 5.333, "longitude": 101.881371, "latitude": 25.73811, "province": "Yunnan", "biological_group": "动物", "chapter_label": "第三章"}, "geometry": {"type": "Point", "coordinates": [101.881371, 25.73811]}}, {"type": "Feature", "properties": {"objectid": 2076, "fossil_id": 1659939, "species_name": "Typhlomys hipparionum", "geological_stage": "Late Miocene", "max_age_ma": 11.63, "min_age_ma": 5.333, "longitude": 101.881371, "latitude": 25.73811, "province": "Yunnan", "biological_group": "动物", "chapter_label": "第三章"}, "geometry": {"type": "Point", "coordinates": [101.881371, 25.73811]}}, {"type": "Feature", "properties": {"objectid": 530, "fossil_id": 474638, "species_name": "Gyposaurus sinensis", "geological_stage": "Sinemurian", "max_age_ma": 199.5, "min_age_ma": 192.9, "longitude": 104.083298, "latitude": 25.683331, "province": "Yunnan", "biological_group": "动物", "chapter_label": "第三章"}, "geometry": {"type": "Point", "coordinates": [104.083298, 25.683331]}}, {"type": "Feature", "properties": {"objectid": 876, "fossil_id": 1058570, "species_name": "Yunguisaurus liae", "geological_stage": "Ladinian", "max_age_ma": 241.464, "min_age_ma": 237.0, "longitude": 104.254997, "latitude": 25.674168, "province": "Yunnan", "biological_group": "动物", "chapter_label": "第三章"}, "geometry": {"type": "Point", "coordinates": [104.254997, 25.674168]}}, {"type": "Feature", "properties": {"objectid": 909, "fossil_id": 1092255, "species_name": "Yunnanosaurus huangi", "geological_stage": "Sinemurian", "max_age_ma": 199.5, "min_age_ma": 192.9, "longitude": 104.083298, "latitude": 25.683331, "province": "Yunnan", "biological_group": "动物", "chapter_label": "第三章"}, "geometry": {"type": "Point", "coordinates": [104.083298, 25.683331]}}, {"type": "Feature", "properties": {"objectid": 1252, "fossil_id": 1349599, "species_name": "Indricotherium qujingensis n. sp.", "geological_stage": "Late Eocene", "max_age_ma": 37.71, "min_age_ma": 33.9, "longitude": 104.224442, "latitude": 25.615557, "province": "Yunnan", "biological_group": "动物", "chapter_label": "第三章"}, "geometry": {"type": "Point", "coordinates": [104.224442, 25.615557]}}, {"type": "Feature", "properties": {"objectid": 542, "fossil_id": 492832, "species_name": "Chinshakiangosaurus chunghoensis n. gen. n. sp.", "geological_stage": "Hettangian", "max_age_ma": 201.4, "min_age_ma": 199.5, "longitude": 101.416702, "latitude": 26.1667, "province": "Yunnan", "biological_group": "动物", "chapter_label": "第三章"}, "geometry": {"type": "Point", "coordinates": [101.416702, 26.1667]}}, {"type": "Feature", "properties": {"objectid": 543, "fossil_id": 493043, "species_name": "Tyrannosaurus lanpingensis n. sp.", "geological_stage": "Late Cretaceous", "max_age_ma": 100.5, "min_age_ma": 66.0, "longitude": 99.48333, "latitude": 26.5, "province": "Yunnan", "biological_group": "动物", "chapter_label": "第三章"}, "geometry": {"type": "Point", "coordinates": [99.48333, 26.5]}}, {"type": "Feature", "properties": {"objectid": 796, "fossil_id": 890740, "species_name": "Bakevellia dianxiensis n. sp.", "geological_stage": "Anisian", "max_age_ma": 246.7, "min_age_ma": 241.464, "longitude": 99.580002, "latitude": 26.540001, "province": "Yunnan", "biological_group": "动物", "chapter_label": "第三章"}, "geometry": {"type": "Point", "coordinates": [99.580002, 26.540001]}}, {"type": "Feature", "properties": {"objectid": 801, "fossil_id": 890745, "species_name": "Trigonodus subrhombus n. sp.", "geological_stage": "Anisian", "max_age_ma": 246.7, "min_age_ma": 241.464, "longitude": 99.580002, "latitude": 26.540001, "province": "Yunnan", "biological_group": "动物", "chapter_label": "第三章"}, "geometry": {"type": "Point", "coordinates": [99.580002, 26.540001]}}, {"type": "Feature", "properties": {"objectid": 1324, "fossil_id": 1439715, "species_name": "Eolamprotula (Yanquia) yanquensis n. sp.", "geological_stage": "Middle Jurassic", "max_age_ma": 174.7, "min_age_ma": 161.5, "longitude": 99.668053, "latitude": 26.364445, "province": "Yunnan", "biological_group": "动物", "chapter_label": "第三章"}, "geometry": {"type": "Point", "coordinates": [99.668053, 26.364445]}}, {"type": "Feature", "properties": {"objectid": 545, "fossil_id": 513242, "species_name": "Eshanosaurus deguchiianus n. gen. n. sp.", "geological_stage": "Hettangian", "max_age_ma": 201.4, "min_age_ma": 199.5, "longitude": 102.401901, "latitude": 24.173901, "province": "Yunnan", "biological_group": "动物", "chapter_label": "第三章"}, "geometry": {"type": "Point", "coordinates": [102.401901, 24.173901]}}, {"type": "Feature", "properties": {"objectid": 552, "fossil_id": 539205, "species_name": "Yimenosaurus youngi n. gen. n. sp.", "geological_stage": "Hettangian", "max_age_ma": 201.4, "min_age_ma": 199.5, "longitude": 102.542198, "latitude": 24.355, "province": "Yunnan", "biological_group": "动物", "chapter_label": "第三章"}, "geometry": {"type": "Point", "coordinates": [102.542198, 24.355]}}, {"type": "Feature", "properties": {"objectid": 912, "fossil_id": 1092264, "species_name": "Chelonia indet.", "geological_stage": "Middle Jurassic", "max_age_ma": 174.7, "min_age_ma": 161.5, "longitude": 102.366669, "latitude": 24.333332, "province": "Yunnan", "biological_group": "动物", "chapter_label": "第三章"}, "geometry": {"type": "Point", "coordinates": [102.366669, 24.333332]}}, {"type": "Feature", "properties": {"objectid": 2026, "fossil_id": 1589222, "species_name": "aff. Lepidotus sp.", "geological_stage": "Middle Jurassic", "max_age_ma": 174.7, "min_age_ma": 161.5, "longitude": 102.366669, "latitude": 24.333332, "province": "Yunnan", "biological_group": "动物", "chapter_label": "第三章"}, "geometry": {"type": "Point", "coordinates": [102.366669, 24.333332]}}, {"type": "Feature", "properties": {"objectid": 546, "fossil_id": 519606, "species_name": "Grallator limosus n. sp.", "geological_stage": "Hettangian", "max_age_ma": 201.4, "min_age_ma": 199.5, "longitude": 102.296112, "latitude": 24.463888, "province": "Yunnan", "biological_group": "动物", "chapter_label": "第三章"}, "geometry": {"type": "Point", "coordinates": [102.296112, 24.463888]}}, {"type": "Feature", "properties": {"objectid": 547, "fossil_id": 519609, "species_name": "Schizograllator xiaohebaensis n. gen. n. sp.", "geological_stage": "Hettangian", "max_age_ma": 201.4, "min_age_ma": 199.5, "longitude": 102.296112, "latitude": 24.463888, "province": "Yunnan", "biological_group": "动物", "chapter_label": "第三章"}, "geometry": {"type": "Point", "coordinates": [102.296112, 24.463888]}}, {"type": "Feature", "properties": {"objectid": 549, "fossil_id": 519611, "species_name": "Eubrontes platypus", "geological_stage": "Hettangian", "max_age_ma": 201.4, "min_age_ma": 199.5, "longitude": 102.296112, "latitude": 24.463888, "province": "Yunnan", "biological_group": "动物", "chapter_label": "第三章"}, "geometry": {"type": "Point", "coordinates": [102.296112, 24.463888]}}, {"type": "Feature", "properties": {"objectid": 550, "fossil_id": 519612, "species_name": "Youngichnus xiyangensis n. gen. n. sp.", "geological_stage": "Hettangian", "max_age_ma": 201.4, "min_age_ma": 199.5, "longitude": 102.296112, "latitude": 24.463888, "province": "Yunnan", "biological_group": "动物", "chapter_label": "第三章"}, "geometry": {"type": "Point", "coordinates": [102.296112, 24.463888]}}, {"type": "Feature", "properties": {"objectid": 554, "fossil_id": 566799, "species_name": "Gyposaurus sinensis", "geological_stage": "Sinemurian", "max_age_ma": 199.5, "min_age_ma": 192.9, "longitude": 101.958885, "latitude": 25.141666, "province": "Yunnan", "biological_group": "动物", "chapter_label": "第三章"}, "geometry": {"type": "Point", "coordinates": [101.958885, 25.141666]}}, {"type": "Feature", "properties": {"objectid": 820, "fossil_id": 902090, "species_name": "Clevosaurus mcgilli n. sp.", "geological_stage": "Sinemurian", "max_age_ma": 199.5, "min_age_ma": 192.9, "longitude": 101.98333, "latitude": 25.15, "province": "Yunnan", "biological_group": "动物", "chapter_label": "第三章"}, "geometry": {"type": "Point", "coordinates": [101.98333, 25.15]}}, {"type": "Feature", "properties": {"objectid": 961, "fossil_id": 1248956, "species_name": "Neorthophlebia yunnanensis n. sp.", "geological_stage": "Oxfordian", "max_age_ma": 161.5, "min_age_ma": 149.2, "longitude": 101.769997, "latitude": 25.049999, "province": "Yunnan", "biological_group": "动物", "chapter_label": "第三章"}, "geometry": {"type": "Point", "coordinates": [101.769997, 25.049999]}}, {"type": "Feature", "properties": {"objectid": 2046, "fossil_id": 1625163, "species_name": "Sinosaurus triassicus", "geological_stage": "Hettangian", "max_age_ma": 201.4, "min_age_ma": 192.9, "longitude": 101.98333, "latitude": 25.15, "province": "Yunnan", "biological_group": "动物", "chapter_label": "第三章"}, "geometry": {"type": "Point", "coordinates": [101.98333, 25.15]}}, {"type": "Feature", "properties": {"objectid": 558, "fossil_id": 575229, "species_name": "Chuxiongpus changlingensis n. gen. n. sp.", "geological_stage": "Turonian", "max_age_ma": 93.9, "min_age_ma": 85.7, "longitude": 101.675552, "latitude": 25.041111, "province": "Yunnan", "biological_group": "动物", "chapter_label": "第三章"}, "geometry": {"type": "Point", "coordinates": [101.675552, 25.041111]}}, {"type": "Feature", "properties": {"objectid": 560, "fossil_id": 575486, "species_name": "Chuxiongpus sp.", "geological_stage": "Turonian", "max_age_ma": 93.9, "min_age_ma": 85.7, "longitude": 101.670555, "latitude": 25.039722, "province": "Yunnan", "biological_group": "动物", "chapter_label": "第三章"}, "geometry": {"type": "Point", "coordinates": [101.670555, 25.039722]}}, {"type": "Feature", "properties": {"objectid": 562, "fossil_id": 575488, "species_name": "? Theropoda indet.", "geological_stage": "Turonian", "max_age_ma": 93.9, "min_age_ma": 85.7, "longitude": 101.669167, "latitude": 25.038334, "province": "Yunnan", "biological_group": "动物", "chapter_label": "第三章"}, "geometry": {"type": "Point", "coordinates": [101.669167, 25.038334]}}, {"type": "Feature", "properties": {"objectid": 564, "fossil_id": 575892, "species_name": "Brontopodus sp.", "geological_stage": "Turonian", "max_age_ma": 93.9, "min_age_ma": 85.7, "longitude": 101.675552, "latitude": 25.041111, "province": "Yunnan", "biological_group": "动物", "chapter_label": "第三章"}, "geometry": {"type": "Point", "coordinates": [101.675552, 25.041111]}}, {"type": "Feature", "properties": {"objectid": 565, "fossil_id": 598769, "species_name": "Lingula borealis", "geological_stage": "Griesbachian", "max_age_ma": 251.902, "min_age_ma": 250.5, "longitude": 104.375, "latitude": 25.834999, "province": "Yunnan", "biological_group": "动物", "chapter_label": "第三章"}, "geometry": {"type": "Point", "coordinates": [104.375, 25.834999]}}, {"type": "Feature", "properties": {"objectid": 836, "fossil_id": 957948, "species_name": "Neoschizodus cf. laevigatus", "geological_stage": "Griesbachian", "max_age_ma": 251.902, "min_age_ma": 250.5, "longitude": 104.375, "latitude": 25.834999, "province": "Yunnan", "biological_group": "动物", "chapter_label": "第三章"}, "geometry": {"type": "Point", "coordinates": [104.375, 25.834999]}}, {"type": "Feature", "properties": {"objectid": 844, "fossil_id": 957956, "species_name": "Lingularia sp.", "geological_stage": "Griesbachian", "max_age_ma": 251.902, "min_age_ma": 250.5, "longitude": 104.375, "latitude": 25.834999, "province": "Yunnan", "biological_group": "动物", "chapter_label": "第三章"}, "geometry": {"type": "Point", "coordinates": [104.375, 25.834999]}}, {"type": "Feature", "properties": {"objectid": 852, "fossil_id": 957964, "species_name": "Pteria ussurica variabilis", "geological_stage": "Griesbachian", "max_age_ma": 251.902, "min_age_ma": 250.5, "longitude": 104.375, "latitude": 25.834999, "province": "Yunnan", "biological_group": "动物", "chapter_label": "第三章"}, "geometry": {"type": "Point", "coordinates": [104.375, 25.834999]}}, {"type": "Feature", "properties": {"objectid": 566, "fossil_id": 602115, "species_name": "Yuanmousaurus jiangyiensis n. gen. n. sp.", "geological_stage": "Middle Jurassic", "max_age_ma": 174.7, "min_age_ma": 161.5, "longitude": 101.90889, "latitude": 25.947222, "province": "Yunnan", "biological_group": "动物", "chapter_label": "第三章"}, "geometry": {"type": "Point", "coordinates": [101.90889, 25.947222]}}, {"type": "Feature", "properties": {"objectid": 636, "fossil_id": 826867, "species_name": "Eomamenchisaurus yuanmouensis n. gen. n. sp.", "geological_stage": "Middle Jurassic", "max_age_ma": 174.7, "min_age_ma": 161.5, "longitude": 101.90889, "latitude": 25.947222, "province": "Yunnan", "biological_group": "动物", "chapter_label": "第三章"}, "geometry": {"type": "Point", "coordinates": [101.90889, 25.947222]}}, {"type": "Feature", "properties": {"objectid": 1532, "fossil_id": 1574690, "species_name": "Yunnanosaurus youngi n. sp.", "geological_stage": "Pliensbachian", "max_age_ma": 192.9, "min_age_ma": 184.2, "longitude": 101.90889, "latitude": 25.947222, "province": "Yunnan", "biological_group": "动物", "chapter_label": "第三章"}, "geometry": {"type": "Point", "coordinates": [101.90889, 25.947222]}}, {"type": "Feature", "properties": {"objectid": 573, "fossil_id": 621563, "species_name": "Lufengopus dongi n. gen. n. sp.", "geological_stage": "Middle Jurassic", "max_age_ma": 174.7, "min_age_ma": 161.5, "longitude": 102.078056, "latitude": 24.130278, "province": "Yunnan", "biological_group": "动物", "chapter_label": "第三章"}, "geometry": {"type": "Point", "coordinates": [102.078056, 24.130278]}}, {"type": "Feature", "properties": {"objectid": 577, "fossil_id": 658906, "species_name": "Stegodon sp.", "geological_stage": "Early Pleistocene", "max_age_ma": 2.58, "min_age_ma": 0.774, "longitude": 103.75, "latitude": 24.950001, "province": "Yunnan", "biological_group": "动物", "chapter_label": "第三章"}, "geometry": {"type": "Point", "coordinates": [103.75, 24.950001]}}, {"type": "Feature", "properties": {"objectid": 579, "fossil_id": 658908, "species_name": "Equus yunnanensis n. sp.", "geological_stage": "Early Pleistocene", "max_age_ma": 2.58, "min_age_ma": 0.774, "longitude": 103.75, "latitude": 24.950001, "province": "Yunnan", "biological_group": "动物", "chapter_label": "第三章"}, "geometry": {"type": "Point", "coordinates": [103.75, 24.950001]}}, {"type": "Feature", "properties": {"objectid": 582, "fossil_id": 658911, "species_name": "Bos sp.", "geological_stage": "Early Pleistocene", "max_age_ma": 2.58, "min_age_ma": 0.774, "longitude": 103.75, "latitude": 24.950001, "province": "Yunnan", "biological_group": "动物", "chapter_label": "第三章"}, "geometry": {"type": "Point", "coordinates": [103.75, 24.950001]}}, {"type": "Feature", "properties": {"objectid": 1253, "fossil_id": 1349662, "species_name": "Indricotherium intermedium", "geological_stage": "Late Eocene", "max_age_ma": 37.71, "min_age_ma": 33.9, "longitude": 103.989998, "latitude": 24.828056, "province": "Yunnan", "biological_group": "动物", "chapter_label": "第三章"}, "geometry": {"type": "Point", "coordinates": [103.989998, 24.828056]}}, {"type": "Feature", "properties": {"objectid": 593, "fossil_id": 733119, "species_name": "Margarophyllia vortica n. sp.", "geological_stage": "Pelsonian", "max_age_ma": 244.24, "min_age_ma": 241.464, "longitude": 106.690002, "latitude": 26.344, "province": "Yunnan", "biological_group": "动物", "chapter_label": "第三章"}, "geometry": {"type": "Point", "coordinates": [106.690002, 26.344]}}, {"type": "Feature", "properties": {"objectid": 1356, "fossil_id": 1486137, "species_name": "Nudirostralina minuta n. sp.", "geological_stage": "Pelsonian", "max_age_ma": 244.24, "min_age_ma": 241.464, "longitude": 106.693611, "latitude": 26.339443, "province": "Yunnan", "biological_group": "动物", "chapter_label": "第三章"}, "geometry": {"type": "Point", "coordinates": [106.693611, 26.339443]}}, {"type": "Feature", "properties": {"objectid": 1364, "fossil_id": 1486154, "species_name": "Schwagerispira fuchsi", "geological_stage": "Pelsonian", "max_age_ma": 244.24, "min_age_ma": 241.464, "longitude": 106.693611, "latitude": 26.339443, "province": "Yunnan", "biological_group": "动物", "chapter_label": "第三章"}, "geometry": {"type": "Point", "coordinates": [106.693611, 26.339443]}}, {"type": "Feature", "properties": {"objectid": 1372, "fossil_id": 1486170, "species_name": "Qingyenia spinosa", "geological_stage": "Pelsonian", "max_age_ma": 244.24, "min_age_ma": 241.464, "longitude": 106.693611, "latitude": 26.339443, "province": "Yunnan", "biological_group": "动物", "chapter_label": "第三章"}, "geometry": {"type": "Point", "coordinates": [106.693611, 26.339443]}}, {"type": "Feature", "properties": {"objectid": 600, "fossil_id": 733126, "species_name": "Margarophyllia zhenfengensis", "geological_stage": "Ladinian", "max_age_ma": 241.464, "min_age_ma": 237.0, "longitude": 104.290001, "latitude": 24.620001, "province": "Yunnan", "biological_group": "动物", "chapter_label": "第三章"}, "geometry": {"type": "Point", "coordinates": [104.290001, 24.620001]}}, {"type": "Feature", "properties": {"objectid": 875, "fossil_id": 1040944, "species_name": "Palinuridae indet.", "geological_stage": "Pelsonian", "max_age_ma": 244.24, "min_age_ma": 243.33, "longitude": 104.334999, "latitude": 24.709723, "province": "Yunnan", "biological_group": "动物", "chapter_label": "第三章"}, "geometry": {"type": "Point", "coordinates": [104.334999, 24.709723]}}, {"type": "Feature", "properties": {"objectid": 1236, "fossil_id": 1343366, "species_name": "Venusichthys comptus n. gen. n. sp.", "geological_stage": "Pelsonian", "max_age_ma": 244.24, "min_age_ma": 243.33, "longitude": 104.334999, "latitude": 24.709723, "province": "Yunnan", "biological_group": "动物", "chapter_label": "第三章"}, "geometry": {"type": "Point", "coordinates": [104.334999, 24.709723]}}, {"type": "Feature", "properties": {"objectid": 1290, "fossil_id": 1400392, "species_name": "Asialepidotus shingyiensis", "geological_stage": "Longobardian", "max_age_ma": 239.48, "min_age_ma": 237.0, "longitude": 104.334999, "latitude": 24.709723, "province": "Yunnan", "biological_group": "动物", "chapter_label": "第三章"}, "geometry": {"type": "Point", "coordinates": [104.334999, 24.709723]}}, {"type": "Feature", "properties": {"objectid": 631, "fossil_id": 788214, "species_name": "Sinolingularia huananensis", "geological_stage": "Griesbachian", "max_age_ma": 251.902, "min_age_ma": 250.5, "longitude": 104.019997, "latitude": 26.25, "province": "Yunnan", "biological_group": "动物", "chapter_label": "第三章"}, "geometry": {"type": "Point", "coordinates": [104.019997, 26.25]}}, {"type": "Feature", "properties": {"objectid": 823, "fossil_id": 920366, "species_name": "Claraia guizhouensis", "geological_stage": "Dienerian", "max_age_ma": 250.5, "min_age_ma": 249.9, "longitude": 104.099998, "latitude": 26.200001, "province": "Yunnan", "biological_group": "动物", "chapter_label": "第三章"}, "geometry": {"type": "Point", "coordinates": [104.099998, 26.200001]}}, {"type": "Feature", "properties": {"objectid": 1698, "fossil_id": 1584807, "species_name": "Quercus championii", "geological_stage": "Early Pleistocene", "max_age_ma": 2.58, "min_age_ma": 0.774, "longitude": 104.0, "latitude": 26.333332, "province": "Yunnan", "biological_group": "动物", "chapter_label": "第三章"}, "geometry": {"type": "Point", "coordinates": [104.0, 26.333332]}}, {"type": "Feature", "properties": {"objectid": 1724, "fossil_id": 1584862, "species_name": "Quercus semicarpifolia", "geological_stage": "Early Pleistocene", "max_age_ma": 2.58, "min_age_ma": 0.774, "longitude": 104.0, "latitude": 26.333332, "province": "Yunnan", "biological_group": "动物", "chapter_label": "第三章"}, "geometry": {"type": "Point", "coordinates": [104.0, 26.333332]}}, {"type": "Feature", "properties": {"objectid": 633, "fossil_id": 795720, "species_name": "Theropoda indet.", "geological_stage": "Middle Jurassic", "max_age_ma": 174.7, "min_age_ma": 143.1, "longitude": 101.668053, "latitude": 24.381945, "province": "Yunnan", "biological_group": "动物", "chapter_label": "第三章"}, "geometry": {"type": "Point", "coordinates": [101.668053, 24.381945]}}, {"type": "Feature", "properties": {"objectid": 634, "fossil_id": 795721, "species_name": "Dinosauria indet.", "geological_stage": "Middle Jurassic", "max_age_ma": 174.7, "min_age_ma": 143.1, "longitude": 101.668053, "latitude": 24.381945, "province": "Yunnan", "biological_group": "动物", "chapter_label": "第三章"}, "geometry": {"type": "Point", "coordinates": [101.668053, 24.381945]}}, {"type": "Feature", "properties": {"objectid": 1343, "fossil_id": 1454104, "species_name": "Brontopodus sp.", "geological_stage": "Middle Jurassic", "max_age_ma": 174.7, "min_age_ma": 143.1, "longitude": 101.668053, "latitude": 24.381945, "province": "Yunnan", "biological_group": "动物", "chapter_label": "第三章"}, "geometry": {"type": "Point", "coordinates": [101.668053, 24.381945]}}, {"type": "Feature", "properties": {"objectid": 1345, "fossil_id": 1454106, "species_name": "Theropoda <indet. B>", "geological_stage": "Middle Jurassic", "max_age_ma": 174.7, "min_age_ma": 143.1, "longitude": 101.668053, "latitude": 24.381945, "province": "Yunnan", "biological_group": "动物", "chapter_label": "第三章"}, "geometry": {"type": "Point", "coordinates": [101.668053, 24.381945]}}, {"type": "Feature", "properties": {"objectid": 639, "fossil_id": 859173, "species_name": "Triassocampe sulovensis", "geological_stage": "Anisian", "max_age_ma": 246.7, "min_age_ma": 241.464, "longitude": 99.683334, "latitude": 22.65, "province": "Yunnan", "biological_group": "动物", "chapter_label": "第三章"}, "geometry": {"type": "Point", "coordinates": [99.683334, 22.65]}}, {"type": "Feature", "properties": {"objectid": 673, "fossil_id": 859207, "species_name": "Neopaurinella kozuri n. sp.", "geological_stage": "Anisian", "max_age_ma": 246.7, "min_age_ma": 241.464, "longitude": 99.683334, "latitude": 22.65, "province": "Yunnan", "biological_group": "动物", "chapter_label": "第三章"}, "geometry": {"type": "Point", "coordinates": [99.683334, 22.65]}}, {"type": "Feature", "properties": {"objectid": 708, "fossil_id": 859244, "species_name": "Tiborella florida", "geological_stage": "Anisian", "max_age_ma": 246.7, "min_age_ma": 241.464, "longitude": 99.683334, "latitude": 22.65, "province": "Yunnan", "biological_group": "动物", "chapter_label": "第三章"}, "geometry": {"type": "Point", "coordinates": [99.683334, 22.65]}}, {"type": "Feature", "properties": {"objectid": 742, "fossil_id": 859278, "species_name": "Striatotriassocampe yini", "geological_stage": "Anisian", "max_age_ma": 246.7, "min_age_ma": 241.464, "longitude": 99.683334, "latitude": 22.65, "province": "Yunnan", "biological_group": "动物", "chapter_label": "第三章"}, "geometry": {"type": "Point", "coordinates": [99.683334, 22.65]}}, {"type": "Feature", "properties": {"objectid": 775, "fossil_id": 883311, "species_name": "Protamphisopus baii n. sp.", "geological_stage": "Pelsonian", "max_age_ma": 244.24, "min_age_ma": 243.33, "longitude": 104.327904, "latitude": 24.779699, "province": "Yunnan", "biological_group": "动物", "chapter_label": "第三章"}, "geometry": {"type": "Point", "coordinates": [104.327904, 24.779699]}}, {"type": "Feature", "properties": {"objectid": 878, "fossil_id": 1061302, "species_name": "Sinosaurichthys minuta n. sp.", "geological_stage": "Pelsonian", "max_age_ma": 244.24, "min_age_ma": 243.33, "longitude": 104.327904, "latitude": 24.779699, "province": "Yunnan", "biological_group": "动物", "chapter_label": "第三章"}, "geometry": {"type": "Point", "coordinates": [104.327904, 24.779699]}}, {"type": "Feature", "properties": {"objectid": 1179, "fossil_id": 1276554, "species_name": "Luoxiongichthys hyperdorsalis n. gen. n. sp.", "geological_stage": "Pelsonian", "max_age_ma": 244.24, "min_age_ma": 243.33, "longitude": 104.327904, "latitude": 24.779699, "province": "Yunnan", "biological_group": "动物", "chapter_label": "第三章"}, "geometry": {"type": "Point", "coordinates": [104.327904, 24.779699]}}, {"type": "Feature", "properties": {"objectid": 1295, "fossil_id": 1409648, "species_name": "Dawazisaurus brevis n. gen. n. sp.", "geological_stage": "Anisian", "max_age_ma": 246.7, "min_age_ma": 241.464, "longitude": 104.327904, "latitude": 24.779699, "province": "Yunnan", "biological_group": "动物", "chapter_label": "第三章"}, "geometry": {"type": "Point", "coordinates": [104.327904, 24.779699]}}, {"type": "Feature", "properties": {"objectid": 776, "fossil_id": 890632, "species_name": "Daonella dianana n. sp.", "geological_stage": "Anisian", "max_age_ma": 246.7, "min_age_ma": 241.464, "longitude": 105.904999, "latitude": 23.530001, "province": "Yunnan", "biological_group": "动物", "chapter_label": "第三章"}, "geometry": {"type": "Point", "coordinates": [105.904999, 23.530001]}}, {"type": "Feature", "properties": {"objectid": 783, "fossil_id": 890643, "species_name": "Palaeoneilo yanjiensis n. sp.", "geological_stage": "Anisian", "max_age_ma": 246.7, "min_age_ma": 241.464, "longitude": 105.915001, "latitude": 23.530001, "province": "Yunnan", "biological_group": "动物", "chapter_label": "第三章"}, "geometry": {"type": "Point", "coordinates": [105.915001, 23.530001]}}, {"type": "Feature", "properties": {"objectid": 785, "fossil_id": 890645, "species_name": "Posidonia limbata n. sp.", "geological_stage": "Anisian", "max_age_ma": 246.7, "min_age_ma": 241.464, "longitude": 105.915001, "latitude": 23.530001, "province": "Yunnan", "biological_group": "动物", "chapter_label": "第三章"}, "geometry": {"type": "Point", "coordinates": [105.915001, 23.530001]}}, {"type": "Feature", "properties": {"objectid": 789, "fossil_id": 890676, "species_name": "Costatoria nazeensis n. sp.", "geological_stage": "Anisian", "max_age_ma": 246.7, "min_age_ma": 241.464, "longitude": 105.75, "latitude": 23.5, "province": "Yunnan", "biological_group": "动物", "chapter_label": "第三章"}, "geometry": {"type": "Point", "coordinates": [105.75, 23.5]}}, {"type": "Feature", "properties": {"objectid": 777, "fossil_id": 890633, "species_name": "Elegantinia lijiangensis n. sp.", "geological_stage": "Induan", "max_age_ma": 251.902, "min_age_ma": 246.7, "longitude": 100.370003, "latitude": 27.389999, "province": "Yunnan", "biological_group": "动物", "chapter_label": "第三章"}, "geometry": {"type": "Point", "coordinates": [100.370003, 27.389999]}}, {"type": "Feature", "properties": {"objectid": 778, "fossil_id": 890635, "species_name": "Daonella guleensis n. sp.", "geological_stage": "Anisian", "max_age_ma": 246.7, "min_age_ma": 241.464, "longitude": 104.389999, "latitude": 23.98, "province": "Yunnan", "biological_group": "动物", "chapter_label": "第三章"}, "geometry": {"type": "Point", "coordinates": [104.389999, 23.98]}}, {"type": "Feature", "properties": {"objectid": 786, "fossil_id": 890646, "species_name": "Pterohalobia productalata n. gen. n. sp.", "geological_stage": "Anisian", "max_age_ma": 246.7, "min_age_ma": 241.464, "longitude": 104.404999, "latitude": 23.995001, "province": "Yunnan", "biological_group": "动物", "chapter_label": "第三章"}, "geometry": {"type": "Point", "coordinates": [104.404999, 23.995001]}}, {"type": "Feature", "properties": {"objectid": 1317, "fossil_id": 1439383, "species_name": "Bupecten cornutus n. sp.", "geological_stage": "Ladinian", "max_age_ma": 241.464, "min_age_ma": 233.6, "longitude": 104.334167, "latitude": 23.999166, "province": "Yunnan", "biological_group": "动物", "chapter_label": "第三章"}, "geometry": {"type": "Point", "coordinates": [104.334167, 23.999166]}}, {"type": "Feature", "properties": {"objectid": 779, "fossil_id": 890637, "species_name": "Pteria bisincilis n. sp.", "geological_stage": "Griesbachian", "max_age_ma": 251.902, "min_age_ma": 250.5, "longitude": 103.805, "latitude": 23.77, "province": "Yunnan", "biological_group": "动物", "chapter_label": "第三章"}, "geometry": {"type": "Point", "coordinates": [103.805, 23.77]}}, {"type": "Feature", "properties": {"objectid": 1311, "fossil_id": 1439216, "species_name": "Glyptoleda (Menucula) venusta n. sp.", "geological_stage": "Ladinian", "max_age_ma": 241.464, "min_age_ma": 237.0, "longitude": 103.752502, "latitude": 23.747499, "province": "Yunnan", "biological_group": "动物", "chapter_label": "第三章"}, "geometry": {"type": "Point", "coordinates": [103.752502, 23.747499]}}, {"type": "Feature", "properties": {"objectid": 780, "fossil_id": 890640, "species_name": "Pachycardia dianensis", "geological_stage": "Anisian", "max_age_ma": 246.7, "min_age_ma": 241.464, "longitude": 103.050003, "latitude": 26.57, "province": "Yunnan", "biological_group": "动物", "chapter_label": "第三章"}, "geometry": {"type": "Point", "coordinates": [103.050003, 26.57]}}, {"type": "Feature", "properties": {"objectid": 781, "fossil_id": 890641, "species_name": "Posidonia semiundata n. sp.", "geological_stage": "Anisian", "max_age_ma": 246.7, "min_age_ma": 241.464, "longitude": 105.995003, "latitude": 23.805, "province": "Yunnan", "biological_group": "动物", "chapter_label": "第三章"}, "geometry": {"type": "Point", "coordinates": [105.995003, 23.805]}}, {"type": "Feature", "properties": {"objectid": 782, "fossil_id": 890642, "species_name": "Posidonia semiundata", "geological_stage": "Anisian", "max_age_ma": 246.7, "min_age_ma": 241.464, "longitude": 105.059998, "latitude": 24.365, "province": "Yunnan", "biological_group": "动物", "chapter_label": "第三章"}, "geometry": {"type": "Point", "coordinates": [105.059998, 24.365]}}, {"type": "Feature", "properties": {"objectid": 787, "fossil_id": 890648, "species_name": "Osteomya (Yunnanomya) lubeiensis n. sp.", "geological_stage": "Anisian", "max_age_ma": 246.7, "min_age_ma": 241.464, "longitude": 103.489998, "latitude": 26.58, "province": "Yunnan", "biological_group": "动物", "chapter_label": "第三章"}, "geometry": {"type": "Point", "coordinates": [103.489998, 26.58]}}, {"type": "Feature", "properties": {"objectid": 2096, "fossil_id": 1702853, "species_name": "Zygolophodon cf. turicensis", "geological_stage": "Late Miocene", "max_age_ma": 11.63, "min_age_ma": 5.333, "longitude": 103.453918, "latitude": 26.72908, "province": "Yunnan", "biological_group": "动物", "chapter_label": "第三章"}, "geometry": {"type": "Point", "coordinates": [103.453918, 26.72908]}}, {"type": "Feature", "properties": {"objectid": 788, "fossil_id": 890669, "species_name": "Claraia (Pteroclaraia) protinalata n. sp.", "geological_stage": "Induan", "max_age_ma": 251.902, "min_age_ma": 249.9, "longitude": 104.75, "latitude": 23.98, "province": "Yunnan", "biological_group": "动物", "chapter_label": "第三章"}, "geometry": {"type": "Point", "coordinates": [104.75, 23.98]}}, {"type": "Feature", "properties": {"objectid": 791, "fossil_id": 890734, "species_name": "Eumorphotis spicata n. sp.", "geological_stage": "Induan", "max_age_ma": 251.902, "min_age_ma": 249.9, "longitude": 103.849998, "latitude": 24.030001, "province": "Yunnan", "biological_group": "动物", "chapter_label": "第三章"}, "geometry": {"type": "Point", "coordinates": [103.849998, 24.030001]}}, {"type": "Feature", "properties": {"objectid": 950, "fossil_id": 1211846, "species_name": "Claraia griesbachi", "geological_stage": "Griesbachian", "max_age_ma": 251.902, "min_age_ma": 250.5, "longitude": 103.864998, "latitude": 24.025, "province": "Yunnan", "biological_group": "动物", "chapter_label": "第三章"}, "geometry": {"type": "Point", "coordinates": [103.864998, 24.025]}}, {"type": "Feature", "properties": {"objectid": 951, "fossil_id": 1211847, "species_name": "Claraia radialis", "geological_stage": "Griesbachian", "max_age_ma": 251.902, "min_age_ma": 250.5, "longitude": 103.864998, "latitude": 24.025, "province": "Yunnan", "biological_group": "动物", "chapter_label": "第三章"}, "geometry": {"type": "Point", "coordinates": [103.864998, 24.025]}}, {"type": "Feature", "properties": {"objectid": 792, "fossil_id": 890735, "species_name": "Hoernesia (Strophopteria) spiralis n. sp.", "geological_stage": "Induan", "max_age_ma": 251.902, "min_age_ma": 246.7, "longitude": 100.419998, "latitude": 26.719999, "province": "Yunnan", "biological_group": "动物", "chapter_label": "第三章"}, "geometry": {"type": "Point", "coordinates": [100.419998, 26.719999]}}, {"type": "Feature", "properties": {"objectid": 805, "fossil_id": 890751, "species_name": "Modiolus gejiuensis n. sp.", "geological_stage": "Anisian", "max_age_ma": 246.7, "min_age_ma": 241.464, "longitude": 103.165001, "latitude": 23.4, "province": "Yunnan", "biological_group": "动物", "chapter_label": "第三章"}, "geometry": {"type": "Point", "coordinates": [103.165001, 23.4]}}, {"type": "Feature", "properties": {"objectid": 807, "fossil_id": 890753, "species_name": "Bakevellia xinzhaiensis n. sp.", "geological_stage": "Anisian", "max_age_ma": 246.7, "min_age_ma": 241.464, "longitude": 103.165001, "latitude": 23.4, "province": "Yunnan", "biological_group": "动物", "chapter_label": "第三章"}, "geometry": {"type": "Point", "coordinates": [103.165001, 23.4]}}, {"type": "Feature", "properties": {"objectid": 809, "fossil_id": 890755, "species_name": "Plagiostoma gejiuensis n. sp.", "geological_stage": "Anisian", "max_age_ma": 246.7, "min_age_ma": 241.464, "longitude": 103.165001, "latitude": 23.4, "province": "Yunnan", "biological_group": "动物", "chapter_label": "第三章"}, "geometry": {"type": "Point", "coordinates": [103.165001, 23.4]}}, {"type": "Feature", "properties": {"objectid": 811, "fossil_id": 890757, "species_name": "Homomya gejiuensis n. sp.", "geological_stage": "Anisian", "max_age_ma": 246.7, "min_age_ma": 241.464, "longitude": 103.165001, "latitude": 23.4, "province": "Yunnan", "biological_group": "动物", "chapter_label": "第三章"}, "geometry": {"type": "Point", "coordinates": [103.165001, 23.4]}}, {"type": "Feature", "properties": {"objectid": 812, "fossil_id": 890758, "species_name": "Claraia levigata n. sp.", "geological_stage": "Induan", "max_age_ma": 251.902, "min_age_ma": 249.9, "longitude": 104.870003, "latitude": 27.43, "province": "Yunnan", "biological_group": "动物", "chapter_label": "第三章"}, "geometry": {"type": "Point", "coordinates": [104.870003, 27.43]}}, {"type": "Feature", "properties": {"objectid": 813, "fossil_id": 890759, "species_name": "Posidonia semiundata", "geological_stage": "Anisian", "max_age_ma": 246.7, "min_age_ma": 241.464, "longitude": 98.550003, "latitude": 25.33, "province": "Yunnan", "biological_group": "动物", "chapter_label": "第三章"}, "geometry": {"type": "Point", "coordinates": [98.550003, 25.33]}}, {"type": "Feature", "properties": {"objectid": 814, "fossil_id": 890760, "species_name": "Posidonia dianensis n. sp.", "geological_stage": "Anisian", "max_age_ma": 246.7, "min_age_ma": 241.464, "longitude": 98.550003, "latitude": 25.33, "province": "Yunnan", "biological_group": "动物", "chapter_label": "第三章"}, "geometry": {"type": "Point", "coordinates": [98.550003, 25.33]}}, {"type": "Feature", "properties": {"objectid": 815, "fossil_id": 890761, "species_name": "Promyalina diana n. sp.", "geological_stage": "Griesbachian", "max_age_ma": 251.902, "min_age_ma": 250.5, "longitude": 104.519997, "latitude": 25.225, "province": "Yunnan", "biological_group": "动物", "chapter_label": "第三章"}, "geometry": {"type": "Point", "coordinates": [104.519997, 25.225]}}, {"type": "Feature", "properties": {"objectid": 816, "fossil_id": 890769, "species_name": "Claraia anulata", "geological_stage": "Induan", "max_age_ma": 251.902, "min_age_ma": 249.9, "longitude": 104.199997, "latitude": 24.0, "province": "Yunnan", "biological_group": "动物", "chapter_label": "第三章"}, "geometry": {"type": "Point", "coordinates": [104.199997, 24.0]}}, {"type": "Feature", "properties": {"objectid": 817, "fossil_id": 898498, "species_name": "Tirolites spinosus", "geological_stage": "Spathian", "max_age_ma": 248.1, "min_age_ma": 246.7, "longitude": 104.199997, "latitude": 24.1, "province": "Yunnan", "biological_group": "动物", "chapter_label": "第三章"}, "geometry": {"type": "Point", "coordinates": [104.199997, 24.1]}}, {"type": "Feature", "properties": {"objectid": 822, "fossil_id": 920364, "species_name": "Myoconcha roemeri", "geological_stage": "Induan", "max_age_ma": 251.902, "min_age_ma": 249.9, "longitude": 104.199997, "latitude": 24.0, "province": "Yunnan", "biological_group": "动物", "chapter_label": "第三章"}, "geometry": {"type": "Point", "coordinates": [104.199997, 24.0]}}, {"type": "Feature", "properties": {"objectid": 867, "fossil_id": 1036392, "species_name": "Claraia stachei", "geological_stage": "Induan", "max_age_ma": 251.902, "min_age_ma": 249.9, "longitude": 104.199997, "latitude": 24.0, "province": "Yunnan", "biological_group": "动物", "chapter_label": "第三章"}, "geometry": {"type": "Point", "coordinates": [104.199997, 24.0]}}, {"type": "Feature", "properties": {"objectid": 818, "fossil_id": 900834, "species_name": "Xixiposaurus suni n. gen. n. sp.", "geological_stage": "Hettangian", "max_age_ma": 201.4, "min_age_ma": 192.9, "longitude": 102.320404, "latitude": 25.592993, "province": "Yunnan", "biological_group": "动物", "chapter_label": "第三章"}, "geometry": {"type": "Point", "coordinates": [102.320404, 25.592993]}}, {"type": "Feature", "properties": {"objectid": 821, "fossil_id": 902174, "species_name": "Chuxiongosaurus lufengensis n. gen. n. sp.", "geological_stage": "Hettangian", "max_age_ma": 201.4, "min_age_ma": 199.5, "longitude": 102.146523, "latitude": 24.956287, "province": "Yunnan", "biological_group": "动物", "chapter_label": "第三章"}, "geometry": {"type": "Point", "coordinates": [102.146523, 24.956287]}}, {"type": "Feature", "properties": {"objectid": 1185, "fossil_id": 1299069, "species_name": "Prosauropoda indet.", "geological_stage": "Hettangian", "max_age_ma": 201.4, "min_age_ma": 199.5, "longitude": 102.082504, "latitude": 24.957121, "province": "Yunnan", "biological_group": "动物", "chapter_label": "第三章"}, "geometry": {"type": "Point", "coordinates": [102.082504, 24.957121]}}, {"type": "Feature", "properties": {"objectid": 1340, "fossil_id": 1453595, "species_name": "cf. Wintonopus sp.", "geological_stage": "Late Jurassic", "max_age_ma": 161.5, "min_age_ma": 143.1, "longitude": 102.035278, "latitude": 24.922501, "province": "Yunnan", "biological_group": "动物", "chapter_label": "第三章"}, "geometry": {"type": "Point", "coordinates": [102.035278, 24.922501]}}, {"type": "Feature", "properties": {"objectid": 2035, "fossil_id": 1621751, "species_name": "Dinehichnus sp.", "geological_stage": "Late Jurassic", "max_age_ma": 161.5, "min_age_ma": 143.1, "longitude": 102.057777, "latitude": 24.956667, "province": "Yunnan", "biological_group": "动物", "chapter_label": "第三章"}, "geometry": {"type": "Point", "coordinates": [102.057777, 24.956667]}}, {"type": "Feature", "properties": {"objectid": 824, "fossil_id": 931425, "species_name": "Macrocnemus fuyuanensis n. sp.", "geological_stage": "Ladinian", "max_age_ma": 241.464, "min_age_ma": 237.0, "longitude": 104.666664, "latitude": 25.083332, "province": "Yunnan", "biological_group": "动物", "chapter_label": "第三章"}, "geometry": {"type": "Point", "coordinates": [104.666664, 25.083332]}}, {"type": "Feature", "properties": {"objectid": 939, "fossil_id": 1187689, "species_name": "Fuyuanperleidus dengi n. gen. n. sp.", "geological_stage": "Longobardian", "max_age_ma": 239.48, "min_age_ma": 237.0, "longitude": 104.574997, "latitude": 25.145, "province": "Yunnan", "biological_group": "动物", "chapter_label": "第三章"}, "geometry": {"type": "Point", "coordinates": [104.574997, 25.145]}}, {"type": "Feature", "properties": {"objectid": 1285, "fossil_id": 1400383, "species_name": "Peltopleurus tyrannos n. sp.", "geological_stage": "Longobardian", "max_age_ma": 239.48, "min_age_ma": 237.0, "longitude": 104.574997, "latitude": 25.145, "province": "Yunnan", "biological_group": "动物", "chapter_label": "第三章"}, "geometry": {"type": "Point", "coordinates": [104.574997, 25.145]}}, {"type": "Feature", "properties": {"objectid": 2033, "fossil_id": 1607360, "species_name": "Brevicaudosaurus jiyangshanensis n. gen. n. sp.", "geological_stage": "Ladinian", "max_age_ma": 241.464, "min_age_ma": 227.3, "longitude": 104.683998, "latitude": 25.108, "province": "Yunnan", "biological_group": "动物", "chapter_label": "第三章"}, "geometry": {"type": "Point", "coordinates": [104.683998, 25.108]}}, {"type": "Feature", "properties": {"objectid": 866, "fossil_id": 1025662, "species_name": "Homo sp.", "geological_stage": "Late Pleistocene", "max_age_ma": 0.129, "min_age_ma": 0.0117, "longitude": 103.436943, "latitude": 23.360001, "province": "Yunnan", "biological_group": "动物", "chapter_label": "第三章"}, "geometry": {"type": "Point", "coordinates": [103.436943, 23.360001]}}, {"type": "Feature", "properties": {"objectid": 882, "fossil_id": 1070931, "species_name": "Yongshengia cuneata n. sp.", "geological_stage": "Norian", "max_age_ma": 227.3, "min_age_ma": 205.7, "longitude": 100.800003, "latitude": 26.683332, "province": "Yunnan", "biological_group": "动物", "chapter_label": "第三章"}, "geometry": {"type": "Point", "coordinates": [100.800003, 26.683332]}}, {"type": "Feature", "properties": {"objectid": 1054, "fossil_id": 1252120, "species_name": "Gosseletina obesa n. sp.", "geological_stage": "Norian", "max_age_ma": 227.3, "min_age_ma": 205.7, "longitude": 100.769997, "latitude": 26.690001, "province": "Yunnan", "biological_group": "动物", "chapter_label": "第三章"}, "geometry": {"type": "Point", "coordinates": [100.769997, 26.690001]}}, {"type": "Feature", "properties": {"objectid": 1055, "fossil_id": 1252121, "species_name": "Pleurotomaria yongshengensis n. sp.", "geological_stage": "Norian", "max_age_ma": 227.3, "min_age_ma": 205.7, "longitude": 100.769997, "latitude": 26.690001, "province": "Yunnan", "biological_group": "动物", "chapter_label": "第三章"}, "geometry": {"type": "Point", "coordinates": [100.769997, 26.690001]}}, {"type": "Feature", "properties": {"objectid": 930, "fossil_id": 1144205, "species_name": "Nebulasaurus taito n. gen. n. sp.", "geological_stage": "Aalenian", "max_age_ma": 174.7, "min_age_ma": 168.2, "longitude": 101.861115, "latitude": 26.0, "province": "Yunnan", "biological_group": "动物", "chapter_label": "第三章"}, "geometry": {"type": "Point", "coordinates": [101.861115, 26.0]}}, {"type": "Feature", "properties": {"objectid": 933, "fossil_id": 1156916, "species_name": "Aeger luxii n. sp.", "geological_stage": "Pelsonian", "max_age_ma": 244.24, "min_age_ma": 243.33, "longitude": 103.824997, "latitude": 24.485001, "province": "Yunnan", "biological_group": "动物", "chapter_label": "第三章"}, "geometry": {"type": "Point", "coordinates": [103.824997, 24.485001]}}, {"type": "Feature", "properties": {"objectid": 1337, "fossil_id": 1441037, "species_name": "Cuspidaria (Dianocuspidaria) luxiensis n. sp.", "geological_stage": "Carnian", "max_age_ma": 237.0, "min_age_ma": 227.3, "longitude": 103.749443, "latitude": 24.544443, "province": "Yunnan", "biological_group": "动物", "chapter_label": "第三章"}, "geometry": {"type": "Point", "coordinates": [103.749443, 24.544443]}}, {"type": "Feature", "properties": {"objectid": 2059, "fossil_id": 1643172, "species_name": "Dianmeisaurus mutaensis n. sp.", "geological_stage": "Anisian", "max_age_ma": 246.7, "min_age_ma": 241.464, "longitude": 103.926109, "latitude": 24.521667, "province": "Yunnan", "biological_group": "动物", "chapter_label": "第三章"}, "geometry": {"type": "Point", "coordinates": [103.926109, 24.521667]}}, {"type": "Feature", "properties": {"objectid": 2062, "fossil_id": 1658055, "species_name": "Mixosaurus luxiensis n. sp.", "geological_stage": "Anisian", "max_age_ma": 246.7, "min_age_ma": 241.464, "longitude": 103.849998, "latitude": 24.533333, "province": "Yunnan", "biological_group": "动物", "chapter_label": "第三章"}, "geometry": {"type": "Point", "coordinates": [103.849998, 24.533333]}}, {"type": "Feature", "properties": {"objectid": 934, "fossil_id": 1168401, "species_name": "Pteria problematica n. sp.", "geological_stage": "Alaunian", "max_age_ma": 215.38, "min_age_ma": 211.18, "longitude": 99.410004, "latitude": 26.43, "province": "Yunnan", "biological_group": "动物", "chapter_label": "第三章"}, "geometry": {"type": "Point", "coordinates": [99.410004, 26.43]}}, {"type": "Feature", "properties": {"objectid": 1012, "fossil_id": 1252078, "species_name": "Procyclolites elegans n. sp.", "geological_stage": "Alaunian", "max_age_ma": 215.38, "min_age_ma": 211.18, "longitude": 99.410004, "latitude": 26.43, "province": "Yunnan", "biological_group": "动物", "chapter_label": "第三章"}, "geometry": {"type": "Point", "coordinates": [99.410004, 26.43]}}, {"type": "Feature", "properties": {"objectid": 1095, "fossil_id": 1252161, "species_name": "Omphaloptycha concinna", "geological_stage": "Alaunian", "max_age_ma": 215.38, "min_age_ma": 211.18, "longitude": 99.410004, "latitude": 26.43, "province": "Yunnan", "biological_group": "动物", "chapter_label": "第三章"}, "geometry": {"type": "Point", "coordinates": [99.410004, 26.43]}}, {"type": "Feature", "properties": {"objectid": 1707, "fossil_id": 1584822, "species_name": "Quercus lanpingensis n. sp.", "geological_stage": "Late Pliocene", "max_age_ma": 3.6, "min_age_ma": 2.58, "longitude": 99.400002, "latitude": 26.416668, "province": "Yunnan", "biological_group": "动物", "chapter_label": "第三章"}, "geometry": {"type": "Point", "coordinates": [99.400002, 26.416668]}}, {"type": "Feature", "properties": {"objectid": 935, "fossil_id": 1168402, "species_name": "Jianchuania problematica", "geological_stage": "Norian", "max_age_ma": 227.3, "min_age_ma": 205.7, "longitude": 99.675003, "latitude": 26.58, "province": "Yunnan", "biological_group": "动物", "chapter_label": "第三章"}, "geometry": {"type": "Point", "coordinates": [99.675003, 26.58]}}, {"type": "Feature", "properties": {"objectid": 976, "fossil_id": 1251964, "species_name": "Zugmayerella yueliangpingica", "geological_stage": "Norian", "max_age_ma": 227.3, "min_age_ma": 205.7, "longitude": 99.675003, "latitude": 26.58, "province": "Yunnan", "biological_group": "动物", "chapter_label": "第三章"}, "geometry": {"type": "Point", "coordinates": [99.675003, 26.58]}}, {"type": "Feature", "properties": {"objectid": 985, "fossil_id": 1251978, "species_name": "\"Spiriferina\" cf. subfragilis", "geological_stage": "Norian", "max_age_ma": 227.3, "min_age_ma": 205.7, "longitude": 99.675003, "latitude": 26.58, "province": "Yunnan", "biological_group": "动物", "chapter_label": "第三章"}, "geometry": {"type": "Point", "coordinates": [99.675003, 26.58]}}, {"type": "Feature", "properties": {"objectid": 1027, "fossil_id": 1252093, "species_name": "Thisbites aff. meleagri", "geological_stage": "Lacian", "max_age_ma": 227.3, "min_age_ma": 215.38, "longitude": 99.675003, "latitude": 26.58, "province": "Yunnan", "biological_group": "动物", "chapter_label": "第三章"}, "geometry": {"type": "Point", "coordinates": [99.675003, 26.58]}}, {"type": "Feature", "properties": {"objectid": 936, "fossil_id": 1168403, "species_name": "Jianchuania problematica", "geological_stage": "Norian", "max_age_ma": 227.3, "min_age_ma": 205.7, "longitude": 99.720001, "latitude": 26.51, "province": "Yunnan", "biological_group": "动物", "chapter_label": "第三章"}, "geometry": {"type": "Point", "coordinates": [99.720001, 26.51]}}, {"type": "Feature", "properties": {"objectid": 1014, "fossil_id": 1252080, "species_name": "Thecosmilia aff. weberi", "geological_stage": "Norian", "max_age_ma": 227.3, "min_age_ma": 205.7, "longitude": 99.720001, "latitude": 26.51, "province": "Yunnan", "biological_group": "动物", "chapter_label": "第三章"}, "geometry": {"type": "Point", "coordinates": [99.720001, 26.51]}}, {"type": "Feature", "properties": {"objectid": 1336, "fossil_id": 1441036, "species_name": "Enosolen ensatus n. sp.", "geological_stage": "Anisian", "max_age_ma": 246.7, "min_age_ma": 241.464, "longitude": 99.720001, "latitude": 26.51, "province": "Yunnan", "biological_group": "动物", "chapter_label": "第三章"}, "geometry": {"type": "Point", "coordinates": [99.720001, 26.51]}}, {"type": "Feature", "properties": {"objectid": 937, "fossil_id": 1168404, "species_name": "Jianchuania problematica", "geological_stage": "Norian", "max_age_ma": 227.3, "min_age_ma": 205.7, "longitude": 100.0, "latitude": 25.450001, "province": "Yunnan", "biological_group": "动物", "chapter_label": "第三章"}, "geometry": {"type": "Point", "coordinates": [100.0, 25.450001]}}, {"type": "Feature", "properties": {"objectid": 938, "fossil_id": 1168405, "species_name": "Jianchuania problematica", "geological_stage": "Norian", "max_age_ma": 227.3, "min_age_ma": 205.7, "longitude": 99.415001, "latitude": 26.695, "province": "Yunnan", "biological_group": "动物", "chapter_label": "第三章"}, "geometry": {"type": "Point", "coordinates": [99.415001, 26.695]}}, {"type": "Feature", "properties": {"objectid": 1313, "fossil_id": 1439228, "species_name": "Catella (Oceanopieris) elegans n. sp.", "geological_stage": "Carnian", "max_age_ma": 237.0, "min_age_ma": 227.3, "longitude": 99.415001, "latitude": 26.695, "province": "Yunnan", "biological_group": "动物", "chapter_label": "第三章"}, "geometry": {"type": "Point", "coordinates": [99.415001, 26.695]}}, {"type": "Feature", "properties": {"objectid": 952, "fossil_id": 1216454, "species_name": "Holcothyris elliptica", "geological_stage": "Bathonian", "max_age_ma": 168.2, "min_age_ma": 165.3, "longitude": 99.5, "latitude": 24.01, "province": "Yunnan", "biological_group": "动物", "chapter_label": "第三章"}, "geometry": {"type": "Point", "coordinates": [99.5, 24.01]}}, {"type": "Feature", "properties": {"objectid": 953, "fossil_id": 1232978, "species_name": "Holcothyris luchiangensis", "geological_stage": "Bathonian", "max_age_ma": 168.2, "min_age_ma": 165.3, "longitude": 99.5, "latitude": 24.01, "province": "Yunnan", "biological_group": "动物", "chapter_label": "第三章"}, "geometry": {"type": "Point", "coordinates": [99.5, 24.01]}}, {"type": "Feature", "properties": {"objectid": 954, "fossil_id": 1232986, "species_name": "Holcothyris ancile", "geological_stage": "Bathonian", "max_age_ma": 168.2, "min_age_ma": 165.3, "longitude": 99.5, "latitude": 24.01, "province": "Yunnan", "biological_group": "动物", "chapter_label": "第三章"}, "geometry": {"type": "Point", "coordinates": [99.5, 24.01]}}, {"type": "Feature", "properties": {"objectid": 957, "fossil_id": 1248952, "species_name": "Mesoblattula tuodianensis n. sp.", "geological_stage": "Oxfordian", "max_age_ma": 161.5, "min_age_ma": 149.2, "longitude": 101.644997, "latitude": 24.725, "province": "Yunnan", "biological_group": "动物", "chapter_label": "第三章"}, "geometry": {"type": "Point", "coordinates": [101.644997, 24.725]}}, {"type": "Feature", "properties": {"objectid": 958, "fossil_id": 1248953, "species_name": "Mesoblattula sp.", "geological_stage": "Oxfordian", "max_age_ma": 161.5, "min_age_ma": 149.2, "longitude": 101.644997, "latitude": 24.725, "province": "Yunnan", "biological_group": "动物", "chapter_label": "第三章"}, "geometry": {"type": "Point", "coordinates": [101.644997, 24.725]}}, {"type": "Feature", "properties": {"objectid": 959, "fossil_id": 1248954, "species_name": "Rhipidoblattina sp.", "geological_stage": "Oxfordian", "max_age_ma": 161.5, "min_age_ma": 149.2, "longitude": 101.644997, "latitude": 24.725, "province": "Yunnan", "biological_group": "动物", "chapter_label": "第三章"}, "geometry": {"type": "Point", "coordinates": [101.644997, 24.725]}}, {"type": "Feature", "properties": {"objectid": 1291, "fossil_id": 1402790, "species_name": "Shuangbaisaurus anlongbaoensis n. gen. n. sp.", "geological_stage": "Hettangian", "max_age_ma": 201.4, "min_age_ma": 199.5, "longitude": 101.63839, "latitude": 24.686272, "province": "Yunnan", "biological_group": "动物", "chapter_label": "第三章"}, "geometry": {"type": "Point", "coordinates": [101.63839, 24.686272]}}, {"type": "Feature", "properties": {"objectid": 962, "fossil_id": 1251785, "species_name": "Triassoperla yongrenensis n. gen. n. sp.", "geological_stage": "Norian", "max_age_ma": 227.3, "min_age_ma": 205.7, "longitude": 101.550003, "latitude": 26.1, "province": "Yunnan", "biological_group": "动物", "chapter_label": "第三章"}, "geometry": {"type": "Point", "coordinates": [101.550003, 26.1]}}, {"type": "Feature", "properties": {"objectid": 972, "fossil_id": 1251952, "species_name": "Sinuplicorhynchia pentagona", "geological_stage": "Norian", "max_age_ma": 227.3, "min_age_ma": 205.7, "longitude": 100.290001, "latitude": 26.49, "province": "Yunnan", "biological_group": "动物", "chapter_label": "第三章"}, "geometry": {"type": "Point", "coordinates": [100.290001, 26.49]}}, {"type": "Feature", "properties": {"objectid": 980, "fossil_id": 1251969, "species_name": "Laballa suessi", "geological_stage": "Norian", "max_age_ma": 227.3, "min_age_ma": 205.7, "longitude": 100.290001, "latitude": 26.49, "province": "Yunnan", "biological_group": "动物", "chapter_label": "第三章"}, "geometry": {"type": "Point", "coordinates": [100.290001, 26.49]}}, {"type": "Feature", "properties": {"objectid": 997, "fossil_id": 1252008, "species_name": "Lamellokoninckina heqingensis", "geological_stage": "Norian", "max_age_ma": 227.3, "min_age_ma": 205.7, "longitude": 100.290001, "latitude": 26.49, "province": "Yunnan", "biological_group": "动物", "chapter_label": "第三章"}, "geometry": {"type": "Point", "coordinates": [100.290001, 26.49]}}, {"type": "Feature", "properties": {"objectid": 1008, "fossil_id": 1252049, "species_name": "Spiriferina cf. asiatica", "geological_stage": "Norian", "max_age_ma": 227.3, "min_age_ma": 205.7, "longitude": 100.290001, "latitude": 26.49, "province": "Yunnan", "biological_group": "动物", "chapter_label": "第三章"}, "geometry": {"type": "Point", "coordinates": [100.290001, 26.49]}}, {"type": "Feature", "properties": {"objectid": 975, "fossil_id": 1251963, "species_name": "Excavatorhynchia raxana", "geological_stage": "Carnian", "max_age_ma": 237.0, "min_age_ma": 227.3, "longitude": 101.425003, "latitude": 23.93, "province": "Yunnan", "biological_group": "动物", "chapter_label": "第三章"}, "geometry": {"type": "Point", "coordinates": [101.425003, 23.93]}}, {"type": "Feature", "properties": {"objectid": 1050, "fossil_id": 1252116, "species_name": "Worthenia cf. rhomlifera", "geological_stage": "Carnian", "max_age_ma": 237.0, "min_age_ma": 227.3, "longitude": 101.425003, "latitude": 23.93, "province": "Yunnan", "biological_group": "动物", "chapter_label": "第三章"}, "geometry": {"type": "Point", "coordinates": [101.425003, 23.93]}}, {"type": "Feature", "properties": {"objectid": 1075, "fossil_id": 1252141, "species_name": "Lepidotrochus acuticarinatus n. sp.", "geological_stage": "Carnian", "max_age_ma": 237.0, "min_age_ma": 227.3, "longitude": 101.425003, "latitude": 23.93, "province": "Yunnan", "biological_group": "动物", "chapter_label": "第三章"}, "geometry": {"type": "Point", "coordinates": [101.425003, 23.93]}}, {"type": "Feature", "properties": {"objectid": 1098, "fossil_id": 1252164, "species_name": "Acrocosmia sp.", "geological_stage": "Carnian", "max_age_ma": 237.0, "min_age_ma": 227.3, "longitude": 101.425003, "latitude": 23.93, "province": "Yunnan", "biological_group": "动物", "chapter_label": "第三章"}, "geometry": {"type": "Point", "coordinates": [101.425003, 23.93]}}, {"type": "Feature", "properties": {"objectid": 982, "fossil_id": 1251971, "species_name": "\"Guseriplia\" lanpingensis n. sp.", "geological_stage": "Alaunian", "max_age_ma": 215.38, "min_age_ma": 211.18, "longitude": 99.625, "latitude": 26.27, "province": "Yunnan", "biological_group": "动物", "chapter_label": "第三章"}, "geometry": {"type": "Point", "coordinates": [99.625, 26.27]}}, {"type": "Feature", "properties": {"objectid": 1017, "fossil_id": 1252083, "species_name": "Cyrtopleurites sp.", "geological_stage": "Alaunian", "max_age_ma": 215.38, "min_age_ma": 211.18, "longitude": 99.625, "latitude": 26.27, "province": "Yunnan", "biological_group": "动物", "chapter_label": "第三章"}, "geometry": {"type": "Point", "coordinates": [99.625, 26.27]}}, {"type": "Feature", "properties": {"objectid": 1023, "fossil_id": 1252089, "species_name": "Paratibetites cf. wheeleri", "geological_stage": "Alaunian", "max_age_ma": 215.38, "min_age_ma": 211.18, "longitude": 99.540001, "latitude": 26.25, "province": "Yunnan", "biological_group": "动物", "chapter_label": "第三章"}, "geometry": {"type": "Point", "coordinates": [99.540001, 26.25]}}, {"type": "Feature", "properties": {"objectid": 1025, "fossil_id": 1252091, "species_name": "Paratibetites cf. angustosellatus", "geological_stage": "Alaunian", "max_age_ma": 215.38, "min_age_ma": 211.18, "longitude": 99.625, "latitude": 26.27, "province": "Yunnan", "biological_group": "动物", "chapter_label": "第三章"}, "geometry": {"type": "Point", "coordinates": [99.625, 26.27]}}, {"type": "Feature", "properties": {"objectid": 983, "fossil_id": 1251972, "species_name": "Pseudospiriferina leopoldi", "geological_stage": "Alaunian", "max_age_ma": 215.38, "min_age_ma": 211.18, "longitude": 100.309998, "latitude": 24.969999, "province": "Yunnan", "biological_group": "动物", "chapter_label": "第三章"}, "geometry": {"type": "Point", "coordinates": [100.309998, 24.969999]}}, {"type": "Feature", "properties": {"objectid": 1019, "fossil_id": 1252085, "species_name": "Tibetites aff. perrinsmithi", "geological_stage": "Alaunian", "max_age_ma": 215.38, "min_age_ma": 211.18, "longitude": 100.309998, "latitude": 24.969999, "province": "Yunnan", "biological_group": "动物", "chapter_label": "第三章"}, "geometry": {"type": "Point", "coordinates": [100.309998, 24.969999]}}, {"type": "Feature", "properties": {"objectid": 1024, "fossil_id": 1252090, "species_name": "Paratibetites aff. adolphi", "geological_stage": "Alaunian", "max_age_ma": 215.38, "min_age_ma": 211.18, "longitude": 100.309998, "latitude": 24.969999, "province": "Yunnan", "biological_group": "动物", "chapter_label": "第三章"}, "geometry": {"type": "Point", "coordinates": [100.309998, 24.969999]}}, {"type": "Feature", "properties": {"objectid": 1057, "fossil_id": 1252123, "species_name": "Trochotoma (Discotoma) yunnanensis", "geological_stage": "Alaunian", "max_age_ma": 215.38, "min_age_ma": 211.18, "longitude": 100.309998, "latitude": 24.969999, "province": "Yunnan", "biological_group": "动物", "chapter_label": "第三章"}, "geometry": {"type": "Point", "coordinates": [100.309998, 24.969999]}}, {"type": "Feature", "properties": {"objectid": 1013, "fossil_id": 1252079, "species_name": "Thecosmilia clathrata", "geological_stage": "Norian", "max_age_ma": 227.3, "min_age_ma": 205.7, "longitude": 100.059998, "latitude": 26.540001, "province": "Yunnan", "biological_group": "动物", "chapter_label": "第三章"}, "geometry": {"type": "Point", "coordinates": [100.059998, 26.540001]}}, {"type": "Feature", "properties": {"objectid": 1940, "fossil_id": 1588335, "species_name": "Rumex sp.", "geological_stage": "Late Pliocene", "max_age_ma": 3.6, "min_age_ma": 2.58, "longitude": 100.162498, "latitude": 26.512777, "province": "Yunnan", "biological_group": "动物", "chapter_label": "第三章"}, "geometry": {"type": "Point", "coordinates": [100.162498, 26.512777]}}, {"type": "Feature", "properties": {"objectid": 1945, "fossil_id": 1588340, "species_name": "Stellaria petiolaris", "geological_stage": "Late Pliocene", "max_age_ma": 3.6, "min_age_ma": 2.58, "longitude": 100.162498, "latitude": 26.512777, "province": "Yunnan", "biological_group": "动物", "chapter_label": "第三章"}, "geometry": {"type": "Point", "coordinates": [100.162498, 26.512777]}}, {"type": "Feature", "properties": {"objectid": 1950, "fossil_id": 1588345, "species_name": "Schoenoplectus sp.", "geological_stage": "Late Pliocene", "max_age_ma": 3.6, "min_age_ma": 2.58, "longitude": 100.162498, "latitude": 26.512777, "province": "Yunnan", "biological_group": "动物", "chapter_label": "第三章"}, "geometry": {"type": "Point", "coordinates": [100.162498, 26.512777]}}, {"type": "Feature", "properties": {"objectid": 1067, "fossil_id": 1252133, "species_name": "Trachynerita wanneri", "geological_stage": "Alaunian", "max_age_ma": 215.38, "min_age_ma": 211.18, "longitude": 100.129997, "latitude": 25.155001, "province": "Yunnan", "biological_group": "动物", "chapter_label": "第三章"}, "geometry": {"type": "Point", "coordinates": [100.129997, 25.155001]}}, {"type": "Feature", "properties": {"objectid": 1069, "fossil_id": 1252135, "species_name": "Trachynerita wanneri", "geological_stage": "Alaunian", "max_age_ma": 215.38, "min_age_ma": 211.18, "longitude": 100.129997, "latitude": 25.155001, "province": "Yunnan", "biological_group": "动物", "chapter_label": "第三章"}, "geometry": {"type": "Point", "coordinates": [100.129997, 25.155001]}}, {"type": "Feature", "properties": {"objectid": 1102, "fossil_id": 1252168, "species_name": "Angularia loxonemoides", "geological_stage": "Alaunian", "max_age_ma": 215.38, "min_age_ma": 211.18, "longitude": 100.129997, "latitude": 25.155001, "province": "Yunnan", "biological_group": "动物", "chapter_label": "第三章"}, "geometry": {"type": "Point", "coordinates": [100.129997, 25.155001]}}, {"type": "Feature", "properties": {"objectid": 1110, "fossil_id": 1252176, "species_name": "Bulbus (Amauropsis) cf. paludinaris", "geological_stage": "Alaunian", "max_age_ma": 215.38, "min_age_ma": 211.18, "longitude": 100.129997, "latitude": 25.155001, "province": "Yunnan", "biological_group": "动物", "chapter_label": "第三章"}, "geometry": {"type": "Point", "coordinates": [100.129997, 25.155001]}}, {"type": "Feature", "properties": {"objectid": 1112, "fossil_id": 1252231, "species_name": "Ataphrus ovulatus", "geological_stage": "Bajocian", "max_age_ma": 170.9, "min_age_ma": 165.3, "longitude": 100.245003, "latitude": 23.315001, "province": "Yunnan", "biological_group": "动物", "chapter_label": "第三章"}, "geometry": {"type": "Point", "coordinates": [100.245003, 23.315001]}}, {"type": "Feature", "properties": {"objectid": 1113, "fossil_id": 1252232, "species_name": "Naricopsina jingguensis n. sp.", "geological_stage": "Bajocian", "max_age_ma": 170.9, "min_age_ma": 165.3, "longitude": 100.245003, "latitude": 23.315001, "province": "Yunnan", "biological_group": "动物", "chapter_label": "第三章"}, "geometry": {"type": "Point", "coordinates": [100.245003, 23.315001]}}, {"type": "Feature", "properties": {"objectid": 1114, "fossil_id": 1252233, "species_name": "Ataphrus labadyei", "geological_stage": "Bajocian", "max_age_ma": 170.9, "min_age_ma": 165.3, "longitude": 99.440002, "latitude": 26.059999, "province": "Yunnan", "biological_group": "动物", "chapter_label": "第三章"}, "geometry": {"type": "Point", "coordinates": [99.440002, 26.059999]}}, {"type": "Feature", "properties": {"objectid": 1116, "fossil_id": 1252235, "species_name": "Neritoma (Neridomus) cf. gea", "geological_stage": "Bajocian", "max_age_ma": 170.9, "min_age_ma": 165.3, "longitude": 99.440002, "latitude": 26.059999, "province": "Yunnan", "biological_group": "动物", "chapter_label": "第三章"}, "geometry": {"type": "Point", "coordinates": [99.440002, 26.059999]}}, {"type": "Feature", "properties": {"objectid": 1118, "fossil_id": 1252237, "species_name": "Purpurina (Eucycloidea) orientalis n. sp.", "geological_stage": "Bajocian", "max_age_ma": 170.9, "min_age_ma": 165.3, "longitude": 99.440002, "latitude": 26.059999, "province": "Yunnan", "biological_group": "动物", "chapter_label": "第三章"}, "geometry": {"type": "Point", "coordinates": [99.440002, 26.059999]}}, {"type": "Feature", "properties": {"objectid": 1120, "fossil_id": 1252239, "species_name": "Ampullina cf. lorierei", "geological_stage": "Bajocian", "max_age_ma": 170.9, "min_age_ma": 165.3, "longitude": 99.440002, "latitude": 26.059999, "province": "Yunnan", "biological_group": "动物", "chapter_label": "第三章"}, "geometry": {"type": "Point", "coordinates": [99.440002, 26.059999]}}, {"type": "Feature", "properties": {"objectid": 1121, "fossil_id": 1252240, "species_name": "Amplovalvata sp.", "geological_stage": "Bajocian", "max_age_ma": 170.9, "min_age_ma": 165.3, "longitude": 99.57, "latitude": 25.26, "province": "Yunnan", "biological_group": "动物", "chapter_label": "第三章"}, "geometry": {"type": "Point", "coordinates": [99.57, 25.26]}}, {"type": "Feature", "properties": {"objectid": 1122, "fossil_id": 1252241, "species_name": "Amnicola mimalongensis", "geological_stage": "Bajocian", "max_age_ma": 170.9, "min_age_ma": 165.3, "longitude": 99.57, "latitude": 25.26, "province": "Yunnan", "biological_group": "动物", "chapter_label": "第三章"}, "geometry": {"type": "Point", "coordinates": [99.57, 25.26]}}, {"type": "Feature", "properties": {"objectid": 1123, "fossil_id": 1252242, "species_name": "? Lufengospira cf. obsoleta", "geological_stage": "Bajocian", "max_age_ma": 170.9, "min_age_ma": 165.3, "longitude": 99.57, "latitude": 25.26, "province": "Yunnan", "biological_group": "动物", "chapter_label": "第三章"}, "geometry": {"type": "Point", "coordinates": [99.57, 25.26]}}, {"type": "Feature", "properties": {"objectid": 1124, "fossil_id": 1252243, "species_name": "? Lufengospira yonglingensis n. sp.", "geological_stage": "Bajocian", "max_age_ma": 170.9, "min_age_ma": 165.3, "longitude": 99.57, "latitude": 25.26, "province": "Yunnan", "biological_group": "动物", "chapter_label": "第三章"}, "geometry": {"type": "Point", "coordinates": [99.57, 25.26]}}, {"type": "Feature", "properties": {"objectid": 1131, "fossil_id": 1252250, "species_name": "Amnicola yunlongensis n. sp.", "geological_stage": "Paleocene", "max_age_ma": 66.0, "min_age_ma": 56.0, "longitude": 99.25, "latitude": 25.870001, "province": "Yunnan", "biological_group": "动物", "chapter_label": "第三章"}, "geometry": {"type": "Point", "coordinates": [99.25, 25.870001]}}, {"type": "Feature", "properties": {"objectid": 1134, "fossil_id": 1252253, "species_name": "Bithynia yunlongensis n. sp.", "geological_stage": "Paleocene", "max_age_ma": 66.0, "min_age_ma": 56.0, "longitude": 99.25, "latitude": 25.870001, "province": "Yunnan", "biological_group": "动物", "chapter_label": "第三章"}, "geometry": {"type": "Point", "coordinates": [99.25, 25.870001]}}, {"type": "Feature", "properties": {"objectid": 1137, "fossil_id": 1252256, "species_name": "Gyraulus <sp. 1>", "geological_stage": "Paleocene", "max_age_ma": 66.0, "min_age_ma": 56.0, "longitude": 99.349998, "latitude": 25.91, "province": "Yunnan", "biological_group": "动物", "chapter_label": "第三章"}, "geometry": {"type": "Point", "coordinates": [99.349998, 25.91]}}, {"type": "Feature", "properties": {"objectid": 1140, "fossil_id": 1252259, "species_name": "Vitrina obliqua n. sp.", "geological_stage": "Paleocene", "max_age_ma": 66.0, "min_age_ma": 56.0, "longitude": 99.349998, "latitude": 25.91, "province": "Yunnan", "biological_group": "动物", "chapter_label": "第三章"}, "geometry": {"type": "Point", "coordinates": [99.349998, 25.91]}}, {"type": "Feature", "properties": {"objectid": 1144, "fossil_id": 1252267, "species_name": "Neritoma (Neridomus) ovallella n. sp.", "geological_stage": "Bajocian", "max_age_ma": 170.9, "min_age_ma": 165.3, "longitude": 99.589996, "latitude": 25.875, "province": "Yunnan", "biological_group": "动物", "chapter_label": "第三章"}, "geometry": {"type": "Point", "coordinates": [99.589996, 25.875]}}, {"type": "Feature", "properties": {"objectid": 1145, "fossil_id": 1252268, "species_name": "Lioplacodes orientalis", "geological_stage": "Bajocian", "max_age_ma": 170.9, "min_age_ma": 165.3, "longitude": 100.239998, "latitude": 25.32, "province": "Yunnan", "biological_group": "动物", "chapter_label": "第三章"}, "geometry": {"type": "Point", "coordinates": [100.239998, 25.32]}}, {"type": "Feature", "properties": {"objectid": 1146, "fossil_id": 1252269, "species_name": "Amnicola yunnanensis", "geological_stage": "Bajocian", "max_age_ma": 170.9, "min_age_ma": 165.3, "longitude": 100.239998, "latitude": 25.32, "province": "Yunnan", "biological_group": "动物", "chapter_label": "第三章"}, "geometry": {"type": "Point", "coordinates": [100.239998, 25.32]}}, {"type": "Feature", "properties": {"objectid": 1147, "fossil_id": 1252271, "species_name": "Viviparus jingguensis", "geological_stage": "Bajocian", "max_age_ma": 170.9, "min_age_ma": 165.3, "longitude": 100.239998, "latitude": 25.32, "province": "Yunnan", "biological_group": "动物", "chapter_label": "第三章"}, "geometry": {"type": "Point", "coordinates": [100.239998, 25.32]}}, {"type": "Feature", "properties": {"objectid": 1148, "fossil_id": 1252273, "species_name": "Tulotomoides antiqua n. sp.", "geological_stage": "Bajocian", "max_age_ma": 170.9, "min_age_ma": 165.3, "longitude": 99.949997, "latitude": 25.65, "province": "Yunnan", "biological_group": "动物", "chapter_label": "第三章"}, "geometry": {"type": "Point", "coordinates": [99.949997, 25.65]}}, {"type": "Feature", "properties": {"objectid": 1149, "fossil_id": 1252274, "species_name": "Lioplacodes orientalis", "geological_stage": "Bajocian", "max_age_ma": 170.9, "min_age_ma": 165.3, "longitude": 99.949997, "latitude": 25.65, "province": "Yunnan", "biological_group": "动物", "chapter_label": "第三章"}, "geometry": {"type": "Point", "coordinates": [99.949997, 25.65]}}, {"type": "Feature", "properties": {"objectid": 1150, "fossil_id": 1252275, "species_name": "Amnicola yangbiensis n. sp.", "geological_stage": "Bajocian", "max_age_ma": 170.9, "min_age_ma": 165.3, "longitude": 99.949997, "latitude": 25.65, "province": "Yunnan", "biological_group": "动物", "chapter_label": "第三章"}, "geometry": {"type": "Point", "coordinates": [99.949997, 25.65]}}, {"type": "Feature", "properties": {"objectid": 1151, "fossil_id": 1252276, "species_name": "Galba yunnanensis", "geological_stage": "Bajocian", "max_age_ma": 170.9, "min_age_ma": 165.3, "longitude": 99.949997, "latitude": 25.65, "province": "Yunnan", "biological_group": "动物", "chapter_label": "第三章"}, "geometry": {"type": "Point", "coordinates": [99.949997, 25.65]}}, {"type": "Feature", "properties": {"objectid": 1152, "fossil_id": 1252278, "species_name": "Gyraulus <sp. 2>", "geological_stage": "Oxfordian", "max_age_ma": 161.5, "min_age_ma": 149.2, "longitude": 100.904999, "latitude": 25.34, "province": "Yunnan", "biological_group": "动物", "chapter_label": "第三章"}, "geometry": {"type": "Point", "coordinates": [100.904999, 25.34]}}, {"type": "Feature", "properties": {"objectid": 1330, "fossil_id": 1440128, "species_name": "Trigonioides (Wakinoa) antiqua n. sp.", "geological_stage": "Early Cretaceous", "max_age_ma": 143.1, "min_age_ma": 100.5, "longitude": 100.904999, "latitude": 25.34, "province": "Yunnan", "biological_group": "动物", "chapter_label": "第三章"}, "geometry": {"type": "Point", "coordinates": [100.904999, 25.34]}}, {"type": "Feature", "properties": {"objectid": 1153, "fossil_id": 1252280, "species_name": "Physa <sp. 1>", "geological_stage": "Late Cretaceous", "max_age_ma": 100.5, "min_age_ma": 66.0, "longitude": 101.510002, "latitude": 22.49, "province": "Yunnan", "biological_group": "动物", "chapter_label": "第三章"}, "geometry": {"type": "Point", "coordinates": [101.510002, 22.49]}}, {"type": "Feature", "properties": {"objectid": 1154, "fossil_id": 1252281, "species_name": "Physa <sp. 3>", "geological_stage": "Late Cretaceous", "max_age_ma": 100.5, "min_age_ma": 66.0, "longitude": 101.510002, "latitude": 22.49, "province": "Yunnan", "biological_group": "动物", "chapter_label": "第三章"}, "geometry": {"type": "Point", "coordinates": [101.510002, 22.49]}}, {"type": "Feature", "properties": {"objectid": 1155, "fossil_id": 1252282, "species_name": "Physa <sp. 1>", "geological_stage": "Late Cretaceous", "max_age_ma": 100.5, "min_age_ma": 66.0, "longitude": 101.510002, "latitude": 22.49, "province": "Yunnan", "biological_group": "动物", "chapter_label": "第三章"}, "geometry": {"type": "Point", "coordinates": [101.510002, 22.49]}}, {"type": "Feature", "properties": {"objectid": 1156, "fossil_id": 1252283, "species_name": "Physa <sp. 2>", "geological_stage": "Late Cretaceous", "max_age_ma": 100.5, "min_age_ma": 66.0, "longitude": 101.510002, "latitude": 22.49, "province": "Yunnan", "biological_group": "动物", "chapter_label": "第三章"}, "geometry": {"type": "Point", "coordinates": [101.510002, 22.49]}}, {"type": "Feature", "properties": {"objectid": 1188, "fossil_id": 1307226, "species_name": "Eucricetodon caducus", "geological_stage": "Early Oligocene", "max_age_ma": 33.9, "min_age_ma": 27.3, "longitude": 103.951469, "latitude": 25.386646, "province": "Yunnan", "biological_group": "动物", "chapter_label": "第三章"}, "geometry": {"type": "Point", "coordinates": [103.951469, 25.386646]}}, {"type": "Feature", "properties": {"objectid": 1197, "fossil_id": 1308081, "species_name": "Dianomys obscuratus", "geological_stage": "Late Eocene", "max_age_ma": 37.71, "min_age_ma": 33.9, "longitude": 103.951469, "latitude": 25.386646, "province": "Yunnan", "biological_group": "动物", "chapter_label": "第三章"}, "geometry": {"type": "Point", "coordinates": [103.951469, 25.386646]}}, {"type": "Feature", "properties": {"objectid": 1207, "fossil_id": 1308680, "species_name": "Eucricetodon leptaleos", "geological_stage": "Late Eocene", "max_age_ma": 37.71, "min_age_ma": 33.9, "longitude": 103.951469, "latitude": 25.386646, "province": "Yunnan", "biological_group": "动物", "chapter_label": "第三章"}, "geometry": {"type": "Point", "coordinates": [103.951469, 25.386646]}}, {"type": "Feature", "properties": {"objectid": 1238, "fossil_id": 1347628, "species_name": "Brontotheriidae indet.", "geological_stage": "Late Eocene", "max_age_ma": 37.71, "min_age_ma": 33.9, "longitude": 103.951469, "latitude": 25.386646, "province": "Yunnan", "biological_group": "动物", "chapter_label": "第三章"}, "geometry": {"type": "Point", "coordinates": [103.951469, 25.386646]}}, {"type": "Feature", "properties": {"objectid": 1216, "fossil_id": 1314139, "species_name": "Yuomys yunnanensis n. sp.", "geological_stage": "Late Eocene", "max_age_ma": 37.71, "min_age_ma": 33.9, "longitude": 103.040276, "latitude": 23.861668, "province": "Yunnan", "biological_group": "动物", "chapter_label": "第三章"}, "geometry": {"type": "Point", "coordinates": [103.040276, 23.861668]}}, {"type": "Feature", "properties": {"objectid": 1217, "fossil_id": 1314140, "species_name": "? Perissodactyla indet.", "geological_stage": "Late Eocene", "max_age_ma": 37.71, "min_age_ma": 33.9, "longitude": 103.040276, "latitude": 23.861668, "province": "Yunnan", "biological_group": "动物", "chapter_label": "第三章"}, "geometry": {"type": "Point", "coordinates": [103.040276, 23.861668]}}, {"type": "Feature", "properties": {"objectid": 1218, "fossil_id": 1314141, "species_name": "? Edentata indet.", "geological_stage": "Late Eocene", "max_age_ma": 37.71, "min_age_ma": 33.9, "longitude": 103.040276, "latitude": 23.861668, "province": "Yunnan", "biological_group": "动物", "chapter_label": "第三章"}, "geometry": {"type": "Point", "coordinates": [103.040276, 23.861668]}}, {"type": "Feature", "properties": {"objectid": 1228, "fossil_id": 1338434, "species_name": "Gigantamynodon maguanensis n. sp.", "geological_stage": "Oligocene", "max_age_ma": 33.9, "min_age_ma": 23.04, "longitude": 104.392776, "latitude": 23.0, "province": "Yunnan", "biological_group": "动物", "chapter_label": "第三章"}, "geometry": {"type": "Point", "coordinates": [104.392776, 23.0]}}, {"type": "Feature", "properties": {"objectid": 1929, "fossil_id": 1588124, "species_name": "Sequoia maguanensis n. sp.", "geological_stage": "Late Miocene", "max_age_ma": 11.63, "min_age_ma": 5.333, "longitude": 104.383331, "latitude": 23.016666, "province": "Yunnan", "biological_group": "动物", "chapter_label": "第三章"}, "geometry": {"type": "Point", "coordinates": [104.383331, 23.016666]}}, {"type": "Feature", "properties": {"objectid": 1998, "fossil_id": 1588849, "species_name": "Craigia sp.", "geological_stage": "Late Miocene", "max_age_ma": 11.63, "min_age_ma": 5.333, "longitude": 104.383331, "latitude": 23.016666, "province": "Yunnan", "biological_group": "动物", "chapter_label": "第三章"}, "geometry": {"type": "Point", "coordinates": [104.383331, 23.016666]}}, {"type": "Feature", "properties": {"objectid": 2001, "fossil_id": 1588852, "species_name": "Acer sp.", "geological_stage": "Late Miocene", "max_age_ma": 11.63, "min_age_ma": 5.333, "longitude": 104.383331, "latitude": 23.016666, "province": "Yunnan", "biological_group": "动物", "chapter_label": "第三章"}, "geometry": {"type": "Point", "coordinates": [104.383331, 23.016666]}}, {"type": "Feature", "properties": {"objectid": 1272, "fossil_id": 1355154, "species_name": "Siamogale melilutra n. sp.", "geological_stage": "Baodean", "max_age_ma": 11.1, "min_age_ma": 5.09, "longitude": 103.716667, "latitude": 27.316668, "province": "Yunnan", "biological_group": "动物", "chapter_label": "第三章"}, "geometry": {"type": "Point", "coordinates": [103.716667, 27.316668]}}, {"type": "Feature", "properties": {"objectid": 1277, "fossil_id": 1355159, "species_name": "Tapirus sp.", "geological_stage": "Baodean", "max_age_ma": 11.1, "min_age_ma": 5.09, "longitude": 103.716667, "latitude": 27.316668, "province": "Yunnan", "biological_group": "动物", "chapter_label": "第三章"}, "geometry": {"type": "Point", "coordinates": [103.716667, 27.316668]}}, {"type": "Feature", "properties": {"objectid": 1990, "fossil_id": 1588841, "species_name": "Euryale yunnanensis n. sp.", "geological_stage": "Baodean", "max_age_ma": 11.1, "min_age_ma": 5.09, "longitude": 103.716667, "latitude": 27.316668, "province": "Yunnan", "biological_group": "动物", "chapter_label": "第三章"}, "geometry": {"type": "Point", "coordinates": [103.716667, 27.316668]}}, {"type": "Feature", "properties": {"objectid": 2052, "fossil_id": 1627260, "species_name": "Alilepus sp.", "geological_stage": "Late Miocene", "max_age_ma": 11.63, "min_age_ma": 5.333, "longitude": 103.716599, "latitude": 27.31666, "province": "Yunnan", "biological_group": "动物", "chapter_label": "第三章"}, "geometry": {"type": "Point", "coordinates": [103.716599, 27.31666]}}, {"type": "Feature", "properties": {"objectid": 1300, "fossil_id": 1417409, "species_name": "cf. Askeptosaurus sp.", "geological_stage": "Longobardian", "max_age_ma": 239.48, "min_age_ma": 237.0, "longitude": 104.491112, "latitude": 24.975555, "province": "Yunnan", "biological_group": "动物", "chapter_label": "第三章"}, "geometry": {"type": "Point", "coordinates": [104.491112, 24.975555]}}, {"type": "Feature", "properties": {"objectid": 1301, "fossil_id": 1417410, "species_name": "Keichousaurus hui", "geological_stage": "Longobardian", "max_age_ma": 239.48, "min_age_ma": 237.0, "longitude": 104.491112, "latitude": 24.975555, "province": "Yunnan", "biological_group": "动物", "chapter_label": "第三章"}, "geometry": {"type": "Point", "coordinates": [104.491112, 24.975555]}}, {"type": "Feature", "properties": {"objectid": 1304, "fossil_id": 1418525, "species_name": "Lariosaurus sp.", "geological_stage": "Longobardian", "max_age_ma": 239.48, "min_age_ma": 237.0, "longitude": 104.491112, "latitude": 24.975555, "province": "Yunnan", "biological_group": "动物", "chapter_label": "第三章"}, "geometry": {"type": "Point", "coordinates": [104.491112, 24.975555]}}, {"type": "Feature", "properties": {"objectid": 1385, "fossil_id": 1515493, "species_name": "Frankites sp.", "geological_stage": "Longobardian", "max_age_ma": 239.48, "min_age_ma": 237.0, "longitude": 104.491112, "latitude": 24.975555, "province": "Yunnan", "biological_group": "动物", "chapter_label": "第三章"}, "geometry": {"type": "Point", "coordinates": [104.491112, 24.975555]}}, {"type": "Feature", "properties": {"objectid": 1315, "fossil_id": 1439377, "species_name": "Parahalobia posidoniiformis n. sp.", "geological_stage": "Ladinian", "max_age_ma": 241.464, "min_age_ma": 237.0, "longitude": 103.997498, "latitude": 23.811111, "province": "Yunnan", "biological_group": "动物", "chapter_label": "第三章"}, "geometry": {"type": "Point", "coordinates": [103.997498, 23.811111]}}, {"type": "Feature", "properties": {"objectid": 1318, "fossil_id": 1439384, "species_name": "Bupecten (Linobupecten) reticularis n. sp.", "geological_stage": "Late Triassic", "max_age_ma": 237.0, "min_age_ma": 201.4, "longitude": 100.883057, "latitude": 23.000557, "province": "Yunnan", "biological_group": "动物", "chapter_label": "第三章"}, "geometry": {"type": "Point", "coordinates": [100.883057, 23.000557]}}, {"type": "Feature", "properties": {"objectid": 1716, "fossil_id": 1584847, "species_name": "Quercus paradelavayi", "geological_stage": "Neogene", "max_age_ma": 23.04, "min_age_ma": 2.58, "longitude": 101.0, "latitude": 23.0, "province": "Yunnan", "biological_group": "动物", "chapter_label": "第三章"}, "geometry": {"type": "Point", "coordinates": [101.0, 23.0]}}, {"type": "Feature", "properties": {"objectid": 1319, "fossil_id": 1439464, "species_name": "Luxitrigonia menggaensis n. sp.", "geological_stage": "Middle Jurassic", "max_age_ma": 174.7, "min_age_ma": 161.5, "longitude": 98.446114, "latitude": 24.258333, "province": "Yunnan", "biological_group": "动物", "chapter_label": "第三章"}, "geometry": {"type": "Point", "coordinates": [98.446114, 24.258333]}}, {"type": "Feature", "properties": {"objectid": 1320, "fossil_id": 1439466, "species_name": "Trigonia (Protrigonia) yunnanensis n. sp.", "geological_stage": "Rhaetian", "max_age_ma": 205.7, "min_age_ma": 201.4, "longitude": 99.285835, "latitude": 27.191111, "province": "Yunnan", "biological_group": "动物", "chapter_label": "第三章"}, "geometry": {"type": "Point", "coordinates": [99.285835, 27.191111]}}, {"type": "Feature", "properties": {"objectid": 1321, "fossil_id": 1439467, "species_name": "Acanomyophoria tuberosa n. sp.", "geological_stage": "Late Triassic", "max_age_ma": 237.0, "min_age_ma": 201.4, "longitude": 100.656113, "latitude": 22.927778, "province": "Yunnan", "biological_group": "动物", "chapter_label": "第三章"}, "geometry": {"type": "Point", "coordinates": [100.656113, 22.927778]}}, {"type": "Feature", "properties": {"objectid": 1326, "fossil_id": 1440119, "species_name": "Cyotrigonioides puerensis n. sp.", "geological_stage": "Early Cretaceous", "max_age_ma": 143.1, "min_age_ma": 100.5, "longitude": 101.56778, "latitude": 22.805834, "province": "Yunnan", "biological_group": "动物", "chapter_label": "第三章"}, "geometry": {"type": "Point", "coordinates": [101.56778, 22.805834]}}, {"type": "Feature", "properties": {"objectid": 1327, "fossil_id": 1440120, "species_name": "Sinonaia jingdongensis n. sp.", "geological_stage": "Early Cretaceous", "max_age_ma": 143.1, "min_age_ma": 100.5, "longitude": 100.835831, "latitude": 23.415833, "province": "Yunnan", "biological_group": "动物", "chapter_label": "第三章"}, "geometry": {"type": "Point", "coordinates": [100.835831, 23.415833]}}, {"type": "Feature", "properties": {"objectid": 1680, "fossil_id": 1584476, "species_name": "Rhododendron sp.", "geological_stage": "Oligocene", "max_age_ma": 33.9, "min_age_ma": 23.04, "longitude": 100.833336, "latitude": 23.5, "province": "Yunnan", "biological_group": "动物", "chapter_label": "第三章"}, "geometry": {"type": "Point", "coordinates": [100.833336, 23.5]}}, {"type": "Feature", "properties": {"objectid": 1715, "fossil_id": 1584846, "species_name": "Quercus parachampionii", "geological_stage": "Oligocene", "max_age_ma": 33.9, "min_age_ma": 23.04, "longitude": 100.833336, "latitude": 23.5, "province": "Yunnan", "biological_group": "动物", "chapter_label": "第三章"}, "geometry": {"type": "Point", "coordinates": [100.833336, 23.5]}}, {"type": "Feature", "properties": {"objectid": 1758, "fossil_id": 1585225, "species_name": "Cercis sp.", "geological_stage": "Oligocene", "max_age_ma": 33.9, "min_age_ma": 23.04, "longitude": 100.833336, "latitude": 23.5, "province": "Yunnan", "biological_group": "动物", "chapter_label": "第三章"}, "geometry": {"type": "Point", "coordinates": [100.833336, 23.5]}}, {"type": "Feature", "properties": {"objectid": 1329, "fossil_id": 1440123, "species_name": "Nippononaia (Eonippononaia) diana n. sp.", "geological_stage": "Early Cretaceous", "max_age_ma": 143.1, "min_age_ma": 100.5, "longitude": 101.379997, "latitude": 21.709723, "province": "Yunnan", "biological_group": "动物", "chapter_label": "第三章"}, "geometry": {"type": "Point", "coordinates": [101.379997, 21.709723]}}, {"type": "Feature", "properties": {"objectid": 1332, "fossil_id": 1440376, "species_name": "Plicatounio (Enotrigonioides) alatus n. sp.", "geological_stage": "Early Cretaceous", "max_age_ma": 143.1, "min_age_ma": 100.5, "longitude": 101.633331, "latitude": 23.019722, "province": "Yunnan", "biological_group": "动物", "chapter_label": "第三章"}, "geometry": {"type": "Point", "coordinates": [101.633331, 23.019722]}}, {"type": "Feature", "properties": {"objectid": 1348, "fossil_id": 1476275, "species_name": "Pteria cf. ussurica", "geological_stage": "Griesbachian", "max_age_ma": 251.902, "min_age_ma": 250.5, "longitude": 104.385277, "latitude": 26.4825, "province": "Yunnan", "biological_group": "动物", "chapter_label": "第三章"}, "geometry": {"type": "Point", "coordinates": [104.385277, 26.4825]}}, {"type": "Feature", "properties": {"objectid": 1349, "fossil_id": 1476276, "species_name": "Austrotindaria antiqua", "geological_stage": "Griesbachian", "max_age_ma": 251.902, "min_age_ma": 250.5, "longitude": 104.385277, "latitude": 26.4825, "province": "Yunnan", "biological_group": "动物", "chapter_label": "第三章"}, "geometry": {"type": "Point", "coordinates": [104.385277, 26.4825]}}, {"type": "Feature", "properties": {"objectid": 1351, "fossil_id": 1476278, "species_name": "Pteria cf. ussurica", "geological_stage": "Griesbachian", "max_age_ma": 251.902, "min_age_ma": 250.5, "longitude": 104.385277, "latitude": 26.4825, "province": "Yunnan", "biological_group": "动物", "chapter_label": "第三章"}, "geometry": {"type": "Point", "coordinates": [104.385277, 26.4825]}}, {"type": "Feature", "properties": {"objectid": 1352, "fossil_id": 1476279, "species_name": "Austrotindaria antiqua", "geological_stage": "Griesbachian", "max_age_ma": 251.902, "min_age_ma": 250.5, "longitude": 104.385277, "latitude": 26.4825, "province": "Yunnan", "biological_group": "动物", "chapter_label": "第三章"}, "geometry": {"type": "Point", "coordinates": [104.385277, 26.4825]}}, {"type": "Feature", "properties": {"objectid": 1381, "fossil_id": 1509445, "species_name": "Archepseudophylla nanzhaoica n. sp.", "geological_stage": "Rupelian", "max_age_ma": 33.9, "min_age_ma": 27.3, "longitude": 104.283333, "latitude": 23.35, "province": "Yunnan", "biological_group": "动物", "chapter_label": "第三章"}, "geometry": {"type": "Point", "coordinates": [104.283333, 23.35]}}, {"type": "Feature", "properties": {"objectid": 1920, "fossil_id": 1588115, "species_name": "Ficus microtrivia n. sp.", "geological_stage": "Early Miocene", "max_age_ma": 23.04, "min_age_ma": 11.63, "longitude": 104.283333, "latitude": 23.333332, "province": "Yunnan", "biological_group": "动物", "chapter_label": "第三章"}, "geometry": {"type": "Point", "coordinates": [104.283333, 23.333332]}}, {"type": "Feature", "properties": {"objectid": 1925, "fossil_id": 1588120, "species_name": "Bauhinia wenshanensis n. sp.", "geological_stage": "Late Miocene", "max_age_ma": 11.63, "min_age_ma": 5.333, "longitude": 104.283333, "latitude": 23.333332, "province": "Yunnan", "biological_group": "动物", "chapter_label": "第三章"}, "geometry": {"type": "Point", "coordinates": [104.283333, 23.333332]}}, {"type": "Feature", "properties": {"objectid": 1930, "fossil_id": 1588125, "species_name": "Sequoia maguanensis", "geological_stage": "Late Miocene", "max_age_ma": 11.63, "min_age_ma": 5.333, "longitude": 104.283333, "latitude": 23.333332, "province": "Yunnan", "biological_group": "动物", "chapter_label": "第三章"}, "geometry": {"type": "Point", "coordinates": [104.283333, 23.333332]}}, {"type": "Feature", "properties": {"objectid": 1383, "fossil_id": 1514312, "species_name": "Irisosaurus yimenensis n. gen. n. sp.", "geological_stage": "Pliensbachian", "max_age_ma": 192.9, "min_age_ma": 184.2, "longitude": 102.237389, "latitude": 24.648998, "province": "Yunnan", "biological_group": "动物", "chapter_label": "第三章"}, "geometry": {"type": "Point", "coordinates": [102.237389, 24.648998]}}, {"type": "Feature", "properties": {"objectid": 2028, "fossil_id": 1597446, "species_name": "Yuxisaurus kopchicki n. gen. n. sp.", "geological_stage": "Pliensbachian", "max_age_ma": 192.9, "min_age_ma": 184.2, "longitude": 102.237389, "latitude": 24.648998, "province": "Yunnan", "biological_group": "动物", "chapter_label": "第三章"}, "geometry": {"type": "Point", "coordinates": [102.237389, 24.648998]}}, {"type": "Feature", "properties": {"objectid": 1394, "fossil_id": 1562478, "species_name": "Astrocentrus sp.", "geological_stage": "Spathian", "max_age_ma": 248.1, "min_age_ma": 244.99, "longitude": 99.71917, "latitude": 22.450001, "province": "Yunnan", "biological_group": "动物", "chapter_label": "第三章"}, "geometry": {"type": "Point", "coordinates": [99.71917, 22.450001]}}, {"type": "Feature", "properties": {"objectid": 1427, "fossil_id": 1562512, "species_name": "Triassocampe nanpanensis", "geological_stage": "Pelsonian", "max_age_ma": 244.24, "min_age_ma": 243.33, "longitude": 99.71917, "latitude": 22.450001, "province": "Yunnan", "biological_group": "动物", "chapter_label": "第三章"}, "geometry": {"type": "Point", "coordinates": [99.71917, 22.450001]}}, {"type": "Feature", "properties": {"objectid": 1460, "fossil_id": 1562584, "species_name": "Tiborella florida", "geological_stage": "Pelsonian", "max_age_ma": 244.24, "min_age_ma": 243.33, "longitude": 99.71917, "latitude": 22.450001, "province": "Yunnan", "biological_group": "动物", "chapter_label": "第三章"}, "geometry": {"type": "Point", "coordinates": [99.71917, 22.450001]}}, {"type": "Feature", "properties": {"objectid": 1493, "fossil_id": 1562618, "species_name": "Tiborella florida", "geological_stage": "Pelsonian", "max_age_ma": 244.24, "min_age_ma": 243.33, "longitude": 99.71917, "latitude": 22.450001, "province": "Yunnan", "biological_group": "动物", "chapter_label": "第三章"}, "geometry": {"type": "Point", "coordinates": [99.71917, 22.450001]}}, {"type": "Feature", "properties": {"objectid": 1529, "fossil_id": 1574441, "species_name": "Louwoichthys pusillus", "geological_stage": "Pelsonian", "max_age_ma": 244.24, "min_age_ma": 243.33, "longitude": 104.199997, "latitude": 24.9, "province": "Yunnan", "biological_group": "动物", "chapter_label": "第三章"}, "geometry": {"type": "Point", "coordinates": [104.199997, 24.9]}}, {"type": "Feature", "properties": {"objectid": 2058, "fossil_id": 1638670, "species_name": "Sinoeugnathus kueichowensis", "geological_stage": "Longobardian", "max_age_ma": 239.48, "min_age_ma": 237.0, "longitude": 104.0, "latitude": 24.84, "province": "Yunnan", "biological_group": "动物", "chapter_label": "第三章"}, "geometry": {"type": "Point", "coordinates": [104.0, 24.84]}}, {"type": "Feature", "properties": {"objectid": 2060, "fossil_id": 1648021, "species_name": "Honghesaurus longicaudalis n. gen. n. sp.", "geological_stage": "Pelsonian", "max_age_ma": 244.24, "min_age_ma": 243.33, "longitude": 104.199997, "latitude": 24.9, "province": "Yunnan", "biological_group": "动物", "chapter_label": "第三章"}, "geometry": {"type": "Point", "coordinates": [104.199997, 24.9]}}, {"type": "Feature", "properties": {"objectid": 1533, "fossil_id": 1576478, "species_name": "Glyptostrobus europaeus", "geological_stage": "Late Miocene", "max_age_ma": 11.63, "min_age_ma": 5.333, "longitude": 100.01667, "latitude": 23.9, "province": "Yunnan", "biological_group": "动物", "chapter_label": "第三章"}, "geometry": {"type": "Point", "coordinates": [100.01667, 23.9]}}, {"type": "Feature", "properties": {"objectid": 1562, "fossil_id": 1576507, "species_name": "Celtis miobungeana", "geological_stage": "Late Miocene", "max_age_ma": 11.63, "min_age_ma": 5.333, "longitude": 100.01667, "latitude": 23.9, "province": "Yunnan", "biological_group": "动物", "chapter_label": "第三章"}, "geometry": {"type": "Point", "coordinates": [100.01667, 23.9]}}, {"type": "Feature", "properties": {"objectid": 1591, "fossil_id": 1576536, "species_name": "Bumelia pseudolycioides", "geological_stage": "Late Miocene", "max_age_ma": 11.63, "min_age_ma": 5.333, "longitude": 100.01667, "latitude": 23.9, "province": "Yunnan", "biological_group": "动物", "chapter_label": "第三章"}, "geometry": {"type": "Point", "coordinates": [100.01667, 23.9]}}, {"type": "Feature", "properties": {"objectid": 1759, "fossil_id": 1585226, "species_name": "Dalbergia yunnanensis", "geological_stage": "Late Miocene", "max_age_ma": 11.63, "min_age_ma": 5.333, "longitude": 100.01667, "latitude": 23.9, "province": "Yunnan", "biological_group": "动物", "chapter_label": "第三章"}, "geometry": {"type": "Point", "coordinates": [100.01667, 23.9]}}, {"type": "Feature", "properties": {"objectid": 1597, "fossil_id": 1576547, "species_name": "Magnolia miocenica", "geological_stage": "Late Miocene", "max_age_ma": 11.63, "min_age_ma": 5.333, "longitude": 103.197777, "latitude": 23.8125, "province": "Yunnan", "biological_group": "动物", "chapter_label": "第三章"}, "geometry": {"type": "Point", "coordinates": [103.197777, 23.8125]}}, {"type": "Feature", "properties": {"objectid": 1611, "fossil_id": 1576562, "species_name": "Lithocarpus sp.", "geological_stage": "Late Miocene", "max_age_ma": 11.63, "min_age_ma": 5.333, "longitude": 103.197777, "latitude": 23.8125, "province": "Yunnan", "biological_group": "动物", "chapter_label": "第三章"}, "geometry": {"type": "Point", "coordinates": [103.197777, 23.8125]}}, {"type": "Feature", "properties": {"objectid": 1626, "fossil_id": 1576584, "species_name": "Dalbergia lucida", "geological_stage": "Late Miocene", "max_age_ma": 11.63, "min_age_ma": 5.333, "longitude": 103.197777, "latitude": 23.8125, "province": "Yunnan", "biological_group": "动物", "chapter_label": "第三章"}, "geometry": {"type": "Point", "coordinates": [103.197777, 23.8125]}}, {"type": "Feature", "properties": {"objectid": 1640, "fossil_id": 1576598, "species_name": "Acer macrophyllum", "geological_stage": "Late Miocene", "max_age_ma": 11.63, "min_age_ma": 5.333, "longitude": 103.197777, "latitude": 23.8125, "province": "Yunnan", "biological_group": "动物", "chapter_label": "第三章"}, "geometry": {"type": "Point", "coordinates": [103.197777, 23.8125]}}, {"type": "Feature", "properties": {"objectid": 1649, "fossil_id": 1583811, "species_name": "Osmunda japonica", "geological_stage": "Middle Miocene", "max_age_ma": 15.98, "min_age_ma": 5.333, "longitude": 103.150002, "latitude": 24.9, "province": "Yunnan", "biological_group": "动物", "chapter_label": "第三章"}, "geometry": {"type": "Point", "coordinates": [103.150002, 24.9]}}, {"type": "Feature", "properties": {"objectid": 1653, "fossil_id": 1583907, "species_name": "Calocedrus lantenoisii", "geological_stage": "Middle Miocene", "max_age_ma": 15.98, "min_age_ma": 5.333, "longitude": 103.150002, "latitude": 24.9, "province": "Yunnan", "biological_group": "动物", "chapter_label": "第三章"}, "geometry": {"type": "Point", "coordinates": [103.150002, 24.9]}}, {"type": "Feature", "properties": {"objectid": 1689, "fossil_id": 1584518, "species_name": "Dryophyllum yunnanense", "geological_stage": "Middle Miocene", "max_age_ma": 15.98, "min_age_ma": 5.333, "longitude": 103.150002, "latitude": 24.9, "province": "Yunnan", "biological_group": "动物", "chapter_label": "第三章"}, "geometry": {"type": "Point", "coordinates": [103.150002, 24.9]}}, {"type": "Feature", "properties": {"objectid": 1722, "fossil_id": 1584857, "species_name": "Quercus relongtanensis", "geological_stage": "Middle Miocene", "max_age_ma": 15.98, "min_age_ma": 5.333, "longitude": 103.150002, "latitude": 24.9, "province": "Yunnan", "biological_group": "动物", "chapter_label": "第三章"}, "geometry": {"type": "Point", "coordinates": [103.150002, 24.9]}}, {"type": "Feature", "properties": {"objectid": 1656, "fossil_id": 1584027, "species_name": "Picea yunnanensis", "geological_stage": "Late Pliocene", "max_age_ma": 3.6, "min_age_ma": 2.58, "longitude": 100.0, "latitude": 26.016666, "province": "Yunnan", "biological_group": "动物", "chapter_label": "第三章"}, "geometry": {"type": "Point", "coordinates": [100.0, 26.016666]}}, {"type": "Feature", "properties": {"objectid": 1700, "fossil_id": 1584814, "species_name": "Quercus gilliana", "geological_stage": "Late Pliocene", "max_age_ma": 3.6, "min_age_ma": 2.58, "longitude": 100.0, "latitude": 26.016666, "province": "Yunnan", "biological_group": "动物", "chapter_label": "第三章"}, "geometry": {"type": "Point", "coordinates": [100.0, 26.016666]}}, {"type": "Feature", "properties": {"objectid": 1727, "fossil_id": 1584870, "species_name": "Quercus spathulata", "geological_stage": "Late Pliocene", "max_age_ma": 3.6, "min_age_ma": 2.58, "longitude": 100.0, "latitude": 26.016666, "province": "Yunnan", "biological_group": "动物", "chapter_label": "第三章"}, "geometry": {"type": "Point", "coordinates": [100.0, 26.016666]}}, {"type": "Feature", "properties": {"objectid": 1831, "fossil_id": 1587997, "species_name": "Quercus aquifolioides", "geological_stage": "Late Pliocene", "max_age_ma": 3.6, "min_age_ma": 2.58, "longitude": 100.0, "latitude": 26.016666, "province": "Yunnan", "biological_group": "动物", "chapter_label": "第三章"}, "geometry": {"type": "Point", "coordinates": [100.0, 26.016666]}}, {"type": "Feature", "properties": {"objectid": 1660, "fossil_id": 1584212, "species_name": "Acer sp.", "geological_stage": "Early Miocene", "max_age_ma": 23.04, "min_age_ma": 11.63, "longitude": 98.833336, "latitude": 25.116667, "province": "Yunnan", "biological_group": "动物", "chapter_label": "第三章"}, "geometry": {"type": "Point", "coordinates": [98.833336, 25.116667]}}, {"type": "Feature", "properties": {"objectid": 1742, "fossil_id": 1584956, "species_name": "Litsea populifolia", "geological_stage": "Early Miocene", "max_age_ma": 23.04, "min_age_ma": 11.63, "longitude": 98.833336, "latitude": 25.116667, "province": "Yunnan", "biological_group": "动物", "chapter_label": "第三章"}, "geometry": {"type": "Point", "coordinates": [98.833336, 25.116667]}}, {"type": "Feature", "properties": {"objectid": 1796, "fossil_id": 1585417, "species_name": "Rhamnus hirsuta", "geological_stage": "Early Miocene", "max_age_ma": 23.04, "min_age_ma": 11.63, "longitude": 98.833336, "latitude": 25.116667, "province": "Yunnan", "biological_group": "动物", "chapter_label": "第三章"}, "geometry": {"type": "Point", "coordinates": [98.833336, 25.116667]}}, {"type": "Feature", "properties": {"objectid": 1836, "fossil_id": 1588002, "species_name": "Alangium aequalifolium", "geological_stage": "Early Miocene", "max_age_ma": 23.04, "min_age_ma": 11.63, "longitude": 98.833336, "latitude": 25.116667, "province": "Yunnan", "biological_group": "动物", "chapter_label": "第三章"}, "geometry": {"type": "Point", "coordinates": [98.833336, 25.116667]}}, {"type": "Feature", "properties": {"objectid": 1681, "fossil_id": 1584487, "species_name": "Mallotus wenshanensis n. sp.", "geological_stage": "Pliocene", "max_age_ma": 5.333, "min_age_ma": 2.58, "longitude": 104.333336, "latitude": 23.483334, "province": "Yunnan", "biological_group": "动物", "chapter_label": "第三章"}, "geometry": {"type": "Point", "coordinates": [104.333336, 23.483334]}}, {"type": "Feature", "properties": {"objectid": 1685, "fossil_id": 1584505, "species_name": "Castanopsis cf. miotibetana", "geological_stage": "Neogene", "max_age_ma": 23.04, "min_age_ma": 2.58, "longitude": 99.166664, "latitude": 23.166668, "province": "Yunnan", "biological_group": "动物", "chapter_label": "第三章"}, "geometry": {"type": "Point", "coordinates": [99.166664, 23.166668]}}, {"type": "Feature", "properties": {"objectid": 1780, "fossil_id": 1585289, "species_name": "Magnolia sp.", "geological_stage": "Neogene", "max_age_ma": 23.04, "min_age_ma": 2.58, "longitude": 99.166664, "latitude": 23.166668, "province": "Yunnan", "biological_group": "动物", "chapter_label": "第三章"}, "geometry": {"type": "Point", "coordinates": [99.166664, 23.166668]}}, {"type": "Feature", "properties": {"objectid": 1824, "fossil_id": 1587547, "species_name": "cf. Grallator sp.", "geological_stage": "Pliensbachian", "max_age_ma": 192.9, "min_age_ma": 184.2, "longitude": 102.262901, "latitude": 24.473, "province": "Yunnan", "biological_group": "动物", "chapter_label": "第三章"}, "geometry": {"type": "Point", "coordinates": [102.262901, 24.473]}}, {"type": "Feature", "properties": {"objectid": 1825, "fossil_id": 1587548, "species_name": "cf. Grallator sp.", "geological_stage": "Pliensbachian", "max_age_ma": 192.9, "min_age_ma": 184.2, "longitude": 102.262901, "latitude": 24.473, "province": "Yunnan", "biological_group": "动物", "chapter_label": "第三章"}, "geometry": {"type": "Point", "coordinates": [102.262901, 24.473]}}, {"type": "Feature", "properties": {"objectid": 1827, "fossil_id": 1587550, "species_name": "cf. Grallator sp.", "geological_stage": "Pliensbachian", "max_age_ma": 192.9, "min_age_ma": 184.2, "longitude": 102.262901, "latitude": 24.473, "province": "Yunnan", "biological_group": "动物", "chapter_label": "第三章"}, "geometry": {"type": "Point", "coordinates": [102.262901, 24.473]}}, {"type": "Feature", "properties": {"objectid": 1829, "fossil_id": 1587552, "species_name": "cf. Grallator sp.", "geological_stage": "Pliensbachian", "max_age_ma": 192.9, "min_age_ma": 184.2, "longitude": 102.262901, "latitude": 24.473, "province": "Yunnan", "biological_group": "动物", "chapter_label": "第三章"}, "geometry": {"type": "Point", "coordinates": [102.262901, 24.473]}}, {"type": "Feature", "properties": {"objectid": 1850, "fossil_id": 1588016, "species_name": "Calocedrus lantenoisii", "geological_stage": "Late Pliocene", "max_age_ma": 3.6, "min_age_ma": 2.58, "longitude": 98.633057, "latitude": 24.686943, "province": "Yunnan", "biological_group": "动物", "chapter_label": "第三章"}, "geometry": {"type": "Point", "coordinates": [98.633057, 24.686943]}}, {"type": "Feature", "properties": {"objectid": 1861, "fossil_id": 1588027, "species_name": "Cyclobalanopsis cf. multinervis", "geological_stage": "Late Pliocene", "max_age_ma": 3.6, "min_age_ma": 2.58, "longitude": 98.633057, "latitude": 24.686943, "province": "Yunnan", "biological_group": "动物", "chapter_label": "第三章"}, "geometry": {"type": "Point", "coordinates": [98.633057, 24.686943]}}, {"type": "Feature", "properties": {"objectid": 1872, "fossil_id": 1588039, "species_name": "Cinnamomum cf. subavenium", "geological_stage": "Late Pliocene", "max_age_ma": 3.6, "min_age_ma": 2.58, "longitude": 98.633057, "latitude": 24.686943, "province": "Yunnan", "biological_group": "动物", "chapter_label": "第三章"}, "geometry": {"type": "Point", "coordinates": [98.633057, 24.686943]}}, {"type": "Feature", "properties": {"objectid": 1883, "fossil_id": 1588050, "species_name": "Evodia miosinica", "geological_stage": "Late Pliocene", "max_age_ma": 3.6, "min_age_ma": 2.58, "longitude": 98.633057, "latitude": 24.686943, "province": "Yunnan", "biological_group": "动物", "chapter_label": "第三章"}, "geometry": {"type": "Point", "coordinates": [98.633057, 24.686943]}}, {"type": "Feature", "properties": {"objectid": 1886, "fossil_id": 1588069, "species_name": "Pinus prekesiya n. sp.", "geological_stage": "Late Miocene", "max_age_ma": 11.63, "min_age_ma": 5.333, "longitude": 102.849998, "latitude": 25.416668, "province": "Yunnan", "biological_group": "动物", "chapter_label": "第三章"}, "geometry": {"type": "Point", "coordinates": [102.849998, 25.416668]}}, {"type": "Feature", "properties": {"objectid": 1894, "fossil_id": 1588077, "species_name": "Albizia sp.", "geological_stage": "Late Miocene", "max_age_ma": 11.63, "min_age_ma": 5.333, "longitude": 102.849998, "latitude": 25.416668, "province": "Yunnan", "biological_group": "动物", "chapter_label": "第三章"}, "geometry": {"type": "Point", "coordinates": [102.849998, 25.416668]}}, {"type": "Feature", "properties": {"objectid": 1902, "fossil_id": 1588085, "species_name": "Cyclobalanopsis preglauca", "geological_stage": "Late Miocene", "max_age_ma": 11.63, "min_age_ma": 5.333, "longitude": 102.849998, "latitude": 25.416668, "province": "Yunnan", "biological_group": "动物", "chapter_label": "第三章"}, "geometry": {"type": "Point", "coordinates": [102.849998, 25.416668]}}, {"type": "Feature", "properties": {"objectid": 1910, "fossil_id": 1588093, "species_name": "Quercus miovariabilis", "geological_stage": "Late Miocene", "max_age_ma": 11.63, "min_age_ma": 5.333, "longitude": 102.849998, "latitude": 25.416668, "province": "Yunnan", "biological_group": "动物", "chapter_label": "第三章"}, "geometry": {"type": "Point", "coordinates": [102.849998, 25.416668]}}, {"type": "Feature", "properties": {"objectid": 1919, "fossil_id": 1588110, "species_name": "Wataria yunnanica n. sp.", "geological_stage": "Middle Miocene", "max_age_ma": 15.98, "min_age_ma": 11.63, "longitude": 101.163887, "latitude": 23.508057, "province": "Yunnan", "biological_group": "动物", "chapter_label": "第三章"}, "geometry": {"type": "Point", "coordinates": [101.163887, 23.508057]}}, {"type": "Feature", "properties": {"objectid": 1933, "fossil_id": 1588146, "species_name": "Bambusium angustifolia n. sp.", "geological_stage": "Middle Miocene", "max_age_ma": 15.98, "min_age_ma": 11.63, "longitude": 101.216667, "latitude": 24.1, "province": "Yunnan", "biological_group": "动物", "chapter_label": "第三章"}, "geometry": {"type": "Point", "coordinates": [101.216667, 24.1]}}, {"type": "Feature", "properties": {"objectid": 1934, "fossil_id": 1588147, "species_name": "Bambusium latifolia n. sp.", "geological_stage": "Middle Miocene", "max_age_ma": 15.98, "min_age_ma": 11.63, "longitude": 101.216667, "latitude": 24.1, "province": "Yunnan", "biological_group": "动物", "chapter_label": "第三章"}, "geometry": {"type": "Point", "coordinates": [101.216667, 24.1]}}, {"type": "Feature", "properties": {"objectid": 1936, "fossil_id": 1588149, "species_name": "Bambusiculmus latus n. sp.", "geological_stage": "Middle Miocene", "max_age_ma": 15.98, "min_age_ma": 11.63, "longitude": 101.216667, "latitude": 24.1, "province": "Yunnan", "biological_group": "动物", "chapter_label": "第三章"}, "geometry": {"type": "Point", "coordinates": [101.216667, 24.1]}}, {"type": "Feature", "properties": {"objectid": 2005, "fossil_id": 1588856, "species_name": "Celastrus caducidentatus n. sp.", "geological_stage": "Middle Miocene", "max_age_ma": 15.98, "min_age_ma": 11.63, "longitude": 101.216667, "latitude": 24.1, "province": "Yunnan", "biological_group": "动物", "chapter_label": "第三章"}, "geometry": {"type": "Point", "coordinates": [101.216667, 24.1]}}, {"type": "Feature", "properties": {"objectid": 1954, "fossil_id": 1588350, "species_name": "Quercus yangyiensis n. sp.", "geological_stage": "Late Pliocene", "max_age_ma": 3.6, "min_age_ma": 2.58, "longitude": 99.166664, "latitude": 25.133333, "province": "Yunnan", "biological_group": "动物", "chapter_label": "第三章"}, "geometry": {"type": "Point", "coordinates": [99.166664, 25.133333]}}, {"type": "Feature", "properties": {"objectid": 2085, "fossil_id": 1667224, "species_name": "Rattus baoshanensis", "geological_stage": "Late Pliocene", "max_age_ma": 3.6, "min_age_ma": 2.58, "longitude": 99.166664, "latitude": 25.133333, "province": "Yunnan", "biological_group": "动物", "chapter_label": "第三章"}, "geometry": {"type": "Point", "coordinates": [99.166664, 25.133333]}}, {"type": "Feature", "properties": {"objectid": 1957, "fossil_id": 1588354, "species_name": "Buxus pliosinica n. sp.", "geological_stage": "Late Pliocene", "max_age_ma": 3.6, "min_age_ma": 2.58, "longitude": 100.133331, "latitude": 26.566668, "province": "Yunnan", "biological_group": "动物", "chapter_label": "第三章"}, "geometry": {"type": "Point", "coordinates": [100.133331, 26.566668]}}, {"type": "Feature", "properties": {"objectid": 1959, "fossil_id": 1588363, "species_name": "Castanopsis sp.", "geological_stage": "Late Pliocene", "max_age_ma": 3.6, "min_age_ma": 2.58, "longitude": 100.133331, "latitude": 26.566668, "province": "Yunnan", "biological_group": "动物", "chapter_label": "第三章"}, "geometry": {"type": "Point", "coordinates": [100.133331, 26.566668]}}, {"type": "Feature", "properties": {"objectid": 1961, "fossil_id": 1588365, "species_name": "Pinus sp.", "geological_stage": "Late Pliocene", "max_age_ma": 3.6, "min_age_ma": 2.58, "longitude": 100.133331, "latitude": 26.566668, "province": "Yunnan", "biological_group": "动物", "chapter_label": "第三章"}, "geometry": {"type": "Point", "coordinates": [100.133331, 26.566668]}}, {"type": "Feature", "properties": {"objectid": 1963, "fossil_id": 1588367, "species_name": "Tsuga sp.", "geological_stage": "Late Pliocene", "max_age_ma": 3.6, "min_age_ma": 2.58, "longitude": 100.133331, "latitude": 26.566668, "province": "Yunnan", "biological_group": "动物", "chapter_label": "第三章"}, "geometry": {"type": "Point", "coordinates": [100.133331, 26.566668]}}, {"type": "Feature", "properties": {"objectid": 1965, "fossil_id": 1588765, "species_name": "Pteridophyta indet.", "geological_stage": "Neogene", "max_age_ma": 23.04, "min_age_ma": 2.58, "longitude": 103.730278, "latitude": 23.315832, "province": "Yunnan", "biological_group": "动物", "chapter_label": "第三章"}, "geometry": {"type": "Point", "coordinates": [103.730278, 23.315832]}}, {"type": "Feature", "properties": {"objectid": 1971, "fossil_id": 1588773, "species_name": "Quercus ? dubia", "geological_stage": "Neogene", "max_age_ma": 23.04, "min_age_ma": 2.58, "longitude": 103.730278, "latitude": 23.315832, "province": "Yunnan", "biological_group": "动物", "chapter_label": "第三章"}, "geometry": {"type": "Point", "coordinates": [103.730278, 23.315832]}}, {"type": "Feature", "properties": {"objectid": 1977, "fossil_id": 1588779, "species_name": "cf. Juglans sp.", "geological_stage": "Neogene", "max_age_ma": 23.04, "min_age_ma": 2.58, "longitude": 103.730278, "latitude": 23.315832, "province": "Yunnan", "biological_group": "动物", "chapter_label": "第三章"}, "geometry": {"type": "Point", "coordinates": [103.730278, 23.315832]}}, {"type": "Feature", "properties": {"objectid": 1983, "fossil_id": 1588786, "species_name": "Phyllites elegans n. sp.", "geological_stage": "Neogene", "max_age_ma": 23.04, "min_age_ma": 2.58, "longitude": 103.730278, "latitude": 23.315832, "province": "Yunnan", "biological_group": "动物", "chapter_label": "第三章"}, "geometry": {"type": "Point", "coordinates": [103.730278, 23.315832]}}, {"type": "Feature", "properties": {"objectid": 2007, "fossil_id": 1588858, "species_name": "Drynaria callispora n. sp.", "geological_stage": "Late Pliocene", "max_age_ma": 3.6, "min_age_ma": 2.58, "longitude": 99.519722, "latitude": 25.513332, "province": "Yunnan", "biological_group": "动物", "chapter_label": "第三章"}, "geometry": {"type": "Point", "coordinates": [99.519722, 25.513332]}}, {"type": "Feature", "properties": {"objectid": 2008, "fossil_id": 1588859, "species_name": "Quercus (Heterobalanus) sp.", "geological_stage": "Late Pliocene", "max_age_ma": 3.6, "min_age_ma": 2.58, "longitude": 99.519722, "latitude": 25.513332, "province": "Yunnan", "biological_group": "动物", "chapter_label": "第三章"}, "geometry": {"type": "Point", "coordinates": [99.519722, 25.513332]}}, {"type": "Feature", "properties": {"objectid": 2009, "fossil_id": 1588862, "species_name": "Pinus uniseriata n. sp.", "geological_stage": "Late Miocene", "max_age_ma": 11.63, "min_age_ma": 5.333, "longitude": 103.020279, "latitude": 25.494722, "province": "Yunnan", "biological_group": "动物", "chapter_label": "第三章"}, "geometry": {"type": "Point", "coordinates": [103.020279, 25.494722]}}, {"type": "Feature", "properties": {"objectid": 2010, "fossil_id": 1588863, "species_name": "Pinus nanfengensis n. sp.", "geological_stage": "Late Miocene", "max_age_ma": 11.63, "min_age_ma": 5.333, "longitude": 103.020279, "latitude": 25.494722, "province": "Yunnan", "biological_group": "动物", "chapter_label": "第三章"}, "geometry": {"type": "Point", "coordinates": [103.020279, 25.494722]}}, {"type": "Feature", "properties": {"objectid": 2024, "fossil_id": 1588927, "species_name": "Tsuga nanfengensis n. sp.", "geological_stage": "Late Miocene", "max_age_ma": 11.63, "min_age_ma": 5.333, "longitude": 103.020279, "latitude": 25.494722, "province": "Yunnan", "biological_group": "动物", "chapter_label": "第三章"}, "geometry": {"type": "Point", "coordinates": [103.020279, 25.494722]}}, {"type": "Feature", "properties": {"objectid": 2031, "fossil_id": 1605043, "species_name": "Bevocastria sp.", "geological_stage": "Pelsonian", "max_age_ma": 244.24, "min_age_ma": 243.33, "longitude": 103.963058, "latitude": 24.718611, "province": "Yunnan", "biological_group": "动物", "chapter_label": "第三章"}, "geometry": {"type": "Point", "coordinates": [103.963058, 24.718611]}}, {"type": "Feature", "properties": {"objectid": 2032, "fossil_id": 1605044, "species_name": "Renalcis sp.", "geological_stage": "Pelsonian", "max_age_ma": 244.24, "min_age_ma": 243.33, "longitude": 103.963058, "latitude": 24.718611, "province": "Yunnan", "biological_group": "动物", "chapter_label": "第三章"}, "geometry": {"type": "Point", "coordinates": [103.963058, 24.718611]}}, {"type": "Feature", "properties": {"objectid": 2042, "fossil_id": 1624304, "species_name": "Acrodus <sp. A>", "geological_stage": "Pelsonian", "max_age_ma": 244.24, "min_age_ma": 243.33, "longitude": 103.805, "latitude": 24.58, "province": "Yunnan", "biological_group": "动物", "chapter_label": "第三章"}, "geometry": {"type": "Point", "coordinates": [103.805, 24.58]}}, {"type": "Feature", "properties": {"objectid": 2043, "fossil_id": 1624305, "species_name": "Acrodus <sp. B>", "geological_stage": "Pelsonian", "max_age_ma": 244.24, "min_age_ma": 243.33, "longitude": 103.805, "latitude": 24.58, "province": "Yunnan", "biological_group": "动物", "chapter_label": "第三章"}, "geometry": {"type": "Point", "coordinates": [103.805, 24.58]}}, {"type": "Feature", "properties": {"objectid": 2063, "fossil_id": 1659638, "species_name": "Plesieomys mirabilis n. gen. n. sp.", "geological_stage": "Late Miocene", "max_age_ma": 11.63, "min_age_ma": 5.333, "longitude": 103.431107, "latitude": 24.459366, "province": "Yunnan", "biological_group": "动物", "chapter_label": "第三章"}, "geometry": {"type": "Point", "coordinates": [103.431107, 24.459366]}}, {"type": "Feature", "properties": {"objectid": 2064, "fossil_id": 1659639, "species_name": "Heteroeomys yunnanensis n. gen. n. sp.", "geological_stage": "Late Miocene", "max_age_ma": 11.63, "min_age_ma": 5.333, "longitude": 103.431107, "latitude": 24.459366, "province": "Yunnan", "biological_group": "动物", "chapter_label": "第三章"}, "geometry": {"type": "Point", "coordinates": [103.431107, 24.459366]}}, {"type": "Feature", "properties": {"objectid": 2065, "fossil_id": 1659640, "species_name": "Leptodontomys pusillus n. sp.", "geological_stage": "Late Miocene", "max_age_ma": 11.63, "min_age_ma": 5.333, "longitude": 103.431107, "latitude": 24.459366, "province": "Yunnan", "biological_group": "动物", "chapter_label": "第三章"}, "geometry": {"type": "Point", "coordinates": [103.431107, 24.459366]}}, {"type": "Feature", "properties": {"objectid": 2066, "fossil_id": 1659641, "species_name": "Eomyidae indet.", "geological_stage": "Late Miocene", "max_age_ma": 11.63, "min_age_ma": 5.333, "longitude": 103.431107, "latitude": 24.459366, "province": "Yunnan", "biological_group": "动物", "chapter_label": "第三章"}, "geometry": {"type": "Point", "coordinates": [103.431107, 24.459366]}}]}