{"type": "FeatureCollection", "features": [{"type": "Feature", "properties": {"objectid": 1, "fossil_id": 131786, "species_name": "Adoketophyton subverticillatum n. gen.", "geological_stage": "Pragian", "max_age_ma": 413.02, "min_age_ma": 410.62, "longitude": 104.25, "latitude": 23.283333, "province": "Yunnan", "biological_group": "动物", "chapter_label": "第四章"}, "geometry": {"type": "Point", "coordinates": [104.25, 23.283333]}}, {"type": "Feature", "properties": {"objectid": 5, "fossil_id": 131790, "species_name": "Eophyllophyton bellum", "geological_stage": "Pragian", "max_age_ma": 413.02, "min_age_ma": 410.62, "longitude": 104.25, "latitude": 23.283333, "province": "Yunnan", "biological_group": "动物", "chapter_label": "第四章"}, "geometry": {"type": "Point", "coordinates": [104.25, 23.283333]}}, {"type": "Feature", "properties": {"objectid": 9, "fossil_id": 131794, "species_name": "Celatheca beckii", "geological_stage": "Pragian", "max_age_ma": 413.02, "min_age_ma": 382.31, "longitude": 104.25, "latitude": 23.283333, "province": "Yunnan", "biological_group": "动物", "chapter_label": "第四章"}, "geometry": {"type": "Point", "coordinates": [104.25, 23.283333]}}, {"type": "Feature", "properties": {"objectid": 13, "fossil_id": 131798, "species_name": "Yunia dichotoma", "geological_stage": "Pragian", "max_age_ma": 413.02, "min_age_ma": 382.31, "longitude": 104.25, "latitude": 23.283333, "province": "Yunnan", "biological_group": "动物", "chapter_label": "第四章"}, "geometry": {"type": "Point", "coordinates": [104.25, 23.283333]}}, {"type": "Feature", "properties": {"objectid": 17, "fossil_id": 131802, "species_name": "Zosterophyllum ramosum n. sp.", "geological_stage": "Pragian", "max_age_ma": 413.02, "min_age_ma": 382.31, "longitude": 104.25, "latitude": 23.283333, "province": "Yunnan", "biological_group": "动物", "chapter_label": "第四章"}, "geometry": {"type": "Point", "coordinates": [104.25, 23.283333]}}, {"type": "Feature", "properties": {"objectid": 21, "fossil_id": 131806, "species_name": "Zosterophyllum australianum", "geological_stage": "Pragian", "max_age_ma": 413.02, "min_age_ma": 410.62, "longitude": 104.26667, "latitude": 23.266666, "province": "Yunnan", "biological_group": "动物", "chapter_label": "第四章"}, "geometry": {"type": "Point", "coordinates": [104.26667, 23.266666]}}, {"type": "Feature", "properties": {"objectid": 1027, "fossil_id": 1682104, "species_name": "Gantarostrataspis gengi", "geological_stage": "Pragian", "max_age_ma": 413.02, "min_age_ma": 382.31, "longitude": 104.26667, "latitude": 23.266666, "province": "Yunnan", "biological_group": "动物", "chapter_label": "第四章"}, "geometry": {"type": "Point", "coordinates": [104.26667, 23.266666]}}, {"type": "Feature", "properties": {"objectid": 25, "fossil_id": 131908, "species_name": "Drepanophycus qujingensis", "geological_stage": "Emsian", "max_age_ma": 410.62, "min_age_ma": 382.31, "longitude": 104.0, "latitude": 26.0, "province": "Yunnan", "biological_group": "动物", "chapter_label": "第四章"}, "geometry": {"type": "Point", "coordinates": [104.0, 26.0]}}, {"type": "Feature", "properties": {"objectid": 27, "fossil_id": 131910, "species_name": "Protopteridium minutum n. sp.", "geological_stage": "Emsian", "max_age_ma": 410.62, "min_age_ma": 382.31, "longitude": 104.0, "latitude": 26.0, "province": "Yunnan", "biological_group": "动物", "chapter_label": "第四章"}, "geometry": {"type": "Point", "coordinates": [104.0, 26.0]}}, {"type": "Feature", "properties": {"objectid": 29, "fossil_id": 131975, "species_name": "Zosterophyllum yunnanicum n. sp.", "geological_stage": "Pragian", "max_age_ma": 413.02, "min_age_ma": 393.47, "longitude": 104.0, "latitude": 26.0, "province": "Yunnan", "biological_group": "动物", "chapter_label": "第四章"}, "geometry": {"type": "Point", "coordinates": [104.0, 26.0]}}, {"type": "Feature", "properties": {"objectid": 31, "fossil_id": 131977, "species_name": "Hsua robusta", "geological_stage": "Pragian", "max_age_ma": 413.02, "min_age_ma": 393.47, "longitude": 104.0, "latitude": 26.0, "province": "Yunnan", "biological_group": "动物", "chapter_label": "第四章"}, "geometry": {"type": "Point", "coordinates": [104.0, 26.0]}}, {"type": "Feature", "properties": {"objectid": 33, "fossil_id": 131979, "species_name": "Zosterophyllum spathulatum", "geological_stage": "Pragian", "max_age_ma": 413.02, "min_age_ma": 393.47, "longitude": 104.0, "latitude": 26.0, "province": "Yunnan", "biological_group": "动物", "chapter_label": "第四章"}, "geometry": {"type": "Point", "coordinates": [104.0, 26.0]}}, {"type": "Feature", "properties": {"objectid": 35, "fossil_id": 131982, "species_name": "Vertebrata spp.", "geological_stage": "Pragian", "max_age_ma": 413.02, "min_age_ma": 393.47, "longitude": 104.0, "latitude": 26.0, "province": "Yunnan", "biological_group": "动物", "chapter_label": "第四章"}, "geometry": {"type": "Point", "coordinates": [104.0, 26.0]}}, {"type": "Feature", "properties": {"objectid": 44, "fossil_id": 133201, "species_name": "Huia gracilis n. sp.", "geological_stage": "Pragian", "max_age_ma": 413.02, "min_age_ma": 393.47, "longitude": 104.0, "latitude": 26.0, "province": "Yunnan", "biological_group": "动物", "chapter_label": "第四章"}, "geometry": {"type": "Point", "coordinates": [104.0, 26.0]}}, {"type": "Feature", "properties": {"objectid": 37, "fossil_id": 132386, "species_name": "Hedeia sinica n. sp.", "geological_stage": "Pragian", "max_age_ma": 413.02, "min_age_ma": 410.62, "longitude": 105.0, "latitude": 26.0, "province": "Yunnan", "biological_group": "动物", "chapter_label": "第四章"}, "geometry": {"type": "Point", "coordinates": [105.0, 26.0]}}, {"type": "Feature", "properties": {"objectid": 38, "fossil_id": 132387, "species_name": "Zosterophyllum sp.", "geological_stage": "Pragian", "max_age_ma": 413.02, "min_age_ma": 410.62, "longitude": 105.0, "latitude": 26.0, "province": "Yunnan", "biological_group": "动物", "chapter_label": "第四章"}, "geometry": {"type": "Point", "coordinates": [105.0, 26.0]}}, {"type": "Feature", "properties": {"objectid": 39, "fossil_id": 132389, "species_name": "Baragwanathia sp.", "geological_stage": "Pragian", "max_age_ma": 413.02, "min_age_ma": 410.62, "longitude": 103.633331, "latitude": 23.233334, "province": "Yunnan", "biological_group": "动物", "chapter_label": "第四章"}, "geometry": {"type": "Point", "coordinates": [103.633331, 23.233334]}}, {"type": "Feature", "properties": {"objectid": 40, "fossil_id": 132398, "species_name": "Zosterophyllum australianum", "geological_stage": "Pragian", "max_age_ma": 413.02, "min_age_ma": 410.62, "longitude": 103.633331, "latitude": 23.233334, "province": "Yunnan", "biological_group": "动物", "chapter_label": "第四章"}, "geometry": {"type": "Point", "coordinates": [103.633331, 23.233334]}}, {"type": "Feature", "properties": {"objectid": 41, "fossil_id": 132399, "species_name": "Adoketophyton subverticillatum", "geological_stage": "Pragian", "max_age_ma": 413.02, "min_age_ma": 410.62, "longitude": 103.633331, "latitude": 23.233334, "province": "Yunnan", "biological_group": "动物", "chapter_label": "第四章"}, "geometry": {"type": "Point", "coordinates": [103.633331, 23.233334]}}, {"type": "Feature", "properties": {"objectid": 42, "fossil_id": 132404, "species_name": "Huia recurvata", "geological_stage": "Pragian", "max_age_ma": 413.02, "min_age_ma": 382.31, "longitude": 103.633331, "latitude": 23.233334, "province": "Yunnan", "biological_group": "动物", "chapter_label": "第四章"}, "geometry": {"type": "Point", "coordinates": [103.633331, 23.233334]}}, {"type": "Feature", "properties": {"objectid": 908, "fossil_id": 1439215, "species_name": "Antactinodion biradiatum n. sp.", "geological_stage": "Emsian", "max_age_ma": 410.62, "min_age_ma": 393.47, "longitude": 103.62722, "latitude": 23.307222, "province": "Yunnan", "biological_group": "动物", "chapter_label": "第四章"}, "geometry": {"type": "Point", "coordinates": [103.62722, 23.307222]}}, {"type": "Feature", "properties": {"objectid": 909, "fossil_id": 1439221, "species_name": "Antipleura (Daiguia) mengziensis n. sp.", "geological_stage": "Emsian", "max_age_ma": 410.62, "min_age_ma": 393.47, "longitude": 103.62722, "latitude": 23.307222, "province": "Yunnan", "biological_group": "动物", "chapter_label": "第四章"}, "geometry": {"type": "Point", "coordinates": [103.62722, 23.307222]}}, {"type": "Feature", "properties": {"objectid": 910, "fossil_id": 1439468, "species_name": "Trionychodia bella n. sp.", "geological_stage": "Emsian", "max_age_ma": 410.62, "min_age_ma": 393.47, "longitude": 103.62722, "latitude": 23.307222, "province": "Yunnan", "biological_group": "动物", "chapter_label": "第四章"}, "geometry": {"type": "Point", "coordinates": [103.62722, 23.307222]}}, {"type": "Feature", "properties": {"objectid": 45, "fossil_id": 201475, "species_name": "Minarodendron cathaysiense", "geological_stage": "Givetian", "max_age_ma": 387.95, "min_age_ma": 382.31, "longitude": 103.816666, "latitude": 25.6, "province": "Yunnan", "biological_group": "动物", "chapter_label": "第四章"}, "geometry": {"type": "Point", "coordinates": [103.816666, 25.6]}}, {"type": "Feature", "properties": {"objectid": 811, "fossil_id": 1102193, "species_name": "Orthotetes ruber", "geological_stage": "Lopingian", "max_age_ma": 259.51, "min_age_ma": 251.902, "longitude": 103.82, "latitude": 25.6, "province": "Yunnan", "biological_group": "动物", "chapter_label": "第四章"}, "geometry": {"type": "Point", "coordinates": [103.82, 25.6]}}, {"type": "Feature", "properties": {"objectid": 1025, "fossil_id": 1681762, "species_name": "Eurycaraspis incilis", "geological_stage": "Givetian", "max_age_ma": 387.95, "min_age_ma": 382.31, "longitude": 103.816666, "latitude": 25.6, "province": "Yunnan", "biological_group": "动物", "chapter_label": "第四章"}, "geometry": {"type": "Point", "coordinates": [103.816666, 25.6]}}, {"type": "Feature", "properties": {"objectid": 1046, "fossil_id": 1688761, "species_name": "Microbrachius sinensis", "geological_stage": "Givetian", "max_age_ma": 387.95, "min_age_ma": 382.31, "longitude": 103.816666, "latitude": 25.6, "province": "Yunnan", "biological_group": "动物", "chapter_label": "第四章"}, "geometry": {"type": "Point", "coordinates": [103.816666, 25.6]}}, {"type": "Feature", "properties": {"objectid": 46, "fossil_id": 202704, "species_name": "Lophozonotriletes tylophorus", "geological_stage": "Givetian", "max_age_ma": 387.95, "min_age_ma": 382.31, "longitude": 102.5, "latitude": 25.666668, "province": "Yunnan", "biological_group": "动物", "chapter_label": "第四章"}, "geometry": {"type": "Point", "coordinates": [102.5, 25.666668]}}, {"type": "Feature", "properties": {"objectid": 47, "fossil_id": 202705, "species_name": "Archaeozonotriletes variabilis", "geological_stage": "Givetian", "max_age_ma": 387.95, "min_age_ma": 382.31, "longitude": 102.5, "latitude": 25.666668, "province": "Yunnan", "biological_group": "动物", "chapter_label": "第四章"}, "geometry": {"type": "Point", "coordinates": [102.5, 25.666668]}}, {"type": "Feature", "properties": {"objectid": 48, "fossil_id": 202706, "species_name": "Geminospora compactus", "geological_stage": "Givetian", "max_age_ma": 387.95, "min_age_ma": 382.31, "longitude": 102.5, "latitude": 25.666668, "province": "Yunnan", "biological_group": "动物", "chapter_label": "第四章"}, "geometry": {"type": "Point", "coordinates": [102.5, 25.666668]}}, {"type": "Feature", "properties": {"objectid": 49, "fossil_id": 202707, "species_name": "Calyptosporites proteus", "geological_stage": "Givetian", "max_age_ma": 387.95, "min_age_ma": 382.31, "longitude": 102.5, "latitude": 25.666668, "province": "Yunnan", "biological_group": "动物", "chapter_label": "第四章"}, "geometry": {"type": "Point", "coordinates": [102.5, 25.666668]}}, {"type": "Feature", "properties": {"objectid": 51, "fossil_id": 202709, "species_name": "Stenozonotriletes extensus", "geological_stage": "Givetian", "max_age_ma": 387.95, "min_age_ma": 382.31, "longitude": 102.5, "latitude": 25.666668, "province": "Yunnan", "biological_group": "动物", "chapter_label": "第四章"}, "geometry": {"type": "Point", "coordinates": [102.5, 25.666668]}}, {"type": "Feature", "properties": {"objectid": 52, "fossil_id": 202710, "species_name": "Ancyrospora simplex", "geological_stage": "Givetian", "max_age_ma": 387.95, "min_age_ma": 382.31, "longitude": 102.5, "latitude": 25.666668, "province": "Yunnan", "biological_group": "动物", "chapter_label": "第四章"}, "geometry": {"type": "Point", "coordinates": [102.5, 25.666668]}}, {"type": "Feature", "properties": {"objectid": 53, "fossil_id": 202711, "species_name": "Nikitinspoirites sp.", "geological_stage": "Givetian", "max_age_ma": 387.95, "min_age_ma": 382.31, "longitude": 102.5, "latitude": 25.666668, "province": "Yunnan", "biological_group": "动物", "chapter_label": "第四章"}, "geometry": {"type": "Point", "coordinates": [102.5, 25.666668]}}, {"type": "Feature", "properties": {"objectid": 54, "fossil_id": 202753, "species_name": "Archaeoperisaccus sp.", "geological_stage": "Frasnian", "max_age_ma": 382.31, "min_age_ma": 372.15, "longitude": 102.71833, "latitude": 25.038889, "province": "Yunnan", "biological_group": "动物", "chapter_label": "第四章"}, "geometry": {"type": "Point", "coordinates": [102.71833, 25.038889]}}, {"type": "Feature", "properties": {"objectid": 55, "fossil_id": 202754, "species_name": "Archaeozonotriletes sp.", "geological_stage": "Frasnian", "max_age_ma": 382.31, "min_age_ma": 372.15, "longitude": 102.71833, "latitude": 25.038889, "province": "Yunnan", "biological_group": "动物", "chapter_label": "第四章"}, "geometry": {"type": "Point", "coordinates": [102.71833, 25.038889]}}, {"type": "Feature", "properties": {"objectid": 57, "fossil_id": 202756, "species_name": "Hystricosporites sp.", "geological_stage": "Frasnian", "max_age_ma": 382.31, "min_age_ma": 372.15, "longitude": 102.71833, "latitude": 25.038889, "province": "Yunnan", "biological_group": "动物", "chapter_label": "第四章"}, "geometry": {"type": "Point", "coordinates": [102.71833, 25.038889]}}, {"type": "Feature", "properties": {"objectid": 59, "fossil_id": 202758, "species_name": "Cymbosporites echinatus", "geological_stage": "Frasnian", "max_age_ma": 382.31, "min_age_ma": 372.15, "longitude": 102.71833, "latitude": 25.038889, "province": "Yunnan", "biological_group": "动物", "chapter_label": "第四章"}, "geometry": {"type": "Point", "coordinates": [102.71833, 25.038889]}}, {"type": "Feature", "properties": {"objectid": 61, "fossil_id": 202760, "species_name": "Ancyrospora ancyrea", "geological_stage": "Frasnian", "max_age_ma": 382.31, "min_age_ma": 372.15, "longitude": 102.71833, "latitude": 25.038889, "province": "Yunnan", "biological_group": "动物", "chapter_label": "第四章"}, "geometry": {"type": "Point", "coordinates": [102.71833, 25.038889]}}, {"type": "Feature", "properties": {"objectid": 63, "fossil_id": 202762, "species_name": "Hymenozonotriletes commutatus", "geological_stage": "Frasnian", "max_age_ma": 382.31, "min_age_ma": 372.15, "longitude": 102.71833, "latitude": 25.038889, "province": "Yunnan", "biological_group": "动物", "chapter_label": "第四章"}, "geometry": {"type": "Point", "coordinates": [102.71833, 25.038889]}}, {"type": "Feature", "properties": {"objectid": 65, "fossil_id": 202764, "species_name": "Geminospora spp.", "geological_stage": "Frasnian", "max_age_ma": 382.31, "min_age_ma": 372.15, "longitude": 102.71833, "latitude": 25.038889, "province": "Yunnan", "biological_group": "动物", "chapter_label": "第四章"}, "geometry": {"type": "Point", "coordinates": [102.71833, 25.038889]}}, {"type": "Feature", "properties": {"objectid": 67, "fossil_id": 268617, "species_name": "Atrypoidea qujingensis", "geological_stage": "Ludlow", "max_age_ma": 426.7, "min_age_ma": 419.62, "longitude": 103.683334, "latitude": 25.533333, "province": "Yunnan", "biological_group": "动物", "chapter_label": "第四章"}, "geometry": {"type": "Point", "coordinates": [103.683334, 25.533333]}}, {"type": "Feature", "properties": {"objectid": 89, "fossil_id": 269083, "species_name": "Aesopomum delicatum", "geological_stage": "Ludlow", "max_age_ma": 426.7, "min_age_ma": 419.62, "longitude": 103.683334, "latitude": 25.533333, "province": "Yunnan", "biological_group": "动物", "chapter_label": "第四章"}, "geometry": {"type": "Point", "coordinates": [103.683334, 25.533333]}}, {"type": "Feature", "properties": {"objectid": 112, "fossil_id": 269159, "species_name": "Howellella tingi", "geological_stage": "Ludlow", "max_age_ma": 426.7, "min_age_ma": 419.62, "longitude": 103.683334, "latitude": 25.533333, "province": "Yunnan", "biological_group": "动物", "chapter_label": "第四章"}, "geometry": {"type": "Point", "coordinates": [103.683334, 25.533333]}}, {"type": "Feature", "properties": {"objectid": 144, "fossil_id": 269380, "species_name": "Protathyris planosulcata", "geological_stage": "Ludlow", "max_age_ma": 426.7, "min_age_ma": 419.62, "longitude": 103.683334, "latitude": 25.533333, "province": "Yunnan", "biological_group": "动物", "chapter_label": "第四章"}, "geometry": {"type": "Point", "coordinates": [103.683334, 25.533333]}}, {"type": "Feature", "properties": {"objectid": 167, "fossil_id": 269403, "species_name": "Protathyrisina plicata", "geological_stage": "Ludlow", "max_age_ma": 426.7, "min_age_ma": 419.62, "longitude": 103.683334, "latitude": 25.533333, "province": "Yunnan", "biological_group": "动物", "chapter_label": "第四章"}, "geometry": {"type": "Point", "coordinates": [103.683334, 25.533333]}}, {"type": "Feature", "properties": {"objectid": 189, "fossil_id": 269425, "species_name": "Aesopomum delicatum", "geological_stage": "Ludlow", "max_age_ma": 426.7, "min_age_ma": 419.62, "longitude": 103.683334, "latitude": 25.533333, "province": "Yunnan", "biological_group": "动物", "chapter_label": "第四章"}, "geometry": {"type": "Point", "coordinates": [103.683334, 25.533333]}}, {"type": "Feature", "properties": {"objectid": 389, "fossil_id": 541445, "species_name": "Hormotoma kutsingensis", "geological_stage": "Ludlow", "max_age_ma": 426.7, "min_age_ma": 422.7, "longitude": 103.683334, "latitude": 25.533333, "province": "Yunnan", "biological_group": "动物", "chapter_label": "第四章"}, "geometry": {"type": "Point", "coordinates": [103.683334, 25.533333]}}, {"type": "Feature", "properties": {"objectid": 116, "fossil_id": 269340, "species_name": "Protathyris xungmiaoensis", "geological_stage": "Ludlow", "max_age_ma": 426.7, "min_age_ma": 422.7, "longitude": 103.0, "latitude": 26.0, "province": "Yunnan", "biological_group": "动物", "chapter_label": "第四章"}, "geometry": {"type": "Point", "coordinates": [103.0, 26.0]}}, {"type": "Feature", "properties": {"objectid": 117, "fossil_id": 269341, "species_name": "Protathyris planosulcatus", "geological_stage": "Ludlow", "max_age_ma": 426.7, "min_age_ma": 422.7, "longitude": 103.0, "latitude": 26.0, "province": "Yunnan", "biological_group": "动物", "chapter_label": "第四章"}, "geometry": {"type": "Point", "coordinates": [103.0, 26.0]}}, {"type": "Feature", "properties": {"objectid": 118, "fossil_id": 269342, "species_name": "Howellella tingi", "geological_stage": "Ludlow", "max_age_ma": 426.7, "min_age_ma": 422.7, "longitude": 103.0, "latitude": 26.0, "province": "Yunnan", "biological_group": "动物", "chapter_label": "第四章"}, "geometry": {"type": "Point", "coordinates": [103.0, 26.0]}}, {"type": "Feature", "properties": {"objectid": 120, "fossil_id": 269344, "species_name": "Protathyrisina plicata", "geological_stage": "Ludlow", "max_age_ma": 426.7, "min_age_ma": 422.7, "longitude": 103.0, "latitude": 26.0, "province": "Yunnan", "biological_group": "动物", "chapter_label": "第四章"}, "geometry": {"type": "Point", "coordinates": [103.0, 26.0]}}, {"type": "Feature", "properties": {"objectid": 121, "fossil_id": 269345, "species_name": "Protathyrisina sp.", "geological_stage": "Ludlow", "max_age_ma": 426.7, "min_age_ma": 422.7, "longitude": 103.0, "latitude": 26.0, "province": "Yunnan", "biological_group": "动物", "chapter_label": "第四章"}, "geometry": {"type": "Point", "coordinates": [103.0, 26.0]}}, {"type": "Feature", "properties": {"objectid": 123, "fossil_id": 269347, "species_name": "Eoschizophoria sp.", "geological_stage": "Ludlow", "max_age_ma": 426.7, "min_age_ma": 422.7, "longitude": 103.0, "latitude": 26.0, "province": "Yunnan", "biological_group": "动物", "chapter_label": "第四章"}, "geometry": {"type": "Point", "coordinates": [103.0, 26.0]}}, {"type": "Feature", "properties": {"objectid": 124, "fossil_id": 269348, "species_name": "Tadschikia sp.", "geological_stage": "Ludlow", "max_age_ma": 426.7, "min_age_ma": 422.7, "longitude": 103.0, "latitude": 26.0, "province": "Yunnan", "biological_group": "动物", "chapter_label": "第四章"}, "geometry": {"type": "Point", "coordinates": [103.0, 26.0]}}, {"type": "Feature", "properties": {"objectid": 211, "fossil_id": 290934, "species_name": "Nikiforovaena sp.", "geological_stage": "Ludlow", "max_age_ma": 426.7, "min_age_ma": 422.7, "longitude": 103.783333, "latitude": 25.483334, "province": "Yunnan", "biological_group": "动物", "chapter_label": "第四章"}, "geometry": {"type": "Point", "coordinates": [103.783333, 25.483334]}}, {"type": "Feature", "properties": {"objectid": 233, "fossil_id": 290956, "species_name": "Goniophora contraria", "geological_stage": "Ludlow", "max_age_ma": 426.7, "min_age_ma": 422.7, "longitude": 103.783333, "latitude": 25.483334, "province": "Yunnan", "biological_group": "动物", "chapter_label": "第四章"}, "geometry": {"type": "Point", "coordinates": [103.783333, 25.483334]}}, {"type": "Feature", "properties": {"objectid": 270, "fossil_id": 291397, "species_name": "Squameofavosites sp.", "geological_stage": "Ludlow", "max_age_ma": 426.7, "min_age_ma": 422.7, "longitude": 103.783333, "latitude": 25.483334, "province": "Yunnan", "biological_group": "动物", "chapter_label": "第四章"}, "geometry": {"type": "Point", "coordinates": [103.783333, 25.483334]}}, {"type": "Feature", "properties": {"objectid": 835, "fossil_id": 1299077, "species_name": "Polybranchiaspis yulongssus", "geological_stage": "Lochkovian", "max_age_ma": 419.62, "min_age_ma": 413.02, "longitude": 103.79583, "latitude": 25.491667, "province": "Yunnan", "biological_group": "动物", "chapter_label": "第四章"}, "geometry": {"type": "Point", "coordinates": [103.79583, 25.491667]}}, {"type": "Feature", "properties": {"objectid": 858, "fossil_id": 1299100, "species_name": "Eugaleaspis lianhuashanensis", "geological_stage": "Lochkovian", "max_age_ma": 419.62, "min_age_ma": 413.02, "longitude": 103.79583, "latitude": 25.491667, "province": "Yunnan", "biological_group": "动物", "chapter_label": "第四章"}, "geometry": {"type": "Point", "coordinates": [103.79583, 25.491667]}}, {"type": "Feature", "properties": {"objectid": 881, "fossil_id": 1299123, "species_name": "Szelepis yunnanensis", "geological_stage": "Lochkovian", "max_age_ma": 419.62, "min_age_ma": 413.02, "longitude": 103.79583, "latitude": 25.491667, "province": "Yunnan", "biological_group": "动物", "chapter_label": "第四章"}, "geometry": {"type": "Point", "coordinates": [103.79583, 25.491667]}}, {"type": "Feature", "properties": {"objectid": 962, "fossil_id": 1640209, "species_name": "Naxilepis gracilis", "geological_stage": "Ludlow", "max_age_ma": 426.7, "min_age_ma": 422.7, "longitude": 103.783333, "latitude": 25.483334, "province": "Yunnan", "biological_group": "动物", "chapter_label": "第四章"}, "geometry": {"type": "Point", "coordinates": [103.783333, 25.483334]}}, {"type": "Feature", "properties": {"objectid": 238, "fossil_id": 291199, "species_name": "Monograptus flexilis", "geological_stage": "Wenlock", "max_age_ma": 432.9, "min_age_ma": 426.7, "longitude": 99.0, "latitude": 25.0, "province": "Yunnan", "biological_group": "动物", "chapter_label": "第四章"}, "geometry": {"type": "Point", "coordinates": [99.0, 25.0]}}, {"type": "Feature", "properties": {"objectid": 242, "fossil_id": 291203, "species_name": "Monograptus flemingii", "geological_stage": "Wenlock", "max_age_ma": 432.9, "min_age_ma": 426.7, "longitude": 99.0, "latitude": 25.0, "province": "Yunnan", "biological_group": "动物", "chapter_label": "第四章"}, "geometry": {"type": "Point", "coordinates": [99.0, 25.0]}}, {"type": "Feature", "properties": {"objectid": 246, "fossil_id": 291207, "species_name": "Aegiria sp.", "geological_stage": "Wenlock", "max_age_ma": 432.9, "min_age_ma": 426.7, "longitude": 99.0, "latitude": 25.0, "province": "Yunnan", "biological_group": "动物", "chapter_label": "第四章"}, "geometry": {"type": "Point", "coordinates": [99.0, 25.0]}}, {"type": "Feature", "properties": {"objectid": 251, "fossil_id": 291212, "species_name": "Spathognathodus pennatus", "geological_stage": "Wenlock", "max_age_ma": 432.9, "min_age_ma": 426.7, "longitude": 99.0, "latitude": 25.0, "province": "Yunnan", "biological_group": "动物", "chapter_label": "第四章"}, "geometry": {"type": "Point", "coordinates": [99.0, 25.0]}}, {"type": "Feature", "properties": {"objectid": 279, "fossil_id": 292556, "species_name": "Geisonoceras sp.", "geological_stage": "Ludlow", "max_age_ma": 426.7, "min_age_ma": 419.62, "longitude": 99.0, "latitude": 25.0, "province": "Yunnan", "biological_group": "动物", "chapter_label": "第四章"}, "geometry": {"type": "Point", "coordinates": [99.0, 25.0]}}, {"type": "Feature", "properties": {"objectid": 284, "fossil_id": 292562, "species_name": "Hindeodella equidentata", "geological_stage": "Ludlow", "max_age_ma": 426.7, "min_age_ma": 419.62, "longitude": 99.0, "latitude": 25.0, "province": "Yunnan", "biological_group": "动物", "chapter_label": "第四章"}, "geometry": {"type": "Point", "coordinates": [99.0, 25.0]}}, {"type": "Feature", "properties": {"objectid": 408, "fossil_id": 584338, "species_name": "Cimmeriella mucronata", "geological_stage": "Asselian", "max_age_ma": 298.9, "min_age_ma": 293.52, "longitude": 99.179001, "latitude": 25.017, "province": "Yunnan", "biological_group": "动物", "chapter_label": "第四章"}, "geometry": {"type": "Point", "coordinates": [99.179001, 25.017]}}, {"type": "Feature", "properties": {"objectid": 287, "fossil_id": 292718, "species_name": "Monograptus flexilis", "geological_stage": "Wenlock", "max_age_ma": 432.9, "min_age_ma": 426.7, "longitude": 99.033333, "latitude": 23.9, "province": "Yunnan", "biological_group": "动物", "chapter_label": "第四章"}, "geometry": {"type": "Point", "coordinates": [99.033333, 23.9]}}, {"type": "Feature", "properties": {"objectid": 289, "fossil_id": 292720, "species_name": "Cyrtograptus rigidus", "geological_stage": "Wenlock", "max_age_ma": 432.9, "min_age_ma": 426.7, "longitude": 99.033333, "latitude": 23.9, "province": "Yunnan", "biological_group": "动物", "chapter_label": "第四章"}, "geometry": {"type": "Point", "coordinates": [99.033333, 23.9]}}, {"type": "Feature", "properties": {"objectid": 292, "fossil_id": 292723, "species_name": "\"Chonetes\" sp.", "geological_stage": "Wenlock", "max_age_ma": 432.9, "min_age_ma": 426.7, "longitude": 99.033333, "latitude": 23.9, "province": "Yunnan", "biological_group": "动物", "chapter_label": "第四章"}, "geometry": {"type": "Point", "coordinates": [99.033333, 23.9]}}, {"type": "Feature", "properties": {"objectid": 302, "fossil_id": 292781, "species_name": "Monoclimacis vomerinus", "geological_stage": "Ludlow", "max_age_ma": 426.7, "min_age_ma": 393.47, "longitude": 99.033333, "latitude": 23.9, "province": "Yunnan", "biological_group": "动物", "chapter_label": "第四章"}, "geometry": {"type": "Point", "coordinates": [99.033333, 23.9]}}, {"type": "Feature", "properties": {"objectid": 305, "fossil_id": 292784, "species_name": "Reedops baoshanensis", "geological_stage": "Ludlow", "max_age_ma": 426.7, "min_age_ma": 393.47, "longitude": 99.033333, "latitude": 23.9, "province": "Yunnan", "biological_group": "动物", "chapter_label": "第四章"}, "geometry": {"type": "Point", "coordinates": [99.033333, 23.9]}}, {"type": "Feature", "properties": {"objectid": 366, "fossil_id": 312518, "species_name": "Pterophyllum <sp. 1>", "geological_stage": "Carnian", "max_age_ma": 237.0, "min_age_ma": 227.3, "longitude": 99.099998, "latitude": 23.9, "province": "Yunnan", "biological_group": "植物", "chapter_label": "第四章"}, "geometry": {"type": "Point", "coordinates": [99.099998, 23.9]}}, {"type": "Feature", "properties": {"objectid": 430, "fossil_id": 584360, "species_name": "Martinia decora", "geological_stage": "Sakmarian", "max_age_ma": 293.52, "min_age_ma": 290.1, "longitude": 99.028999, "latitude": 23.893999, "province": "Yunnan", "biological_group": "动物", "chapter_label": "第四章"}, "geometry": {"type": "Point", "coordinates": [99.028999, 23.893999]}}, {"type": "Feature", "properties": {"objectid": 294, "fossil_id": 292728, "species_name": "Holmophyllum sp.", "geological_stage": "Wenlock", "max_age_ma": 432.9, "min_age_ma": 426.7, "longitude": 103.25, "latitude": 22.766666, "province": "Yunnan", "biological_group": "动物", "chapter_label": "第四章"}, "geometry": {"type": "Point", "coordinates": [103.25, 22.766666]}}, {"type": "Feature", "properties": {"objectid": 295, "fossil_id": 292729, "species_name": "Favosites forbesi", "geological_stage": "Wenlock", "max_age_ma": 432.9, "min_age_ma": 426.7, "longitude": 103.25, "latitude": 22.766666, "province": "Yunnan", "biological_group": "动物", "chapter_label": "第四章"}, "geometry": {"type": "Point", "coordinates": [103.25, 22.766666]}}, {"type": "Feature", "properties": {"objectid": 296, "fossil_id": 292730, "species_name": "Syringpora cf. bifurcata", "geological_stage": "Wenlock", "max_age_ma": 432.9, "min_age_ma": 426.7, "longitude": 103.25, "latitude": 22.766666, "province": "Yunnan", "biological_group": "动物", "chapter_label": "第四章"}, "geometry": {"type": "Point", "coordinates": [103.25, 22.766666]}}, {"type": "Feature", "properties": {"objectid": 297, "fossil_id": 292731, "species_name": "Holmophyllum tungchuanense", "geological_stage": "Wenlock", "max_age_ma": 432.9, "min_age_ma": 426.7, "longitude": 103.25, "latitude": 22.766666, "province": "Yunnan", "biological_group": "动物", "chapter_label": "第四章"}, "geometry": {"type": "Point", "coordinates": [103.25, 22.766666]}}, {"type": "Feature", "properties": {"objectid": 298, "fossil_id": 292732, "species_name": "Microplasma sp.", "geological_stage": "Wenlock", "max_age_ma": 432.9, "min_age_ma": 426.7, "longitude": 103.25, "latitude": 22.766666, "province": "Yunnan", "biological_group": "动物", "chapter_label": "第四章"}, "geometry": {"type": "Point", "coordinates": [103.25, 22.766666]}}, {"type": "Feature", "properties": {"objectid": 299, "fossil_id": 292733, "species_name": "Howellella tingi", "geological_stage": "Wenlock", "max_age_ma": 432.9, "min_age_ma": 426.7, "longitude": 103.25, "latitude": 22.766666, "province": "Yunnan", "biological_group": "动物", "chapter_label": "第四章"}, "geometry": {"type": "Point", "coordinates": [103.25, 22.766666]}}, {"type": "Feature", "properties": {"objectid": 300, "fossil_id": 292734, "species_name": "Monograptus cf. riccartonensis", "geological_stage": "Wenlock", "max_age_ma": 432.9, "min_age_ma": 426.7, "longitude": 103.25, "latitude": 22.766666, "province": "Yunnan", "biological_group": "动物", "chapter_label": "第四章"}, "geometry": {"type": "Point", "coordinates": [103.25, 22.766666]}}, {"type": "Feature", "properties": {"objectid": 317, "fossil_id": 309479, "species_name": "Equisetum <sp. 1>", "geological_stage": "Early Jurassic", "max_age_ma": 201.4, "min_age_ma": 174.7, "longitude": 102.0, "latitude": 25.9, "province": "Yunnan", "biological_group": "植物", "chapter_label": "第四章"}, "geometry": {"type": "Point", "coordinates": [102.0, 25.9]}}, {"type": "Feature", "properties": {"objectid": 318, "fossil_id": 309480, "species_name": "Neocalamites <sp. 1>", "geological_stage": "Early Jurassic", "max_age_ma": 201.4, "min_age_ma": 174.7, "longitude": 102.0, "latitude": 25.9, "province": "Yunnan", "biological_group": "植物", "chapter_label": "第四章"}, "geometry": {"type": "Point", "coordinates": [102.0, 25.9]}}, {"type": "Feature", "properties": {"objectid": 319, "fossil_id": 310943, "species_name": "Neocalamites <sp. 1>", "geological_stage": "Rhaetian", "max_age_ma": 205.7, "min_age_ma": 201.4, "longitude": 102.5, "latitude": 25.5, "province": "Yunnan", "biological_group": "植物", "chapter_label": "第四章"}, "geometry": {"type": "Point", "coordinates": [102.5, 25.5]}}, {"type": "Feature", "properties": {"objectid": 320, "fossil_id": 310946, "species_name": "Nilssonia <sp. 1>", "geological_stage": "Rhaetian", "max_age_ma": 205.7, "min_age_ma": 201.4, "longitude": 102.5, "latitude": 25.5, "province": "Yunnan", "biological_group": "植物", "chapter_label": "第四章"}, "geometry": {"type": "Point", "coordinates": [102.5, 25.5]}}, {"type": "Feature", "properties": {"objectid": 321, "fossil_id": 310947, "species_name": "Pterophyllum <sp. 1>", "geological_stage": "Rhaetian", "max_age_ma": 205.7, "min_age_ma": 201.4, "longitude": 102.5, "latitude": 25.5, "province": "Yunnan", "biological_group": "植物", "chapter_label": "第四章"}, "geometry": {"type": "Point", "coordinates": [102.5, 25.5]}}, {"type": "Feature", "properties": {"objectid": 322, "fossil_id": 311485, "species_name": "Lepidodendron <sp. 1>", "geological_stage": "Lopingian", "max_age_ma": 259.51, "min_age_ma": 251.902, "longitude": 104.199997, "latitude": 26.299999, "province": "Yunnan", "biological_group": "植物", "chapter_label": "第四章"}, "geometry": {"type": "Point", "coordinates": [104.199997, 26.299999]}}, {"type": "Feature", "properties": {"objectid": 324, "fossil_id": 311487, "species_name": "Lepidodendron <sp. 3>", "geological_stage": "Lopingian", "max_age_ma": 259.51, "min_age_ma": 251.902, "longitude": 104.199997, "latitude": 26.299999, "province": "Yunnan", "biological_group": "植物", "chapter_label": "第四章"}, "geometry": {"type": "Point", "coordinates": [104.199997, 26.299999]}}, {"type": "Feature", "properties": {"objectid": 326, "fossil_id": 311489, "species_name": "Compsopteris <sp. 1>", "geological_stage": "Lopingian", "max_age_ma": 259.51, "min_age_ma": 251.902, "longitude": 104.199997, "latitude": 26.299999, "province": "Yunnan", "biological_group": "动物", "chapter_label": "第四章"}, "geometry": {"type": "Point", "coordinates": [104.199997, 26.299999]}}, {"type": "Feature", "properties": {"objectid": 329, "fossil_id": 311492, "species_name": "Gigantonoclea <sp. 1>", "geological_stage": "Lopingian", "max_age_ma": 259.51, "min_age_ma": 251.902, "longitude": 104.199997, "latitude": 26.299999, "province": "Yunnan", "biological_group": "动物", "chapter_label": "第四章"}, "geometry": {"type": "Point", "coordinates": [104.199997, 26.299999]}}, {"type": "Feature", "properties": {"objectid": 331, "fossil_id": 311494, "species_name": "Gigantopteris <sp. 1>", "geological_stage": "Lopingian", "max_age_ma": 259.51, "min_age_ma": 251.902, "longitude": 104.199997, "latitude": 26.299999, "province": "Yunnan", "biological_group": "动物", "chapter_label": "第四章"}, "geometry": {"type": "Point", "coordinates": [104.199997, 26.299999]}}, {"type": "Feature", "properties": {"objectid": 334, "fossil_id": 311497, "species_name": "Pecopteris <sp. 1>", "geological_stage": "Lopingian", "max_age_ma": 259.51, "min_age_ma": 251.902, "longitude": 104.199997, "latitude": 26.299999, "province": "Yunnan", "biological_group": "动物", "chapter_label": "第四章"}, "geometry": {"type": "Point", "coordinates": [104.199997, 26.299999]}}, {"type": "Feature", "properties": {"objectid": 336, "fossil_id": 311499, "species_name": "Rajahia <sp. 1>", "geological_stage": "Lopingian", "max_age_ma": 259.51, "min_age_ma": 251.902, "longitude": 104.199997, "latitude": 26.299999, "province": "Yunnan", "biological_group": "动物", "chapter_label": "第四章"}, "geometry": {"type": "Point", "coordinates": [104.199997, 26.299999]}}, {"type": "Feature", "properties": {"objectid": 339, "fossil_id": 311862, "species_name": "Glossopteris <sp. 1>", "geological_stage": "Kungurian", "max_age_ma": 283.3, "min_age_ma": 274.4, "longitude": 99.300003, "latitude": 24.200001, "province": "Yunnan", "biological_group": "动物", "chapter_label": "第四章"}, "geometry": {"type": "Point", "coordinates": [99.300003, 24.200001]}}, {"type": "Feature", "properties": {"objectid": 340, "fossil_id": 311863, "species_name": "Glossopteris <sp. 2>", "geological_stage": "Kungurian", "max_age_ma": 283.3, "min_age_ma": 274.4, "longitude": 99.300003, "latitude": 24.200001, "province": "Yunnan", "biological_group": "动物", "chapter_label": "第四章"}, "geometry": {"type": "Point", "coordinates": [99.300003, 24.200001]}}, {"type": "Feature", "properties": {"objectid": 341, "fossil_id": 311864, "species_name": "Glossopteris <sp. 3>", "geological_stage": "Kungurian", "max_age_ma": 283.3, "min_age_ma": 274.4, "longitude": 99.300003, "latitude": 24.200001, "province": "Yunnan", "biological_group": "动物", "chapter_label": "第四章"}, "geometry": {"type": "Point", "coordinates": [99.300003, 24.200001]}}, {"type": "Feature", "properties": {"objectid": 342, "fossil_id": 311865, "species_name": "Mariopteris <sp. 1>", "geological_stage": "Kungurian", "max_age_ma": 283.3, "min_age_ma": 274.4, "longitude": 99.300003, "latitude": 24.200001, "province": "Yunnan", "biological_group": "动物", "chapter_label": "第四章"}, "geometry": {"type": "Point", "coordinates": [99.300003, 24.200001]}}, {"type": "Feature", "properties": {"objectid": 343, "fossil_id": 311866, "species_name": "Pecopteris <sp. 1>", "geological_stage": "Kungurian", "max_age_ma": 283.3, "min_age_ma": 274.4, "longitude": 99.300003, "latitude": 24.200001, "province": "Yunnan", "biological_group": "动物", "chapter_label": "第四章"}, "geometry": {"type": "Point", "coordinates": [99.300003, 24.200001]}}, {"type": "Feature", "properties": {"objectid": 344, "fossil_id": 311867, "species_name": "Taeniopteris <sp. 1>", "geological_stage": "Kungurian", "max_age_ma": 283.3, "min_age_ma": 274.4, "longitude": 99.300003, "latitude": 24.200001, "province": "Yunnan", "biological_group": "动物", "chapter_label": "第四章"}, "geometry": {"type": "Point", "coordinates": [99.300003, 24.200001]}}, {"type": "Feature", "properties": {"objectid": 345, "fossil_id": 311914, "species_name": "Neocalamites <sp. 1>", "geological_stage": "Norian", "max_age_ma": 227.3, "min_age_ma": 205.7, "longitude": 102.099998, "latitude": 25.1, "province": "Yunnan", "biological_group": "植物", "chapter_label": "第四章"}, "geometry": {"type": "Point", "coordinates": [102.099998, 25.1]}}, {"type": "Feature", "properties": {"objectid": 346, "fossil_id": 311934, "species_name": "Podozamites <sp. 1>", "geological_stage": "Norian", "max_age_ma": 227.3, "min_age_ma": 205.7, "longitude": 102.099998, "latitude": 25.1, "province": "Yunnan", "biological_group": "植物", "chapter_label": "第四章"}, "geometry": {"type": "Point", "coordinates": [102.099998, 25.1]}}, {"type": "Feature", "properties": {"objectid": 347, "fossil_id": 311935, "species_name": "Podozamites <sp. 2>", "geological_stage": "Norian", "max_age_ma": 227.3, "min_age_ma": 205.7, "longitude": 102.099998, "latitude": 25.1, "province": "Yunnan", "biological_group": "植物", "chapter_label": "第四章"}, "geometry": {"type": "Point", "coordinates": [102.099998, 25.1]}}, {"type": "Feature", "properties": {"objectid": 349, "fossil_id": 311937, "species_name": "Pterophyllum <sp. 1>", "geological_stage": "Norian", "max_age_ma": 227.3, "min_age_ma": 205.7, "longitude": 102.099998, "latitude": 25.1, "province": "Yunnan", "biological_group": "植物", "chapter_label": "第四章"}, "geometry": {"type": "Point", "coordinates": [102.099998, 25.1]}}, {"type": "Feature", "properties": {"objectid": 350, "fossil_id": 311969, "species_name": "Neocalamites <sp. 1>", "geological_stage": "Rhaetian", "max_age_ma": 205.7, "min_age_ma": 201.4, "longitude": 102.099998, "latitude": 25.1, "province": "Yunnan", "biological_group": "植物", "chapter_label": "第四章"}, "geometry": {"type": "Point", "coordinates": [102.099998, 25.1]}}, {"type": "Feature", "properties": {"objectid": 352, "fossil_id": 311976, "species_name": "Podozamites <sp. 1>", "geological_stage": "Rhaetian", "max_age_ma": 205.7, "min_age_ma": 201.4, "longitude": 102.099998, "latitude": 25.1, "province": "Yunnan", "biological_group": "植物", "chapter_label": "第四章"}, "geometry": {"type": "Point", "coordinates": [102.099998, 25.1]}}, {"type": "Feature", "properties": {"objectid": 353, "fossil_id": 311977, "species_name": "Pterophyllum <sp. 1>", "geological_stage": "Rhaetian", "max_age_ma": 205.7, "min_age_ma": 201.4, "longitude": 102.099998, "latitude": 25.1, "province": "Yunnan", "biological_group": "植物", "chapter_label": "第四章"}, "geometry": {"type": "Point", "coordinates": [102.099998, 25.1]}}, {"type": "Feature", "properties": {"objectid": 355, "fossil_id": 312256, "species_name": "Neocalamites <sp. 1>", "geological_stage": "Rhaetian", "max_age_ma": 205.7, "min_age_ma": 201.4, "longitude": 100.199997, "latitude": 26.9, "province": "Yunnan", "biological_group": "植物", "chapter_label": "第四章"}, "geometry": {"type": "Point", "coordinates": [100.199997, 26.9]}}, {"type": "Feature", "properties": {"objectid": 356, "fossil_id": 312259, "species_name": "Nilssonia <sp. 1>", "geological_stage": "Rhaetian", "max_age_ma": 205.7, "min_age_ma": 201.4, "longitude": 100.199997, "latitude": 26.9, "province": "Yunnan", "biological_group": "植物", "chapter_label": "第四章"}, "geometry": {"type": "Point", "coordinates": [100.199997, 26.9]}}, {"type": "Feature", "properties": {"objectid": 357, "fossil_id": 312260, "species_name": "Podozamites <sp. 1>", "geological_stage": "Rhaetian", "max_age_ma": 205.7, "min_age_ma": 201.4, "longitude": 100.199997, "latitude": 26.9, "province": "Yunnan", "biological_group": "植物", "chapter_label": "第四章"}, "geometry": {"type": "Point", "coordinates": [100.199997, 26.9]}}, {"type": "Feature", "properties": {"objectid": 358, "fossil_id": 312261, "species_name": "Pterophyllum <sp. 1>", "geological_stage": "Rhaetian", "max_age_ma": 205.7, "min_age_ma": 201.4, "longitude": 100.199997, "latitude": 26.9, "province": "Yunnan", "biological_group": "植物", "chapter_label": "第四章"}, "geometry": {"type": "Point", "coordinates": [100.199997, 26.9]}}, {"type": "Feature", "properties": {"objectid": 359, "fossil_id": 312457, "species_name": "Neocalamites <sp. 1>", "geological_stage": "Rhaetian", "max_age_ma": 205.7, "min_age_ma": 201.4, "longitude": 101.699997, "latitude": 26.200001, "province": "Yunnan", "biological_group": "植物", "chapter_label": "第四章"}, "geometry": {"type": "Point", "coordinates": [101.699997, 26.200001]}}, {"type": "Feature", "properties": {"objectid": 360, "fossil_id": 312461, "species_name": "Podozamites <sp. 1>", "geological_stage": "Rhaetian", "max_age_ma": 205.7, "min_age_ma": 201.4, "longitude": 101.699997, "latitude": 26.200001, "province": "Yunnan", "biological_group": "植物", "chapter_label": "第四章"}, "geometry": {"type": "Point", "coordinates": [101.699997, 26.200001]}}, {"type": "Feature", "properties": {"objectid": 361, "fossil_id": 312500, "species_name": "Nilssonia <sp. 1>", "geological_stage": "Norian", "max_age_ma": 227.3, "min_age_ma": 205.7, "longitude": 101.699997, "latitude": 26.299999, "province": "Yunnan", "biological_group": "植物", "chapter_label": "第四章"}, "geometry": {"type": "Point", "coordinates": [101.699997, 26.299999]}}, {"type": "Feature", "properties": {"objectid": 362, "fossil_id": 312503, "species_name": "Pterophyllum <sp. 1>", "geological_stage": "Norian", "max_age_ma": 227.3, "min_age_ma": 205.7, "longitude": 101.699997, "latitude": 26.299999, "province": "Yunnan", "biological_group": "植物", "chapter_label": "第四章"}, "geometry": {"type": "Point", "coordinates": [101.699997, 26.299999]}}, {"type": "Feature", "properties": {"objectid": 363, "fossil_id": 312504, "species_name": "Pterophyllum <sp. 2>", "geological_stage": "Norian", "max_age_ma": 227.3, "min_age_ma": 205.7, "longitude": 101.699997, "latitude": 26.299999, "province": "Yunnan", "biological_group": "植物", "chapter_label": "第四章"}, "geometry": {"type": "Point", "coordinates": [101.699997, 26.299999]}}, {"type": "Feature", "properties": {"objectid": 367, "fossil_id": 312563, "species_name": "Nilssonia <sp. 1>", "geological_stage": "Rhaetian", "max_age_ma": 205.7, "min_age_ma": 201.4, "longitude": 100.599998, "latitude": 25.5, "province": "Yunnan", "biological_group": "植物", "chapter_label": "第四章"}, "geometry": {"type": "Point", "coordinates": [100.599998, 25.5]}}, {"type": "Feature", "properties": {"objectid": 369, "fossil_id": 312565, "species_name": "Pterophyllum <sp. 1>", "geological_stage": "Rhaetian", "max_age_ma": 205.7, "min_age_ma": 201.4, "longitude": 100.599998, "latitude": 25.5, "province": "Yunnan", "biological_group": "植物", "chapter_label": "第四章"}, "geometry": {"type": "Point", "coordinates": [100.599998, 25.5]}}, {"type": "Feature", "properties": {"objectid": 513, "fossil_id": 825215, "species_name": "Stigmosphaerostylus cf. dissora", "geological_stage": "Givetian", "max_age_ma": 387.95, "min_age_ma": 382.31, "longitude": 100.5, "latitude": 25.5, "province": "Yunnan", "biological_group": "动物", "chapter_label": "第四章"}, "geometry": {"type": "Point", "coordinates": [100.5, 25.5]}}, {"type": "Feature", "properties": {"objectid": 515, "fossil_id": 825217, "species_name": "Spongentactinia shaijingpoensis", "geological_stage": "Givetian", "max_age_ma": 387.95, "min_age_ma": 382.31, "longitude": 100.5, "latitude": 25.5, "province": "Yunnan", "biological_group": "动物", "chapter_label": "第四章"}, "geometry": {"type": "Point", "coordinates": [100.5, 25.5]}}, {"type": "Feature", "properties": {"objectid": 517, "fossil_id": 825219, "species_name": "Trilonche parapalimbola", "geological_stage": "Givetian", "max_age_ma": 387.95, "min_age_ma": 382.31, "longitude": 100.5, "latitude": 25.5, "province": "Yunnan", "biological_group": "动物", "chapter_label": "第四章"}, "geometry": {"type": "Point", "coordinates": [100.5, 25.5]}}, {"type": "Feature", "properties": {"objectid": 519, "fossil_id": 825221, "species_name": "Spongentactinella cf. corynacantha", "geological_stage": "Givetian", "max_age_ma": 387.95, "min_age_ma": 382.31, "longitude": 100.5, "latitude": 25.5, "province": "Yunnan", "biological_group": "动物", "chapter_label": "第四章"}, "geometry": {"type": "Point", "coordinates": [100.5, 25.5]}}, {"type": "Feature", "properties": {"objectid": 521, "fossil_id": 825223, "species_name": "Palaeoscenidium cladophorum", "geological_stage": "Late Frasnian", "max_age_ma": 375.2, "min_age_ma": 372.15, "longitude": 100.5, "latitude": 25.5, "province": "Yunnan", "biological_group": "动物", "chapter_label": "第四章"}, "geometry": {"type": "Point", "coordinates": [100.5, 25.5]}}, {"type": "Feature", "properties": {"objectid": 370, "fossil_id": 313229, "species_name": "Neocalamites <sp. 1>", "geological_stage": "Rhaetian", "max_age_ma": 205.7, "min_age_ma": 201.4, "longitude": 100.800003, "latitude": 27.200001, "province": "Yunnan", "biological_group": "植物", "chapter_label": "第四章"}, "geometry": {"type": "Point", "coordinates": [100.800003, 27.200001]}}, {"type": "Feature", "properties": {"objectid": 372, "fossil_id": 313232, "species_name": "Pterophyllum <sp. 1>", "geological_stage": "Rhaetian", "max_age_ma": 205.7, "min_age_ma": 201.4, "longitude": 100.800003, "latitude": 27.200001, "province": "Yunnan", "biological_group": "植物", "chapter_label": "第四章"}, "geometry": {"type": "Point", "coordinates": [100.800003, 27.200001]}}, {"type": "Feature", "properties": {"objectid": 500, "fossil_id": 725368, "species_name": "Paramphipora raritatis", "geological_stage": "Emsian", "max_age_ma": 410.62, "min_age_ma": 387.95, "longitude": 100.783333, "latitude": 27.299999, "province": "Yunnan", "biological_group": "动物", "chapter_label": "第四章"}, "geometry": {"type": "Point", "coordinates": [100.783333, 27.299999]}}, {"type": "Feature", "properties": {"objectid": 502, "fossil_id": 725370, "species_name": "Paramphipora mangkamensis", "geological_stage": "Emsian", "max_age_ma": 410.62, "min_age_ma": 387.95, "longitude": 100.783333, "latitude": 27.299999, "province": "Yunnan", "biological_group": "动物", "chapter_label": "第四章"}, "geometry": {"type": "Point", "coordinates": [100.783333, 27.299999]}}, {"type": "Feature", "properties": {"objectid": 504, "fossil_id": 725372, "species_name": "Gerronostroma densatum", "geological_stage": "Givetian", "max_age_ma": 387.95, "min_age_ma": 372.15, "longitude": 100.783333, "latitude": 27.299999, "province": "Yunnan", "biological_group": "动物", "chapter_label": "第四章"}, "geometry": {"type": "Point", "coordinates": [100.783333, 27.299999]}}, {"type": "Feature", "properties": {"objectid": 506, "fossil_id": 725374, "species_name": "Pseudoactinodictyon bullulosum", "geological_stage": "Givetian", "max_age_ma": 387.95, "min_age_ma": 372.15, "longitude": 100.783333, "latitude": 27.299999, "province": "Yunnan", "biological_group": "动物", "chapter_label": "第四章"}, "geometry": {"type": "Point", "coordinates": [100.783333, 27.299999]}}, {"type": "Feature", "properties": {"objectid": 508, "fossil_id": 725376, "species_name": "Stachyodes costulata", "geological_stage": "Givetian", "max_age_ma": 387.95, "min_age_ma": 372.15, "longitude": 100.783333, "latitude": 27.299999, "province": "Yunnan", "biological_group": "动物", "chapter_label": "第四章"}, "geometry": {"type": "Point", "coordinates": [100.783333, 27.299999]}}, {"type": "Feature", "properties": {"objectid": 373, "fossil_id": 426222, "species_name": "? Alatoproductus sp.", "geological_stage": "Roadian", "max_age_ma": 274.4, "min_age_ma": 266.9, "longitude": 99.278, "latitude": 25.15, "province": "Yunnan", "biological_group": "动物", "chapter_label": "第四章"}, "geometry": {"type": "Point", "coordinates": [99.278, 25.15]}}, {"type": "Feature", "properties": {"objectid": 376, "fossil_id": 426225, "species_name": "Phricodothyris asiatica", "geological_stage": "Roadian", "max_age_ma": 274.4, "min_age_ma": 266.9, "longitude": 99.278, "latitude": 25.15, "province": "Yunnan", "biological_group": "动物", "chapter_label": "第四章"}, "geometry": {"type": "Point", "coordinates": [99.278, 25.15]}}, {"type": "Feature", "properties": {"objectid": 379, "fossil_id": 426228, "species_name": "? Alatoproductus sp.", "geological_stage": "Roadian", "max_age_ma": 274.4, "min_age_ma": 266.9, "longitude": 99.379997, "latitude": 25.08, "province": "Yunnan", "biological_group": "动物", "chapter_label": "第四章"}, "geometry": {"type": "Point", "coordinates": [99.379997, 25.08]}}, {"type": "Feature", "properties": {"objectid": 382, "fossil_id": 426231, "species_name": "Ogbinia sp.", "geological_stage": "Roadian", "max_age_ma": 274.4, "min_age_ma": 266.9, "longitude": 99.379997, "latitude": 25.08, "province": "Yunnan", "biological_group": "动物", "chapter_label": "第四章"}, "geometry": {"type": "Point", "coordinates": [99.379997, 25.08]}}, {"type": "Feature", "properties": {"objectid": 385, "fossil_id": 426234, "species_name": "Squamularia extensiformis", "geological_stage": "Roadian", "max_age_ma": 274.4, "min_age_ma": 266.9, "longitude": 99.379997, "latitude": 25.08, "province": "Yunnan", "biological_group": "动物", "chapter_label": "第四章"}, "geometry": {"type": "Point", "coordinates": [99.379997, 25.08]}}, {"type": "Feature", "properties": {"objectid": 411, "fossil_id": 584341, "species_name": "Linoproductus sp.", "geological_stage": "Asselian", "max_age_ma": 298.9, "min_age_ma": 293.52, "longitude": 99.373001, "latitude": 25.011999, "province": "Yunnan", "biological_group": "动物", "chapter_label": "第四章"}, "geometry": {"type": "Point", "coordinates": [99.373001, 25.011999]}}, {"type": "Feature", "properties": {"objectid": 414, "fossil_id": 584344, "species_name": "Spirelytha petaliformis", "geological_stage": "Asselian", "max_age_ma": 298.9, "min_age_ma": 293.52, "longitude": 99.373001, "latitude": 25.011999, "province": "Yunnan", "biological_group": "动物", "chapter_label": "第四章"}, "geometry": {"type": "Point", "coordinates": [99.373001, 25.011999]}}, {"type": "Feature", "properties": {"objectid": 386, "fossil_id": 435357, "species_name": "Enhydriodon cf. falconeri", "geological_stage": "Pliocene", "max_age_ma": 5.333, "min_age_ma": 2.58, "longitude": 101.866669, "latitude": 25.700001, "province": "Yunnan", "biological_group": "植物", "chapter_label": "第四章"}, "geometry": {"type": "Point", "coordinates": [101.866669, 25.700001]}}, {"type": "Feature", "properties": {"objectid": 387, "fossil_id": 478242, "species_name": "Sollasia spheroida", "geological_stage": "Wordian", "max_age_ma": 266.9, "min_age_ma": 259.51, "longitude": 105.089996, "latitude": 24.02, "province": "Yunnan", "biological_group": "动物", "chapter_label": "第四章"}, "geometry": {"type": "Point", "coordinates": [105.089996, 24.02]}}, {"type": "Feature", "properties": {"objectid": 626, "fossil_id": 875469, "species_name": "Waagenella salinaria irregularis", "geological_stage": "Wordian", "max_age_ma": 266.9, "min_age_ma": 264.28, "longitude": 105.089996, "latitude": 24.02, "province": "Yunnan", "biological_group": "动物", "chapter_label": "第四章"}, "geometry": {"type": "Point", "coordinates": [105.089996, 24.02]}}, {"type": "Feature", "properties": {"objectid": 628, "fossil_id": 875471, "species_name": "Girtyocoelia sp.", "geological_stage": "Wordian", "max_age_ma": 266.9, "min_age_ma": 264.28, "longitude": 105.089996, "latitude": 24.02, "province": "Yunnan", "biological_group": "动物", "chapter_label": "第四章"}, "geometry": {"type": "Point", "coordinates": [105.089996, 24.02]}}, {"type": "Feature", "properties": {"objectid": 630, "fossil_id": 875473, "species_name": "Lichuanospongia typica", "geological_stage": "Wordian", "max_age_ma": 266.9, "min_age_ma": 264.28, "longitude": 105.089996, "latitude": 24.02, "province": "Yunnan", "biological_group": "动物", "chapter_label": "第四章"}, "geometry": {"type": "Point", "coordinates": [105.089996, 24.02]}}, {"type": "Feature", "properties": {"objectid": 632, "fossil_id": 875475, "species_name": "Intrasporeocoelia sp.", "geological_stage": "Wordian", "max_age_ma": 266.9, "min_age_ma": 264.28, "longitude": 105.089996, "latitude": 24.02, "province": "Yunnan", "biological_group": "植物", "chapter_label": "第四章"}, "geometry": {"type": "Point", "coordinates": [105.089996, 24.02]}}, {"type": "Feature", "properties": {"objectid": 634, "fossil_id": 875477, "species_name": "Rhabdactinia sp.", "geological_stage": "Wordian", "max_age_ma": 266.9, "min_age_ma": 264.28, "longitude": 105.089996, "latitude": 24.02, "province": "Yunnan", "biological_group": "动物", "chapter_label": "第四章"}, "geometry": {"type": "Point", "coordinates": [105.089996, 24.02]}}, {"type": "Feature", "properties": {"objectid": 636, "fossil_id": 875479, "species_name": "Balatonia robusta n. sp.", "geological_stage": "Wordian", "max_age_ma": 266.9, "min_age_ma": 264.28, "longitude": 105.089996, "latitude": 24.02, "province": "Yunnan", "biological_group": "动物", "chapter_label": "第四章"}, "geometry": {"type": "Point", "coordinates": [105.089996, 24.02]}}, {"type": "Feature", "properties": {"objectid": 394, "fossil_id": 584301, "species_name": "Rugosochonetinae indet.", "geological_stage": "Asselian", "max_age_ma": 298.9, "min_age_ma": 293.52, "longitude": 99.268997, "latitude": 25.212999, "province": "Yunnan", "biological_group": "动物", "chapter_label": "第四章"}, "geometry": {"type": "Point", "coordinates": [99.268997, 25.212999]}}, {"type": "Feature", "properties": {"objectid": 395, "fossil_id": 584302, "species_name": "Brachythyrina peregrina", "geological_stage": "Asselian", "max_age_ma": 298.9, "min_age_ma": 293.52, "longitude": 99.268997, "latitude": 25.212999, "province": "Yunnan", "biological_group": "动物", "chapter_label": "第四章"}, "geometry": {"type": "Point", "coordinates": [99.268997, 25.212999]}}, {"type": "Feature", "properties": {"objectid": 397, "fossil_id": 584304, "species_name": "Neospirifer cf. orientalis", "geological_stage": "Asselian", "max_age_ma": 298.9, "min_age_ma": 293.52, "longitude": 99.268997, "latitude": 25.212999, "province": "Yunnan", "biological_group": "动物", "chapter_label": "第四章"}, "geometry": {"type": "Point", "coordinates": [99.268997, 25.212999]}}, {"type": "Feature", "properties": {"objectid": 399, "fossil_id": 584329, "species_name": "Rugosochonetinae indet.", "geological_stage": "Asselian", "max_age_ma": 298.9, "min_age_ma": 293.52, "longitude": 99.263, "latitude": 25.186001, "province": "Yunnan", "biological_group": "动物", "chapter_label": "第四章"}, "geometry": {"type": "Point", "coordinates": [99.263, 25.186001]}}, {"type": "Feature", "properties": {"objectid": 401, "fossil_id": 584331, "species_name": "Linoproductus sp.", "geological_stage": "Asselian", "max_age_ma": 298.9, "min_age_ma": 293.52, "longitude": 99.263, "latitude": 25.186001, "province": "Yunnan", "biological_group": "动物", "chapter_label": "第四章"}, "geometry": {"type": "Point", "coordinates": [99.263, 25.186001]}}, {"type": "Feature", "properties": {"objectid": 403, "fossil_id": 584333, "species_name": "Fusispirifer sp.", "geological_stage": "Asselian", "max_age_ma": 298.9, "min_age_ma": 293.52, "longitude": 99.263, "latitude": 25.186001, "province": "Yunnan", "biological_group": "动物", "chapter_label": "第四章"}, "geometry": {"type": "Point", "coordinates": [99.263, 25.186001]}}, {"type": "Feature", "properties": {"objectid": 405, "fossil_id": 584335, "species_name": "? Dielasma cf. glabrum", "geological_stage": "Asselian", "max_age_ma": 298.9, "min_age_ma": 293.52, "longitude": 99.263, "latitude": 25.186001, "province": "Yunnan", "biological_group": "动物", "chapter_label": "第四章"}, "geometry": {"type": "Point", "coordinates": [99.263, 25.186001]}}, {"type": "Feature", "properties": {"objectid": 421, "fossil_id": 584351, "species_name": "Neospirifer cf. orientalis", "geological_stage": "Sakmarian", "max_age_ma": 293.52, "min_age_ma": 290.1, "longitude": 99.136002, "latitude": 24.881001, "province": "Yunnan", "biological_group": "动物", "chapter_label": "第四章"}, "geometry": {"type": "Point", "coordinates": [99.136002, 24.881001]}}, {"type": "Feature", "properties": {"objectid": 434, "fossil_id": 584364, "species_name": "Elivina yunnanensis", "geological_stage": "Artinskian", "max_age_ma": 290.1, "min_age_ma": 283.3, "longitude": 99.112999, "latitude": 24.884001, "province": "Yunnan", "biological_group": "动物", "chapter_label": "第四章"}, "geometry": {"type": "Point", "coordinates": [99.112999, 24.884001]}}, {"type": "Feature", "properties": {"objectid": 441, "fossil_id": 584371, "species_name": "Elivina yunnanensis", "geological_stage": "Artinskian", "max_age_ma": 290.1, "min_age_ma": 283.3, "longitude": 99.136002, "latitude": 24.881001, "province": "Yunnan", "biological_group": "动物", "chapter_label": "第四章"}, "geometry": {"type": "Point", "coordinates": [99.136002, 24.881001]}}, {"type": "Feature", "properties": {"objectid": 665, "fossil_id": 983249, "species_name": "? Arctitreta sp.", "geological_stage": "Artinskian", "max_age_ma": 290.1, "min_age_ma": 283.3, "longitude": 99.120003, "latitude": 24.895, "province": "Yunnan", "biological_group": "动物", "chapter_label": "第四章"}, "geometry": {"type": "Point", "coordinates": [99.120003, 24.895]}}, {"type": "Feature", "properties": {"objectid": 672, "fossil_id": 983256, "species_name": "Elivina yunnanensis", "geological_stage": "Artinskian", "max_age_ma": 290.1, "min_age_ma": 283.3, "longitude": 99.120003, "latitude": 24.895, "province": "Yunnan", "biological_group": "动物", "chapter_label": "第四章"}, "geometry": {"type": "Point", "coordinates": [99.120003, 24.895]}}, {"type": "Feature", "properties": {"objectid": 783, "fossil_id": 1066973, "species_name": "Cryptospirifer iranica", "geological_stage": "Wordian", "max_age_ma": 266.9, "min_age_ma": 264.28, "longitude": 99.120003, "latitude": 24.889999, "province": "Yunnan", "biological_group": "动物", "chapter_label": "第四章"}, "geometry": {"type": "Point", "coordinates": [99.120003, 24.889999]}}, {"type": "Feature", "properties": {"objectid": 997, "fossil_id": 1664307, "species_name": "Sweetognathus bucaramangus", "geological_stage": "Artinskian", "max_age_ma": 290.1, "min_age_ma": 283.3, "longitude": 99.131668, "latitude": 24.885834, "province": "Yunnan", "biological_group": "动物", "chapter_label": "第四章"}, "geometry": {"type": "Point", "coordinates": [99.131668, 24.885834]}}, {"type": "Feature", "properties": {"objectid": 427, "fossil_id": 584357, "species_name": "Spirelytha petaliformis", "geological_stage": "Sakmarian", "max_age_ma": 293.52, "min_age_ma": 290.1, "longitude": 99.151001, "latitude": 24.719999, "province": "Yunnan", "biological_group": "动物", "chapter_label": "第四章"}, "geometry": {"type": "Point", "coordinates": [99.151001, 24.719999]}}, {"type": "Feature", "properties": {"objectid": 491, "fossil_id": 724480, "species_name": "Metrionaxon yunnanense n. sp.", "geological_stage": "Eifelian", "max_age_ma": 393.47, "min_age_ma": 387.95, "longitude": 99.199997, "latitude": 24.716667, "province": "Yunnan", "biological_group": "动物", "chapter_label": "第四章"}, "geometry": {"type": "Point", "coordinates": [99.199997, 24.716667]}}, {"type": "Feature", "properties": {"objectid": 493, "fossil_id": 724482, "species_name": "Neaxon inopinata", "geological_stage": "Eifelian", "max_age_ma": 393.47, "min_age_ma": 387.95, "longitude": 99.199997, "latitude": 24.716667, "province": "Yunnan", "biological_group": "动物", "chapter_label": "第四章"}, "geometry": {"type": "Point", "coordinates": [99.199997, 24.716667]}}, {"type": "Feature", "properties": {"objectid": 494, "fossil_id": 724483, "species_name": "Neaxon sp.", "geological_stage": "Eifelian", "max_age_ma": 393.47, "min_age_ma": 387.95, "longitude": 99.199997, "latitude": 24.716667, "province": "Yunnan", "biological_group": "动物", "chapter_label": "第四章"}, "geometry": {"type": "Point", "coordinates": [99.199997, 24.716667]}}, {"type": "Feature", "properties": {"objectid": 496, "fossil_id": 724485, "species_name": "Amplexocarinia yunnanensis n. sp.", "geological_stage": "Eifelian", "max_age_ma": 393.47, "min_age_ma": 387.95, "longitude": 99.199997, "latitude": 24.716667, "province": "Yunnan", "biological_group": "动物", "chapter_label": "第四章"}, "geometry": {"type": "Point", "coordinates": [99.199997, 24.716667]}}, {"type": "Feature", "properties": {"objectid": 497, "fossil_id": 724486, "species_name": "? Barrandeophyllum sp.", "geological_stage": "Eifelian", "max_age_ma": 393.47, "min_age_ma": 387.95, "longitude": 99.199997, "latitude": 24.716667, "province": "Yunnan", "biological_group": "动物", "chapter_label": "第四章"}, "geometry": {"type": "Point", "coordinates": [99.199997, 24.716667]}}, {"type": "Feature", "properties": {"objectid": 1047, "fossil_id": 1688909, "species_name": "Turinia pagoda", "geological_stage": "Eifelian", "max_age_ma": 393.47, "min_age_ma": 382.31, "longitude": 99.199997, "latitude": 24.716667, "province": "Yunnan", "biological_group": "动物", "chapter_label": "第四章"}, "geometry": {"type": "Point", "coordinates": [99.199997, 24.716667]}}, {"type": "Feature", "properties": {"objectid": 448, "fossil_id": 590962, "species_name": "Liosotella subcylindrica", "geological_stage": "Kungurian", "max_age_ma": 283.3, "min_age_ma": 274.4, "longitude": 98.949997, "latitude": 23.58, "province": "Yunnan", "biological_group": "动物", "chapter_label": "第四章"}, "geometry": {"type": "Point", "coordinates": [98.949997, 23.58]}}, {"type": "Feature", "properties": {"objectid": 689, "fossil_id": 1043938, "species_name": "Chusenella cf. dorashamensis", "geological_stage": "Roadian", "max_age_ma": 274.4, "min_age_ma": 266.9, "longitude": 98.900002, "latitude": 23.58, "province": "Yunnan", "biological_group": "动物", "chapter_label": "第四章"}, "geometry": {"type": "Point", "coordinates": [98.900002, 23.58]}}, {"type": "Feature", "properties": {"objectid": 704, "fossil_id": 1043953, "species_name": "Chusenella schwagerinaeformis", "geological_stage": "Roadian", "max_age_ma": 274.4, "min_age_ma": 266.9, "longitude": 98.900002, "latitude": 23.58, "province": "Yunnan", "biological_group": "动物", "chapter_label": "第四章"}, "geometry": {"type": "Point", "coordinates": [98.900002, 23.58]}}, {"type": "Feature", "properties": {"objectid": 720, "fossil_id": 1043969, "species_name": "Chusenella schwagerinaeformis", "geological_stage": "Roadian", "max_age_ma": 274.4, "min_age_ma": 266.9, "longitude": 98.900002, "latitude": 23.58, "province": "Yunnan", "biological_group": "动物", "chapter_label": "第四章"}, "geometry": {"type": "Point", "coordinates": [98.900002, 23.58]}}, {"type": "Feature", "properties": {"objectid": 735, "fossil_id": 1043984, "species_name": "Xiaoxinzhaiella densa", "geological_stage": "Roadian", "max_age_ma": 274.4, "min_age_ma": 266.9, "longitude": 98.900002, "latitude": 23.58, "province": "Yunnan", "biological_group": "动物", "chapter_label": "第四章"}, "geometry": {"type": "Point", "coordinates": [98.900002, 23.58]}}, {"type": "Feature", "properties": {"objectid": 751, "fossil_id": 1044000, "species_name": "Eopolydiexodina darwasica", "geological_stage": "Roadian", "max_age_ma": 274.4, "min_age_ma": 266.9, "longitude": 98.900002, "latitude": 23.58, "province": "Yunnan", "biological_group": "动物", "chapter_label": "第四章"}, "geometry": {"type": "Point", "coordinates": [98.900002, 23.58]}}, {"type": "Feature", "properties": {"objectid": 766, "fossil_id": 1044015, "species_name": "Pseudodoliolina oliviformis", "geological_stage": "Wordian", "max_age_ma": 266.9, "min_age_ma": 264.28, "longitude": 98.900002, "latitude": 23.58, "province": "Yunnan", "biological_group": "动物", "chapter_label": "第四章"}, "geometry": {"type": "Point", "coordinates": [98.900002, 23.58]}}, {"type": "Feature", "properties": {"objectid": 457, "fossil_id": 590971, "species_name": "Neochonetes (Huangichonetes) inflatus n. sp.", "geological_stage": "Roadian", "max_age_ma": 274.4, "min_age_ma": 266.9, "longitude": 99.269997, "latitude": 24.025, "province": "Yunnan", "biological_group": "动物", "chapter_label": "第四章"}, "geometry": {"type": "Point", "coordinates": [99.269997, 24.025]}}, {"type": "Feature", "properties": {"objectid": 458, "fossil_id": 590972, "species_name": "Loxophragmus sp.", "geological_stage": "Roadian", "max_age_ma": 274.4, "min_age_ma": 266.9, "longitude": 99.269997, "latitude": 24.025, "province": "Yunnan", "biological_group": "动物", "chapter_label": "第四章"}, "geometry": {"type": "Point", "coordinates": [99.269997, 24.025]}}, {"type": "Feature", "properties": {"objectid": 460, "fossil_id": 590974, "species_name": "Juresaniinae indet.", "geological_stage": "Roadian", "max_age_ma": 274.4, "min_age_ma": 266.9, "longitude": 99.269997, "latitude": 24.025, "province": "Yunnan", "biological_group": "动物", "chapter_label": "第四章"}, "geometry": {"type": "Point", "coordinates": [99.269997, 24.025]}}, {"type": "Feature", "properties": {"objectid": 461, "fossil_id": 590975, "species_name": "Dictyoclostinae indet.", "geological_stage": "Roadian", "max_age_ma": 274.4, "min_age_ma": 266.9, "longitude": 99.269997, "latitude": 24.025, "province": "Yunnan", "biological_group": "动物", "chapter_label": "第四章"}, "geometry": {"type": "Point", "coordinates": [99.269997, 24.025]}}, {"type": "Feature", "properties": {"objectid": 463, "fossil_id": 590977, "species_name": "Celebetes yunnanensis n. sp.", "geological_stage": "Roadian", "max_age_ma": 274.4, "min_age_ma": 266.9, "longitude": 99.269997, "latitude": 24.025, "province": "Yunnan", "biological_group": "动物", "chapter_label": "第四章"}, "geometry": {"type": "Point", "coordinates": [99.269997, 24.025]}}, {"type": "Feature", "properties": {"objectid": 464, "fossil_id": 590978, "species_name": "Kasetia sp.", "geological_stage": "Roadian", "max_age_ma": 274.4, "min_age_ma": 266.9, "longitude": 99.269997, "latitude": 24.025, "province": "Yunnan", "biological_group": "动物", "chapter_label": "第四章"}, "geometry": {"type": "Point", "coordinates": [99.269997, 24.025]}}, {"type": "Feature", "properties": {"objectid": 466, "fossil_id": 590980, "species_name": "Spiriferellina aduncata", "geological_stage": "Roadian", "max_age_ma": 274.4, "min_age_ma": 266.9, "longitude": 99.269997, "latitude": 24.025, "province": "Yunnan", "biological_group": "动物", "chapter_label": "第四章"}, "geometry": {"type": "Point", "coordinates": [99.269997, 24.025]}}, {"type": "Feature", "properties": {"objectid": 468, "fossil_id": 590982, "species_name": "Edriosteges poyangensis", "geological_stage": "Wuchiapingian", "max_age_ma": 259.51, "min_age_ma": 254.14, "longitude": 100.900002, "latitude": 23.0, "province": "Yunnan", "biological_group": "动物", "chapter_label": "第四章"}, "geometry": {"type": "Point", "coordinates": [100.900002, 23.0]}}, {"type": "Feature", "properties": {"objectid": 469, "fossil_id": 590983, "species_name": "Transennatia gratiosa", "geological_stage": "Wuchiapingian", "max_age_ma": 259.51, "min_age_ma": 254.14, "longitude": 100.900002, "latitude": 23.0, "province": "Yunnan", "biological_group": "动物", "chapter_label": "第四章"}, "geometry": {"type": "Point", "coordinates": [100.900002, 23.0]}}, {"type": "Feature", "properties": {"objectid": 470, "fossil_id": 590984, "species_name": "Spinomarginifera lopingensis", "geological_stage": "Wuchiapingian", "max_age_ma": 259.51, "min_age_ma": 254.14, "longitude": 100.900002, "latitude": 23.0, "province": "Yunnan", "biological_group": "动物", "chapter_label": "第四章"}, "geometry": {"type": "Point", "coordinates": [100.900002, 23.0]}}, {"type": "Feature", "properties": {"objectid": 471, "fossil_id": 590985, "species_name": "Leptodus nobilis", "geological_stage": "Wuchiapingian", "max_age_ma": 259.51, "min_age_ma": 254.14, "longitude": 100.900002, "latitude": 23.0, "province": "Yunnan", "biological_group": "动物", "chapter_label": "第四章"}, "geometry": {"type": "Point", "coordinates": [100.900002, 23.0]}}, {"type": "Feature", "properties": {"objectid": 472, "fossil_id": 590986, "species_name": "Camarophorinella sp.", "geological_stage": "Wuchiapingian", "max_age_ma": 259.51, "min_age_ma": 254.14, "longitude": 100.900002, "latitude": 23.0, "province": "Yunnan", "biological_group": "动物", "chapter_label": "第四章"}, "geometry": {"type": "Point", "coordinates": [100.900002, 23.0]}}, {"type": "Feature", "properties": {"objectid": 473, "fossil_id": 590987, "species_name": "Crenispirifer alpheus", "geological_stage": "Wuchiapingian", "max_age_ma": 259.51, "min_age_ma": 254.14, "longitude": 100.900002, "latitude": 23.0, "province": "Yunnan", "biological_group": "动物", "chapter_label": "第四章"}, "geometry": {"type": "Point", "coordinates": [100.900002, 23.0]}}, {"type": "Feature", "properties": {"objectid": 474, "fossil_id": 590989, "species_name": "Hustedia lata", "geological_stage": "Wuchiapingian", "max_age_ma": 259.51, "min_age_ma": 254.14, "longitude": 100.900002, "latitude": 23.0, "province": "Yunnan", "biological_group": "动物", "chapter_label": "第四章"}, "geometry": {"type": "Point", "coordinates": [100.900002, 23.0]}}, {"type": "Feature", "properties": {"objectid": 485, "fossil_id": 707792, "species_name": "Parachonetes nasutus", "geological_stage": "Early Emsian", "max_age_ma": 410.62, "min_age_ma": 399.5, "longitude": 101.0, "latitude": 25.0, "province": "Yunnan", "biological_group": "动物", "chapter_label": "第四章"}, "geometry": {"type": "Point", "coordinates": [101.0, 25.0]}}, {"type": "Feature", "properties": {"objectid": 486, "fossil_id": 707793, "species_name": "Rostrospirifer tonkinensis", "geological_stage": "Early Emsian", "max_age_ma": 410.62, "min_age_ma": 399.5, "longitude": 101.0, "latitude": 25.0, "province": "Yunnan", "biological_group": "动物", "chapter_label": "第四章"}, "geometry": {"type": "Point", "coordinates": [101.0, 25.0]}}, {"type": "Feature", "properties": {"objectid": 487, "fossil_id": 707794, "species_name": "Dicoelostrophia anamitica", "geological_stage": "Early Emsian", "max_age_ma": 410.62, "min_age_ma": 399.5, "longitude": 101.0, "latitude": 25.0, "province": "Yunnan", "biological_group": "动物", "chapter_label": "第四章"}, "geometry": {"type": "Point", "coordinates": [101.0, 25.0]}}, {"type": "Feature", "properties": {"objectid": 488, "fossil_id": 707795, "species_name": "Calceola sandalina", "geological_stage": "Early Emsian", "max_age_ma": 410.62, "min_age_ma": 399.5, "longitude": 101.0, "latitude": 25.0, "province": "Yunnan", "biological_group": "动物", "chapter_label": "第四章"}, "geometry": {"type": "Point", "coordinates": [101.0, 25.0]}}, {"type": "Feature", "properties": {"objectid": 489, "fossil_id": 707796, "species_name": "Xystriphylloides nobilis", "geological_stage": "Early Emsian", "max_age_ma": 410.62, "min_age_ma": 399.5, "longitude": 101.0, "latitude": 25.0, "province": "Yunnan", "biological_group": "动物", "chapter_label": "第四章"}, "geometry": {"type": "Point", "coordinates": [101.0, 25.0]}}, {"type": "Feature", "properties": {"objectid": 490, "fossil_id": 707797, "species_name": "Clathrodictyon krekovi", "geological_stage": "Early Emsian", "max_age_ma": 410.62, "min_age_ma": 399.5, "longitude": 101.0, "latitude": 25.0, "province": "Yunnan", "biological_group": "动物", "chapter_label": "第四章"}, "geometry": {"type": "Point", "coordinates": [101.0, 25.0]}}, {"type": "Feature", "properties": {"objectid": 524, "fossil_id": 825226, "species_name": "Stigmosphaerostylus sp.", "geological_stage": "Givetian", "max_age_ma": 387.95, "min_age_ma": 382.31, "longitude": 99.5, "latitude": 22.5, "province": "Yunnan", "biological_group": "动物", "chapter_label": "第四章"}, "geometry": {"type": "Point", "coordinates": [99.5, 22.5]}}, {"type": "Feature", "properties": {"objectid": 525, "fossil_id": 825227, "species_name": "Trilonche davidi", "geological_stage": "Late Frasnian", "max_age_ma": 375.2, "min_age_ma": 372.15, "longitude": 99.5, "latitude": 22.5, "province": "Yunnan", "biological_group": "动物", "chapter_label": "第四章"}, "geometry": {"type": "Point", "coordinates": [99.5, 22.5]}}, {"type": "Feature", "properties": {"objectid": 526, "fossil_id": 825228, "species_name": "Trilonche minax", "geological_stage": "Late Frasnian", "max_age_ma": 375.2, "min_age_ma": 372.15, "longitude": 99.5, "latitude": 22.5, "province": "Yunnan", "biological_group": "动物", "chapter_label": "第四章"}, "geometry": {"type": "Point", "coordinates": [99.5, 22.5]}}, {"type": "Feature", "properties": {"objectid": 527, "fossil_id": 825229, "species_name": "Stigmosphaerostylus <sp. B>", "geological_stage": "Late Frasnian", "max_age_ma": 375.2, "min_age_ma": 372.15, "longitude": 99.5, "latitude": 22.5, "province": "Yunnan", "biological_group": "动物", "chapter_label": "第四章"}, "geometry": {"type": "Point", "coordinates": [99.5, 22.5]}}, {"type": "Feature", "properties": {"objectid": 528, "fossil_id": 825230, "species_name": "Stigmosphaerostylus cf. dimidiata", "geological_stage": "Late Frasnian", "max_age_ma": 375.2, "min_age_ma": 372.15, "longitude": 99.5, "latitude": 22.5, "province": "Yunnan", "biological_group": "动物", "chapter_label": "第四章"}, "geometry": {"type": "Point", "coordinates": [99.5, 22.5]}}, {"type": "Feature", "properties": {"objectid": 529, "fossil_id": 860394, "species_name": "Follicucullus longitestus", "geological_stage": "Capitanian", "max_age_ma": 264.28, "min_age_ma": 259.51, "longitude": 99.73333, "latitude": 22.533333, "province": "Yunnan", "biological_group": "动物", "chapter_label": "第四章"}, "geometry": {"type": "Point", "coordinates": [99.73333, 22.533333]}}, {"type": "Feature", "properties": {"objectid": 538, "fossil_id": 860405, "species_name": "Follicucullus scholasticus", "geological_stage": "Wuchiapingian", "max_age_ma": 259.51, "min_age_ma": 254.14, "longitude": 99.73333, "latitude": 22.533333, "province": "Yunnan", "biological_group": "动物", "chapter_label": "第四章"}, "geometry": {"type": "Point", "coordinates": [99.73333, 22.533333]}}, {"type": "Feature", "properties": {"objectid": 547, "fossil_id": 860414, "species_name": "Nazarovella gracilis", "geological_stage": "Changhsingian", "max_age_ma": 254.14, "min_age_ma": 251.902, "longitude": 99.73333, "latitude": 22.533333, "province": "Yunnan", "biological_group": "动物", "chapter_label": "第四章"}, "geometry": {"type": "Point", "coordinates": [99.73333, 22.533333]}}, {"type": "Feature", "properties": {"objectid": 557, "fossil_id": 860427, "species_name": "Ishigaum <sp. A>", "geological_stage": "Changhsingian", "max_age_ma": 254.14, "min_age_ma": 251.902, "longitude": 99.73333, "latitude": 22.533333, "province": "Yunnan", "biological_group": "动物", "chapter_label": "第四章"}, "geometry": {"type": "Point", "coordinates": [99.73333, 22.533333]}}, {"type": "Feature", "properties": {"objectid": 566, "fossil_id": 860436, "species_name": "Stigmosphaerostylus itsukaichiensis", "geological_stage": "Changhsingian", "max_age_ma": 254.14, "min_age_ma": 251.902, "longitude": 99.73333, "latitude": 22.533333, "province": "Yunnan", "biological_group": "动物", "chapter_label": "第四章"}, "geometry": {"type": "Point", "coordinates": [99.73333, 22.533333]}}, {"type": "Feature", "properties": {"objectid": 576, "fossil_id": 860452, "species_name": "Foremanhelena circula", "geological_stage": "Changhsingian", "max_age_ma": 254.14, "min_age_ma": 251.902, "longitude": 99.73333, "latitude": 22.533333, "province": "Yunnan", "biological_group": "动物", "chapter_label": "第四章"}, "geometry": {"type": "Point", "coordinates": [99.73333, 22.533333]}}, {"type": "Feature", "properties": {"objectid": 585, "fossil_id": 860461, "species_name": "Meschedea permica", "geological_stage": "Changhsingian", "max_age_ma": 254.14, "min_age_ma": 251.902, "longitude": 99.73333, "latitude": 22.533333, "province": "Yunnan", "biological_group": "动物", "chapter_label": "第四章"}, "geometry": {"type": "Point", "coordinates": [99.73333, 22.533333]}}, {"type": "Feature", "properties": {"objectid": 595, "fossil_id": 860471, "species_name": "Albaillella protolevis", "geological_stage": "Changhsingian", "max_age_ma": 254.14, "min_age_ma": 251.902, "longitude": 99.73333, "latitude": 22.75, "province": "Yunnan", "biological_group": "动物", "chapter_label": "第四章"}, "geometry": {"type": "Point", "coordinates": [99.73333, 22.75]}}, {"type": "Feature", "properties": {"objectid": 599, "fossil_id": 860475, "species_name": "Nazarovella inflata", "geological_stage": "Changhsingian", "max_age_ma": 254.14, "min_age_ma": 251.902, "longitude": 99.73333, "latitude": 22.75, "province": "Yunnan", "biological_group": "动物", "chapter_label": "第四章"}, "geometry": {"type": "Point", "coordinates": [99.73333, 22.75]}}, {"type": "Feature", "properties": {"objectid": 603, "fossil_id": 860479, "species_name": "Albaillella levis", "geological_stage": "Changhsingian", "max_age_ma": 254.14, "min_age_ma": 251.902, "longitude": 99.73333, "latitude": 22.75, "province": "Yunnan", "biological_group": "动物", "chapter_label": "第四章"}, "geometry": {"type": "Point", "coordinates": [99.73333, 22.75]}}, {"type": "Feature", "properties": {"objectid": 607, "fossil_id": 860483, "species_name": "Neoalbaillella sp.", "geological_stage": "Changhsingian", "max_age_ma": 254.14, "min_age_ma": 251.902, "longitude": 99.73333, "latitude": 22.75, "province": "Yunnan", "biological_group": "动物", "chapter_label": "第四章"}, "geometry": {"type": "Point", "coordinates": [99.73333, 22.75]}}, {"type": "Feature", "properties": {"objectid": 612, "fossil_id": 860488, "species_name": "Hegleria mammilla", "geological_stage": "Changhsingian", "max_age_ma": 254.14, "min_age_ma": 251.902, "longitude": 99.73333, "latitude": 22.75, "province": "Yunnan", "biological_group": "动物", "chapter_label": "第四章"}, "geometry": {"type": "Point", "coordinates": [99.73333, 22.75]}}, {"type": "Feature", "properties": {"objectid": 616, "fossil_id": 860492, "species_name": "Nazarovella gracilis", "geological_stage": "Changhsingian", "max_age_ma": 254.14, "min_age_ma": 251.902, "longitude": 99.73333, "latitude": 22.75, "province": "Yunnan", "biological_group": "动物", "chapter_label": "第四章"}, "geometry": {"type": "Point", "coordinates": [99.73333, 22.75]}}, {"type": "Feature", "properties": {"objectid": 620, "fossil_id": 860496, "species_name": "Neoalbaillella ornithoformis", "geological_stage": "Changhsingian", "max_age_ma": 254.14, "min_age_ma": 251.902, "longitude": 99.73333, "latitude": 22.75, "province": "Yunnan", "biological_group": "动物", "chapter_label": "第四章"}, "geometry": {"type": "Point", "coordinates": [99.73333, 22.75]}}, {"type": "Feature", "properties": {"objectid": 638, "fossil_id": 890650, "species_name": "Bakevellia jiuzhaiensis n. sp.", "geological_stage": "Wuchiapingian", "max_age_ma": 259.51, "min_age_ma": 251.902, "longitude": 105.892998, "latitude": 23.539, "province": "Yunnan", "biological_group": "动物", "chapter_label": "第四章"}, "geometry": {"type": "Point", "coordinates": [105.892998, 23.539]}}, {"type": "Feature", "properties": {"objectid": 639, "fossil_id": 890651, "species_name": "Aviculopecten yunnanensis n. sp.", "geological_stage": "Wuchiapingian", "max_age_ma": 259.51, "min_age_ma": 251.902, "longitude": 105.892998, "latitude": 23.539, "province": "Yunnan", "biological_group": "动物", "chapter_label": "第四章"}, "geometry": {"type": "Point", "coordinates": [105.892998, 23.539]}}, {"type": "Feature", "properties": {"objectid": 640, "fossil_id": 890748, "species_name": "Claraia diana", "geological_stage": "Wuchiapingian", "max_age_ma": 259.51, "min_age_ma": 251.902, "longitude": 100.995003, "latitude": 27.32, "province": "Yunnan", "biological_group": "动物", "chapter_label": "第四章"}, "geometry": {"type": "Point", "coordinates": [100.995003, 27.32]}}, {"type": "Feature", "properties": {"objectid": 641, "fossil_id": 890762, "species_name": "\"Palaeanodonta\" fuyuanensis n. sp.", "geological_stage": "Changhsingian", "max_age_ma": 254.14, "min_age_ma": 251.902, "longitude": 104.519997, "latitude": 25.225, "province": "Yunnan", "biological_group": "动物", "chapter_label": "第四章"}, "geometry": {"type": "Point", "coordinates": [104.519997, 25.225]}}, {"type": "Feature", "properties": {"objectid": 642, "fossil_id": 890763, "species_name": "\"Palaeanodonta\" yunnanensis n. sp.", "geological_stage": "Changhsingian", "max_age_ma": 254.14, "min_age_ma": 251.902, "longitude": 104.519997, "latitude": 25.225, "province": "Yunnan", "biological_group": "动物", "chapter_label": "第四章"}, "geometry": {"type": "Point", "coordinates": [104.519997, 25.225]}}, {"type": "Feature", "properties": {"objectid": 643, "fossil_id": 890764, "species_name": "Schizodus dianensis n. sp.", "geological_stage": "Changhsingian", "max_age_ma": 254.14, "min_age_ma": 251.902, "longitude": 104.519997, "latitude": 25.225, "province": "Yunnan", "biological_group": "动物", "chapter_label": "第四章"}, "geometry": {"type": "Point", "coordinates": [104.519997, 25.225]}}, {"type": "Feature", "properties": {"objectid": 644, "fossil_id": 890765, "species_name": "Tambanella yunnanensis n. sp.", "geological_stage": "Changhsingian", "max_age_ma": 254.14, "min_age_ma": 251.902, "longitude": 104.519997, "latitude": 25.225, "province": "Yunnan", "biological_group": "动物", "chapter_label": "第四章"}, "geometry": {"type": "Point", "coordinates": [104.519997, 25.225]}}, {"type": "Feature", "properties": {"objectid": 645, "fossil_id": 890766, "species_name": "Tambanella alta n. sp.", "geological_stage": "Changhsingian", "max_age_ma": 254.14, "min_age_ma": 251.902, "longitude": 104.519997, "latitude": 25.225, "province": "Yunnan", "biological_group": "动物", "chapter_label": "第四章"}, "geometry": {"type": "Point", "coordinates": [104.519997, 25.225]}}, {"type": "Feature", "properties": {"objectid": 646, "fossil_id": 890767, "species_name": "? Lopha dageensis n. sp.", "geological_stage": "Changhsingian", "max_age_ma": 254.14, "min_age_ma": 251.902, "longitude": 104.519997, "latitude": 25.225, "province": "Yunnan", "biological_group": "动物", "chapter_label": "第四章"}, "geometry": {"type": "Point", "coordinates": [104.519997, 25.225]}}, {"type": "Feature", "properties": {"objectid": 647, "fossil_id": 899330, "species_name": "Stacheoceras lijiangense n. sp.", "geological_stage": "Wuchiapingian", "max_age_ma": 259.51, "min_age_ma": 254.14, "longitude": 100.379997, "latitude": 27.27, "province": "Yunnan", "biological_group": "动物", "chapter_label": "第四章"}, "geometry": {"type": "Point", "coordinates": [100.379997, 27.27]}}, {"type": "Feature", "properties": {"objectid": 648, "fossil_id": 899337, "species_name": "Lijiangoceras longilobatum n. gen. n. sp.", "geological_stage": "Wuchiapingian", "max_age_ma": 259.51, "min_age_ma": 254.14, "longitude": 100.199997, "latitude": 27.01, "province": "Yunnan", "biological_group": "动物", "chapter_label": "第四章"}, "geometry": {"type": "Point", "coordinates": [100.199997, 27.01]}}, {"type": "Feature", "properties": {"objectid": 649, "fossil_id": 934035, "species_name": "Davidsonia septata n. sp.", "geological_stage": "Late Givetian", "max_age_ma": 383.4, "min_age_ma": 382.31, "longitude": 103.73333, "latitude": 25.1, "province": "Yunnan", "biological_group": "动物", "chapter_label": "第四章"}, "geometry": {"type": "Point", "coordinates": [103.73333, 25.1]}}, {"type": "Feature", "properties": {"objectid": 785, "fossil_id": 1069327, "species_name": "Nankinella sp.", "geological_stage": "Artinskian", "max_age_ma": 290.1, "min_age_ma": 283.3, "longitude": 103.574997, "latitude": 25.040001, "province": "Yunnan", "biological_group": "动物", "chapter_label": "第四章"}, "geometry": {"type": "Point", "coordinates": [103.574997, 25.040001]}}, {"type": "Feature", "properties": {"objectid": 787, "fossil_id": 1069329, "species_name": "Orthothetina curvata", "geological_stage": "Artinskian", "max_age_ma": 290.1, "min_age_ma": 283.3, "longitude": 103.574997, "latitude": 25.040001, "province": "Yunnan", "biological_group": "动物", "chapter_label": "第四章"}, "geometry": {"type": "Point", "coordinates": [103.574997, 25.040001]}}, {"type": "Feature", "properties": {"objectid": 789, "fossil_id": 1069331, "species_name": "Liosotella aff. cylindrica", "geological_stage": "Artinskian", "max_age_ma": 290.1, "min_age_ma": 283.3, "longitude": 103.574997, "latitude": 25.040001, "province": "Yunnan", "biological_group": "动物", "chapter_label": "第四章"}, "geometry": {"type": "Point", "coordinates": [103.574997, 25.040001]}}, {"type": "Feature", "properties": {"objectid": 791, "fossil_id": 1069333, "species_name": "Spirigerella bisulcatum", "geological_stage": "Artinskian", "max_age_ma": 290.1, "min_age_ma": 283.3, "longitude": 103.574997, "latitude": 25.040001, "province": "Yunnan", "biological_group": "动物", "chapter_label": "第四章"}, "geometry": {"type": "Point", "coordinates": [103.574997, 25.040001]}}, {"type": "Feature", "properties": {"objectid": 793, "fossil_id": 1069335, "species_name": "Linoproductus lineatus", "geological_stage": "Artinskian", "max_age_ma": 290.1, "min_age_ma": 283.3, "longitude": 103.574997, "latitude": 25.040001, "province": "Yunnan", "biological_group": "动物", "chapter_label": "第四章"}, "geometry": {"type": "Point", "coordinates": [103.574997, 25.040001]}}, {"type": "Feature", "properties": {"objectid": 795, "fossil_id": 1069337, "species_name": "Dielasma parmularis n. sp.", "geological_stage": "Artinskian", "max_age_ma": 290.1, "min_age_ma": 283.3, "longitude": 103.574997, "latitude": 25.040001, "province": "Yunnan", "biological_group": "动物", "chapter_label": "第四章"}, "geometry": {"type": "Point", "coordinates": [103.574997, 25.040001]}}, {"type": "Feature", "properties": {"objectid": 650, "fossil_id": 936569, "species_name": "Nuculopsis wymmensis", "geological_stage": "Changhsingian", "max_age_ma": 254.14, "min_age_ma": 251.902, "longitude": 99.660004, "latitude": 22.75, "province": "Yunnan", "biological_group": "动物", "chapter_label": "第四章"}, "geometry": {"type": "Point", "coordinates": [99.660004, 22.75]}}, {"type": "Feature", "properties": {"objectid": 653, "fossil_id": 936572, "species_name": "Parallelodon laochangensis n. sp.", "geological_stage": "Changhsingian", "max_age_ma": 254.14, "min_age_ma": 251.902, "longitude": 99.660004, "latitude": 22.75, "province": "Yunnan", "biological_group": "动物", "chapter_label": "第四章"}, "geometry": {"type": "Point", "coordinates": [99.660004, 22.75]}}, {"type": "Feature", "properties": {"objectid": 656, "fossil_id": 936575, "species_name": "Etheripecten cf. sichuanensis", "geological_stage": "Changhsingian", "max_age_ma": 254.14, "min_age_ma": 251.902, "longitude": 99.660004, "latitude": 22.75, "province": "Yunnan", "biological_group": "动物", "chapter_label": "第四章"}, "geometry": {"type": "Point", "coordinates": [99.660004, 22.75]}}, {"type": "Feature", "properties": {"objectid": 659, "fossil_id": 936578, "species_name": "Heteropecten sp.", "geological_stage": "Changhsingian", "max_age_ma": 254.14, "min_age_ma": 251.902, "longitude": 99.660004, "latitude": 22.75, "province": "Yunnan", "biological_group": "动物", "chapter_label": "第四章"}, "geometry": {"type": "Point", "coordinates": [99.660004, 22.75]}}, {"type": "Feature", "properties": {"objectid": 663, "fossil_id": 936582, "species_name": "Pernopecten zhutangensis n. sp.", "geological_stage": "Changhsingian", "max_age_ma": 254.14, "min_age_ma": 251.902, "longitude": 99.660004, "latitude": 22.75, "province": "Yunnan", "biological_group": "动物", "chapter_label": "第四章"}, "geometry": {"type": "Point", "coordinates": [99.660004, 22.75]}}, {"type": "Feature", "properties": {"objectid": 822, "fossil_id": 1143548, "species_name": "Monograptus aequabilis", "geological_stage": "Lochkovian", "max_age_ma": 419.62, "min_age_ma": 413.02, "longitude": 99.616669, "latitude": 22.716667, "province": "Yunnan", "biological_group": "动物", "chapter_label": "第四章"}, "geometry": {"type": "Point", "coordinates": [99.616669, 22.716667]}}, {"type": "Feature", "properties": {"objectid": 825, "fossil_id": 1143551, "species_name": "Abiesgraptus sp.", "geological_stage": "Lochkovian", "max_age_ma": 419.62, "min_age_ma": 413.02, "longitude": 99.616669, "latitude": 22.716667, "province": "Yunnan", "biological_group": "动物", "chapter_label": "第四章"}, "geometry": {"type": "Point", "coordinates": [99.616669, 22.716667]}}, {"type": "Feature", "properties": {"objectid": 678, "fossil_id": 997997, "species_name": "Araxopora araxensis", "geological_stage": "Wordian", "max_age_ma": 266.9, "min_age_ma": 264.28, "longitude": 103.271004, "latitude": 25.76, "province": "Yunnan", "biological_group": "动物", "chapter_label": "第四章"}, "geometry": {"type": "Point", "coordinates": [103.271004, 25.76]}}, {"type": "Feature", "properties": {"objectid": 679, "fossil_id": 997998, "species_name": "Araxopora obovata", "geological_stage": "Wordian", "max_age_ma": 266.9, "min_age_ma": 264.28, "longitude": 103.271004, "latitude": 25.76, "province": "Yunnan", "biological_group": "动物", "chapter_label": "第四章"}, "geometry": {"type": "Point", "coordinates": [103.271004, 25.76]}}, {"type": "Feature", "properties": {"objectid": 680, "fossil_id": 997999, "species_name": "Araxopora varians", "geological_stage": "Wordian", "max_age_ma": 266.9, "min_age_ma": 264.28, "longitude": 103.271004, "latitude": 25.76, "province": "Yunnan", "biological_group": "动物", "chapter_label": "第四章"}, "geometry": {"type": "Point", "coordinates": [103.271004, 25.76]}}, {"type": "Feature", "properties": {"objectid": 681, "fossil_id": 998000, "species_name": "Araxopora lunanensis n. sp.", "geological_stage": "Wordian", "max_age_ma": 266.9, "min_age_ma": 264.28, "longitude": 103.271004, "latitude": 25.76, "province": "Yunnan", "biological_group": "动物", "chapter_label": "第四章"}, "geometry": {"type": "Point", "coordinates": [103.271004, 25.76]}}, {"type": "Feature", "properties": {"objectid": 682, "fossil_id": 998001, "species_name": "Araxopora affinispinata n. sp.", "geological_stage": "Wordian", "max_age_ma": 266.9, "min_age_ma": 264.28, "longitude": 103.271004, "latitude": 25.76, "province": "Yunnan", "biological_group": "动物", "chapter_label": "第四章"}, "geometry": {"type": "Point", "coordinates": [103.271004, 25.76]}}, {"type": "Feature", "properties": {"objectid": 906, "fossil_id": 1419843, "species_name": "Kenichthys campbelli n. gen. n. sp.", "geological_stage": "Eifelian", "max_age_ma": 393.47, "min_age_ma": 387.95, "longitude": 103.376099, "latitude": 25.737391, "province": "Yunnan", "biological_group": "动物", "chapter_label": "第四章"}, "geometry": {"type": "Point", "coordinates": [103.376099, 25.737391]}}, {"type": "Feature", "properties": {"objectid": 797, "fossil_id": 1069570, "species_name": "Eoparafusulina tschernyschewi tschernyschewi", "geological_stage": "Wordian", "max_age_ma": 266.9, "min_age_ma": 259.51, "longitude": 98.599998, "latitude": 25.5, "province": "Yunnan", "biological_group": "动物", "chapter_label": "第四章"}, "geometry": {"type": "Point", "coordinates": [98.599998, 25.5]}}, {"type": "Feature", "properties": {"objectid": 801, "fossil_id": 1069574, "species_name": "Chusenella mingguangensis n. sp.", "geological_stage": "Wordian", "max_age_ma": 266.9, "min_age_ma": 259.51, "longitude": 98.599998, "latitude": 25.5, "province": "Yunnan", "biological_group": "动物", "chapter_label": "第四章"}, "geometry": {"type": "Point", "coordinates": [98.599998, 25.5]}}, {"type": "Feature", "properties": {"objectid": 972, "fossil_id": 1650981, "species_name": "Orthotetidae indet.", "geological_stage": "Sakmarian", "max_age_ma": 293.52, "min_age_ma": 283.3, "longitude": 98.599998, "latitude": 25.5, "province": "Yunnan", "biological_group": "动物", "chapter_label": "第四章"}, "geometry": {"type": "Point", "coordinates": [98.599998, 25.5]}}, {"type": "Feature", "properties": {"objectid": 977, "fossil_id": 1650986, "species_name": "Neospirifer sp.", "geological_stage": "Sakmarian", "max_age_ma": 293.52, "min_age_ma": 283.3, "longitude": 98.599998, "latitude": 25.5, "province": "Yunnan", "biological_group": "动物", "chapter_label": "第四章"}, "geometry": {"type": "Point", "coordinates": [98.599998, 25.5]}}, {"type": "Feature", "properties": {"objectid": 982, "fossil_id": 1650991, "species_name": "? Cyrtella sp.", "geological_stage": "Sakmarian", "max_age_ma": 293.52, "min_age_ma": 283.3, "longitude": 98.599998, "latitude": 25.5, "province": "Yunnan", "biological_group": "动物", "chapter_label": "第四章"}, "geometry": {"type": "Point", "coordinates": [98.599998, 25.5]}}, {"type": "Feature", "properties": {"objectid": 987, "fossil_id": 1650996, "species_name": "Waagenites sp.", "geological_stage": "Roadian", "max_age_ma": 274.4, "min_age_ma": 264.28, "longitude": 98.599998, "latitude": 25.5, "province": "Yunnan", "biological_group": "动物", "chapter_label": "第四章"}, "geometry": {"type": "Point", "coordinates": [98.599998, 25.5]}}, {"type": "Feature", "properties": {"objectid": 992, "fossil_id": 1651001, "species_name": "Schizophoria sp.", "geological_stage": "Artinskian", "max_age_ma": 290.1, "min_age_ma": 283.3, "longitude": 98.599998, "latitude": 25.5, "province": "Yunnan", "biological_group": "动物", "chapter_label": "第四章"}, "geometry": {"type": "Point", "coordinates": [98.599998, 25.5]}}, {"type": "Feature", "properties": {"objectid": 803, "fossil_id": 1101515, "species_name": "Notothyris ovalis", "geological_stage": "Guadalupian", "max_age_ma": 274.4, "min_age_ma": 259.51, "longitude": 103.32, "latitude": 24.799999, "province": "Yunnan", "biological_group": "动物", "chapter_label": "第四章"}, "geometry": {"type": "Point", "coordinates": [103.32, 24.799999]}}, {"type": "Feature", "properties": {"objectid": 804, "fossil_id": 1101516, "species_name": "Notothyris simplex", "geological_stage": "Guadalupian", "max_age_ma": 274.4, "min_age_ma": 259.51, "longitude": 103.32, "latitude": 24.799999, "province": "Yunnan", "biological_group": "动物", "chapter_label": "第四章"}, "geometry": {"type": "Point", "coordinates": [103.32, 24.799999]}}, {"type": "Feature", "properties": {"objectid": 805, "fossil_id": 1101517, "species_name": "Spirifer (Reticularia) indica", "geological_stage": "Guadalupian", "max_age_ma": 274.4, "min_age_ma": 259.51, "longitude": 103.32, "latitude": 24.799999, "province": "Yunnan", "biological_group": "动物", "chapter_label": "第四章"}, "geometry": {"type": "Point", "coordinates": [103.32, 24.799999]}}, {"type": "Feature", "properties": {"objectid": 806, "fossil_id": 1101518, "species_name": "Spiriferina orientalis n. sp.", "geological_stage": "Guadalupian", "max_age_ma": 274.4, "min_age_ma": 259.51, "longitude": 103.32, "latitude": 24.799999, "province": "Yunnan", "biological_group": "动物", "chapter_label": "第四章"}, "geometry": {"type": "Point", "coordinates": [103.32, 24.799999]}}, {"type": "Feature", "properties": {"objectid": 808, "fossil_id": 1101520, "species_name": "Spiriferina nasuta", "geological_stage": "Wuchiapingian", "max_age_ma": 259.51, "min_age_ma": 254.14, "longitude": 103.32, "latitude": 24.799999, "province": "Yunnan", "biological_group": "动物", "chapter_label": "第四章"}, "geometry": {"type": "Point", "coordinates": [103.32, 24.799999]}}, {"type": "Feature", "properties": {"objectid": 944, "fossil_id": 1546566, "species_name": "Archaeoudotea shilinensis", "geological_stage": "Wordian", "max_age_ma": 266.9, "min_age_ma": 264.28, "longitude": 103.32, "latitude": 24.809999, "province": "Yunnan", "biological_group": "动物", "chapter_label": "第四章"}, "geometry": {"type": "Point", "coordinates": [103.32, 24.809999]}}, {"type": "Feature", "properties": {"objectid": 945, "fossil_id": 1546567, "species_name": "Archaeoudotea shilinensis", "geological_stage": "Wordian", "max_age_ma": 266.9, "min_age_ma": 264.28, "longitude": 103.32, "latitude": 24.809999, "province": "Yunnan", "biological_group": "动物", "chapter_label": "第四章"}, "geometry": {"type": "Point", "coordinates": [103.32, 24.809999]}}, {"type": "Feature", "properties": {"objectid": 809, "fossil_id": 1102185, "species_name": "\"Spirifer\" rugulatus", "geological_stage": "Permian", "max_age_ma": 298.9, "min_age_ma": 251.902, "longitude": 100.099998, "latitude": 25.5, "province": "Yunnan", "biological_group": "动物", "chapter_label": "第四章"}, "geometry": {"type": "Point", "coordinates": [100.099998, 25.5]}}, {"type": "Feature", "properties": {"objectid": 810, "fossil_id": 1102190, "species_name": "Productus kiangsiensis", "geological_stage": "Permian", "max_age_ma": 298.9, "min_age_ma": 251.902, "longitude": 100.099998, "latitude": 25.5, "province": "Yunnan", "biological_group": "动物", "chapter_label": "第四章"}, "geometry": {"type": "Point", "coordinates": [100.099998, 25.5]}}, {"type": "Feature", "properties": {"objectid": 812, "fossil_id": 1129775, "species_name": "Eoarcyzona alanlordi n. sp.", "geological_stage": "Early Emsian", "max_age_ma": 410.62, "min_age_ma": 399.5, "longitude": 103.699997, "latitude": 27.33, "province": "Yunnan", "biological_group": "动物", "chapter_label": "第四章"}, "geometry": {"type": "Point", "coordinates": [103.699997, 27.33]}}, {"type": "Feature", "properties": {"objectid": 903, "fossil_id": 1419182, "species_name": "Sinodipterus beibei n. gen. n. sp.", "geological_stage": "Eifelian", "max_age_ma": 393.47, "min_age_ma": 387.95, "longitude": 103.699997, "latitude": 27.33, "province": "Yunnan", "biological_group": "动物", "chapter_label": "第四章"}, "geometry": {"type": "Point", "coordinates": [103.699997, 27.33]}}, {"type": "Feature", "properties": {"objectid": 817, "fossil_id": 1143540, "species_name": "Monograptus ? uniformis", "geological_stage": "Lochkovian", "max_age_ma": 419.62, "min_age_ma": 413.02, "longitude": 99.616669, "latitude": 22.216667, "province": "Yunnan", "biological_group": "动物", "chapter_label": "第四章"}, "geometry": {"type": "Point", "coordinates": [99.616669, 22.216667]}}, {"type": "Feature", "properties": {"objectid": 818, "fossil_id": 1143543, "species_name": "Linograptus ? sp.", "geological_stage": "Lochkovian", "max_age_ma": 419.62, "min_age_ma": 413.02, "longitude": 99.616669, "latitude": 22.216667, "province": "Yunnan", "biological_group": "动物", "chapter_label": "第四章"}, "geometry": {"type": "Point", "coordinates": [99.616669, 22.216667]}}, {"type": "Feature", "properties": {"objectid": 819, "fossil_id": 1143545, "species_name": "Monograptus aequabilis", "geological_stage": "Lochkovian", "max_age_ma": 419.62, "min_age_ma": 413.02, "longitude": 99.616669, "latitude": 22.216667, "province": "Yunnan", "biological_group": "动物", "chapter_label": "第四章"}, "geometry": {"type": "Point", "coordinates": [99.616669, 22.216667]}}, {"type": "Feature", "properties": {"objectid": 820, "fossil_id": 1143546, "species_name": "Monograptus hercynicus", "geological_stage": "Lochkovian", "max_age_ma": 419.62, "min_age_ma": 413.02, "longitude": 99.616669, "latitude": 22.216667, "province": "Yunnan", "biological_group": "动物", "chapter_label": "第四章"}, "geometry": {"type": "Point", "coordinates": [99.616669, 22.216667]}}, {"type": "Feature", "properties": {"objectid": 829, "fossil_id": 1147513, "species_name": "Cubitoblatta concina n. sp.", "geological_stage": "Changhsingian", "max_age_ma": 254.14, "min_age_ma": 251.902, "longitude": 104.375, "latitude": 25.834999, "province": "Yunnan", "biological_group": "动物", "chapter_label": "第四章"}, "geometry": {"type": "Point", "coordinates": [104.375, 25.834999]}}, {"type": "Feature", "properties": {"objectid": 952, "fossil_id": 1569548, "species_name": "Dasyleptus sinensis n. sp.", "geological_stage": "Changhsingian", "max_age_ma": 254.14, "min_age_ma": 251.902, "longitude": 104.370003, "latitude": 25.76, "province": "Yunnan", "biological_group": "动物", "chapter_label": "第四章"}, "geometry": {"type": "Point", "coordinates": [104.370003, 25.76]}}, {"type": "Feature", "properties": {"objectid": 830, "fossil_id": 1148126, "species_name": "Hayasakaia yunnanensis n. sp.", "geological_stage": "Kungurian", "max_age_ma": 283.3, "min_age_ma": 274.4, "longitude": 101.160004, "latitude": 26.745001, "province": "Yunnan", "biological_group": "动物", "chapter_label": "第四章"}, "geometry": {"type": "Point", "coordinates": [101.160004, 26.745001]}}, {"type": "Feature", "properties": {"objectid": 905, "fossil_id": 1419689, "species_name": "Qingmenodus yui n. gen. n. sp.", "geological_stage": "Pragian", "max_age_ma": 413.02, "min_age_ma": 410.62, "longitude": 103.801941, "latitude": 27.398611, "province": "Yunnan", "biological_group": "动物", "chapter_label": "第四章"}, "geometry": {"type": "Point", "coordinates": [103.801941, 27.398611]}}, {"type": "Feature", "properties": {"objectid": 1004, "fossil_id": 1667159, "species_name": "Rhegmaspis xiphoidea n. gen. n. sp.", "geological_stage": "Pragian", "max_age_ma": 413.02, "min_age_ma": 410.62, "longitude": 103.801941, "latitude": 27.398611, "province": "Yunnan", "biological_group": "动物", "chapter_label": "第四章"}, "geometry": {"type": "Point", "coordinates": [103.801941, 27.398611]}}, {"type": "Feature", "properties": {"objectid": 1006, "fossil_id": 1667161, "species_name": "Petalichthyida indet.", "geological_stage": "Pragian", "max_age_ma": 413.02, "min_age_ma": 410.62, "longitude": 103.801941, "latitude": 27.398611, "province": "Yunnan", "biological_group": "动物", "chapter_label": "第四章"}, "geometry": {"type": "Point", "coordinates": [103.801941, 27.398611]}}, {"type": "Feature", "properties": {"objectid": 1008, "fossil_id": 1667163, "species_name": "Sarcopterygii indet.", "geological_stage": "Pragian", "max_age_ma": 413.02, "min_age_ma": 410.62, "longitude": 103.801941, "latitude": 27.398611, "province": "Yunnan", "biological_group": "动物", "chapter_label": "第四章"}, "geometry": {"type": "Point", "coordinates": [103.801941, 27.398611]}}, {"type": "Feature", "properties": {"objectid": 1022, "fossil_id": 1681756, "species_name": "Lungmenshanaspis yunnanensis", "geological_stage": "Pragian", "max_age_ma": 413.02, "min_age_ma": 410.62, "longitude": 103.801941, "latitude": 27.398611, "province": "Yunnan", "biological_group": "动物", "chapter_label": "第四章"}, "geometry": {"type": "Point", "coordinates": [103.801941, 27.398611]}}, {"type": "Feature", "properties": {"objectid": 1024, "fossil_id": 1681758, "species_name": "Sanqiaspis zhaotongensis", "geological_stage": "Pragian", "max_age_ma": 413.02, "min_age_ma": 410.62, "longitude": 103.801941, "latitude": 27.398611, "province": "Yunnan", "biological_group": "动物", "chapter_label": "第四章"}, "geometry": {"type": "Point", "coordinates": [103.801941, 27.398611]}}, {"type": "Feature", "properties": {"objectid": 1039, "fossil_id": 1686158, "species_name": "Qingmenaspis microculus", "geological_stage": "Pragian", "max_age_ma": 413.02, "min_age_ma": 410.62, "longitude": 103.801941, "latitude": 27.398611, "province": "Yunnan", "biological_group": "动物", "chapter_label": "第四章"}, "geometry": {"type": "Point", "coordinates": [103.801941, 27.398611]}}, {"type": "Feature", "properties": {"objectid": 911, "fossil_id": 1439470, "species_name": "Pholadella (Qiaojiaia) usitata n. sp.", "geological_stage": "Emsian", "max_age_ma": 410.62, "min_age_ma": 393.47, "longitude": 103.229164, "latitude": 27.079721, "province": "Yunnan", "biological_group": "动物", "chapter_label": "第四章"}, "geometry": {"type": "Point", "coordinates": [103.229164, 27.079721]}}, {"type": "Feature", "properties": {"objectid": 912, "fossil_id": 1476252, "species_name": "Pteria cf. ussurica", "geological_stage": "Changhsingian", "max_age_ma": 254.14, "min_age_ma": 250.5, "longitude": 104.385277, "latitude": 26.4825, "province": "Yunnan", "biological_group": "动物", "chapter_label": "第四章"}, "geometry": {"type": "Point", "coordinates": [104.385277, 26.4825]}}, {"type": "Feature", "properties": {"objectid": 915, "fossil_id": 1476255, "species_name": "Austrotindaria antiqua", "geological_stage": "Changhsingian", "max_age_ma": 254.14, "min_age_ma": 250.5, "longitude": 104.385277, "latitude": 26.4825, "province": "Yunnan", "biological_group": "动物", "chapter_label": "第四章"}, "geometry": {"type": "Point", "coordinates": [104.385277, 26.4825]}}, {"type": "Feature", "properties": {"objectid": 918, "fossil_id": 1476258, "species_name": "Permophorus bregeri", "geological_stage": "Changhsingian", "max_age_ma": 254.14, "min_age_ma": 250.5, "longitude": 104.385277, "latitude": 26.4825, "province": "Yunnan", "biological_group": "动物", "chapter_label": "第四章"}, "geometry": {"type": "Point", "coordinates": [104.385277, 26.4825]}}, {"type": "Feature", "properties": {"objectid": 921, "fossil_id": 1476261, "species_name": "Austrotindaria antiqua", "geological_stage": "Changhsingian", "max_age_ma": 254.14, "min_age_ma": 250.5, "longitude": 104.385277, "latitude": 26.4825, "province": "Yunnan", "biological_group": "动物", "chapter_label": "第四章"}, "geometry": {"type": "Point", "coordinates": [104.385277, 26.4825]}}, {"type": "Feature", "properties": {"objectid": 925, "fossil_id": 1476265, "species_name": "Permophorus bregeri", "geological_stage": "Changhsingian", "max_age_ma": 254.14, "min_age_ma": 250.5, "longitude": 104.385277, "latitude": 26.4825, "province": "Yunnan", "biological_group": "动物", "chapter_label": "第四章"}, "geometry": {"type": "Point", "coordinates": [104.385277, 26.4825]}}, {"type": "Feature", "properties": {"objectid": 928, "fossil_id": 1476268, "species_name": "Promyalina putiatinensis", "geological_stage": "Changhsingian", "max_age_ma": 254.14, "min_age_ma": 250.5, "longitude": 104.385277, "latitude": 26.4825, "province": "Yunnan", "biological_group": "动物", "chapter_label": "第四章"}, "geometry": {"type": "Point", "coordinates": [104.385277, 26.4825]}}, {"type": "Feature", "properties": {"objectid": 931, "fossil_id": 1476271, "species_name": "Pteria cf. ussurica", "geological_stage": "Changhsingian", "max_age_ma": 254.14, "min_age_ma": 250.5, "longitude": 104.385277, "latitude": 26.4825, "province": "Yunnan", "biological_group": "动物", "chapter_label": "第四章"}, "geometry": {"type": "Point", "coordinates": [104.385277, 26.4825]}}, {"type": "Feature", "properties": {"objectid": 935, "fossil_id": 1497471, "species_name": "Pseudofusulina macilenta", "geological_stage": "Artinskian", "max_age_ma": 290.1, "min_age_ma": 283.3, "longitude": 99.239998, "latitude": 24.357, "province": "Yunnan", "biological_group": "动物", "chapter_label": "第四章"}, "geometry": {"type": "Point", "coordinates": [99.239998, 24.357]}}, {"type": "Feature", "properties": {"objectid": 936, "fossil_id": 1497472, "species_name": "Pseudofusulina tumidiscula", "geological_stage": "Artinskian", "max_age_ma": 290.1, "min_age_ma": 283.3, "longitude": 99.239998, "latitude": 24.357, "province": "Yunnan", "biological_group": "动物", "chapter_label": "第四章"}, "geometry": {"type": "Point", "coordinates": [99.239998, 24.357]}}, {"type": "Feature", "properties": {"objectid": 937, "fossil_id": 1497473, "species_name": "Pseudofusulina minitumidiscula n. sp.", "geological_stage": "Artinskian", "max_age_ma": 290.1, "min_age_ma": 283.3, "longitude": 99.239998, "latitude": 24.357, "province": "Yunnan", "biological_group": "动物", "chapter_label": "第四章"}, "geometry": {"type": "Point", "coordinates": [99.239998, 24.357]}}, {"type": "Feature", "properties": {"objectid": 938, "fossil_id": 1497474, "species_name": "Eoparafusulina aff. laudoni", "geological_stage": "Artinskian", "max_age_ma": 290.1, "min_age_ma": 283.3, "longitude": 99.239998, "latitude": 24.357, "province": "Yunnan", "biological_group": "动物", "chapter_label": "第四章"}, "geometry": {"type": "Point", "coordinates": [99.239998, 24.357]}}, {"type": "Feature", "properties": {"objectid": 939, "fossil_id": 1497475, "species_name": "Eoparafusulina sp.", "geological_stage": "Artinskian", "max_age_ma": 290.1, "min_age_ma": 283.3, "longitude": 99.239998, "latitude": 24.357, "province": "Yunnan", "biological_group": "动物", "chapter_label": "第四章"}, "geometry": {"type": "Point", "coordinates": [99.239998, 24.357]}}, {"type": "Feature", "properties": {"objectid": 947, "fossil_id": 1547032, "species_name": "Diplopora sp.", "geological_stage": "Roadian", "max_age_ma": 274.4, "min_age_ma": 264.28, "longitude": 99.213303, "latitude": 23.8815, "province": "Yunnan", "biological_group": "动物", "chapter_label": "第四章"}, "geometry": {"type": "Point", "coordinates": [99.213303, 23.8815]}}, {"type": "Feature", "properties": {"objectid": 948, "fossil_id": 1547033, "species_name": "Anthracoporella sp.", "geological_stage": "Roadian", "max_age_ma": 274.4, "min_age_ma": 264.28, "longitude": 99.213303, "latitude": 23.8815, "province": "Yunnan", "biological_group": "动物", "chapter_label": "第四章"}, "geometry": {"type": "Point", "coordinates": [99.213303, 23.8815]}}, {"type": "Feature", "properties": {"objectid": 949, "fossil_id": 1547034, "species_name": "Succodium sp.", "geological_stage": "Roadian", "max_age_ma": 274.4, "min_age_ma": 264.28, "longitude": 99.213303, "latitude": 23.8815, "province": "Yunnan", "biological_group": "动物", "chapter_label": "第四章"}, "geometry": {"type": "Point", "coordinates": [99.213303, 23.8815]}}, {"type": "Feature", "properties": {"objectid": 950, "fossil_id": 1547035, "species_name": "Gymnocodium bellerophontis", "geological_stage": "Roadian", "max_age_ma": 274.4, "min_age_ma": 264.28, "longitude": 99.213303, "latitude": 23.8815, "province": "Yunnan", "biological_group": "动物", "chapter_label": "第四章"}, "geometry": {"type": "Point", "coordinates": [99.213303, 23.8815]}}, {"type": "Feature", "properties": {"objectid": 951, "fossil_id": 1547036, "species_name": "Permocalculus sp.", "geological_stage": "Roadian", "max_age_ma": 274.4, "min_age_ma": 264.28, "longitude": 99.213303, "latitude": 23.8815, "province": "Yunnan", "biological_group": "动物", "chapter_label": "第四章"}, "geometry": {"type": "Point", "coordinates": [99.213303, 23.8815]}}, {"type": "Feature", "properties": {"objectid": 953, "fossil_id": 1576575, "species_name": "Passiflora sp.", "geological_stage": "Late Miocene", "max_age_ma": 11.63, "min_age_ma": 5.333, "longitude": 103.197777, "latitude": 23.8125, "province": "Yunnan", "biological_group": "植物", "chapter_label": "第四章"}, "geometry": {"type": "Point", "coordinates": [103.197777, 23.8125]}}, {"type": "Feature", "properties": {"objectid": 954, "fossil_id": 1583815, "species_name": "Polypodium sp.", "geological_stage": "Early Miocene", "max_age_ma": 23.04, "min_age_ma": 11.63, "longitude": 98.833336, "latitude": 25.116667, "province": "Yunnan", "biological_group": "植物", "chapter_label": "第四章"}, "geometry": {"type": "Point", "coordinates": [98.833336, 25.116667]}}, {"type": "Feature", "properties": {"objectid": 955, "fossil_id": 1588030, "species_name": "Garcinia cf. multiflora", "geological_stage": "Late Pliocene", "max_age_ma": 3.6, "min_age_ma": 2.58, "longitude": 98.633057, "latitude": 24.686943, "province": "Yunnan", "biological_group": "植物", "chapter_label": "第四章"}, "geometry": {"type": "Point", "coordinates": [98.633057, 24.686943]}}, {"type": "Feature", "properties": {"objectid": 956, "fossil_id": 1588346, "species_name": "Coniferophyta indet.", "geological_stage": "Late Pliocene", "max_age_ma": 3.6, "min_age_ma": 2.58, "longitude": 100.162498, "latitude": 26.512777, "province": "Yunnan", "biological_group": "植物", "chapter_label": "第四章"}, "geometry": {"type": "Point", "coordinates": [100.162498, 26.512777]}}, {"type": "Feature", "properties": {"objectid": 1045, "fossil_id": 1688760, "species_name": "Microbrachius chuandongensis", "geological_stage": "Late Emsian", "max_age_ma": 399.5, "min_age_ma": 393.47, "longitude": 103.737106, "latitude": 25.573236, "province": "Yunnan", "biological_group": "动物", "chapter_label": "第四章"}, "geometry": {"type": "Point", "coordinates": [103.737106, 25.573236]}}]}