{"type": "FeatureCollection", "features": [{"type": "Feature", "properties": {"objectid": 1, "fossil_id": 102833, "species_name": "Paracarinachites spinus", "geological_stage": "Nemakit-Daldynian", "max_age_ma": 538.8, "min_age_ma": 525.5, "longitude": 102.650833, "latitude": 24.671944, "province": "Yunnan", "biological_group": "动物", "chapter_label": "第二章"}, "geometry": {"type": "Point", "coordinates": [102.650833, 24.671944]}}, {"type": "Feature", "properties": {"objectid": 306, "fossil_id": 800081, "species_name": "Mediata kunyangensis n. sp.", "geological_stage": "Nemakit-Daldynian", "max_age_ma": 538.8, "min_age_ma": 525.5, "longitude": 102.650833, "latitude": 24.671944, "province": "Yunnan", "biological_group": "动物", "chapter_label": "第二章"}, "geometry": {"type": "Point", "coordinates": [102.650833, 24.671944]}}, {"type": "Feature", "properties": {"objectid": 374, "fossil_id": 880936, "species_name": "Anabarites trisulcatus", "geological_stage": "Nemakit-Daldynian", "max_age_ma": 538.8, "min_age_ma": 525.5, "longitude": 102.650833, "latitude": 24.671944, "province": "Yunnan", "biological_group": "动物", "chapter_label": "第二章"}, "geometry": {"type": "Point", "coordinates": [102.650833, 24.671944]}}, {"type": "Feature", "properties": {"objectid": 375, "fossil_id": 880937, "species_name": "Circotheca subcurvata", "geological_stage": "Nemakit-Daldynian", "max_age_ma": 538.8, "min_age_ma": 525.5, "longitude": 102.650833, "latitude": 24.671944, "province": "Yunnan", "biological_group": "动物", "chapter_label": "第二章"}, "geometry": {"type": "Point", "coordinates": [102.650833, 24.671944]}}, {"type": "Feature", "properties": {"objectid": 376, "fossil_id": 880938, "species_name": "Hyolithellus sp.", "geological_stage": "Nemakit-Daldynian", "max_age_ma": 538.8, "min_age_ma": 525.5, "longitude": 102.650833, "latitude": 24.671944, "province": "Yunnan", "biological_group": "动物", "chapter_label": "第二章"}, "geometry": {"type": "Point", "coordinates": [102.650833, 24.671944]}}, {"type": "Feature", "properties": {"objectid": 377, "fossil_id": 880939, "species_name": "Sachites sp.", "geological_stage": "Nemakit-Daldynian", "max_age_ma": 538.8, "min_age_ma": 525.5, "longitude": 102.650833, "latitude": 24.671944, "province": "Yunnan", "biological_group": "动物", "chapter_label": "第二章"}, "geometry": {"type": "Point", "coordinates": [102.650833, 24.671944]}}, {"type": "Feature", "properties": {"objectid": 378, "fossil_id": 880940, "species_name": "Yangtzespira sp.", "geological_stage": "Nemakit-Daldynian", "max_age_ma": 538.8, "min_age_ma": 525.5, "longitude": 102.650833, "latitude": 24.671944, "province": "Yunnan", "biological_group": "动物", "chapter_label": "第二章"}, "geometry": {"type": "Point", "coordinates": [102.650833, 24.671944]}}, {"type": "Feature", "properties": {"objectid": 380, "fossil_id": 880942, "species_name": "Circotheca hamata", "geological_stage": "Nemakit-Daldynian", "max_age_ma": 538.8, "min_age_ma": 525.5, "longitude": 102.650833, "latitude": 24.671944, "province": "Yunnan", "biological_group": "动物", "chapter_label": "第二章"}, "geometry": {"type": "Point", "coordinates": [102.650833, 24.671944]}}, {"type": "Feature", "properties": {"objectid": 381, "fossil_id": 880943, "species_name": "Turcutheca crasseocochlia", "geological_stage": "Nemakit-Daldynian", "max_age_ma": 538.8, "min_age_ma": 525.5, "longitude": 102.650833, "latitude": 24.671944, "province": "Yunnan", "biological_group": "动物", "chapter_label": "第二章"}, "geometry": {"type": "Point", "coordinates": [102.650833, 24.671944]}}, {"type": "Feature", "properties": {"objectid": 382, "fossil_id": 880944, "species_name": "Circotheca obesa", "geological_stage": "Nemakit-Daldynian", "max_age_ma": 538.8, "min_age_ma": 525.5, "longitude": 102.650833, "latitude": 24.671944, "province": "Yunnan", "biological_group": "动物", "chapter_label": "第二章"}, "geometry": {"type": "Point", "coordinates": [102.650833, 24.671944]}}, {"type": "Feature", "properties": {"objectid": 383, "fossil_id": 898174, "species_name": "Aegitellus concentricus", "geological_stage": "Nemakit-Daldynian", "max_age_ma": 538.8, "min_age_ma": 521.0, "longitude": 102.666664, "latitude": 24.666668, "province": "Yunnan", "biological_group": "动物", "chapter_label": "第二章"}, "geometry": {"type": "Point", "coordinates": [102.666664, 24.666668]}}, {"type": "Feature", "properties": {"objectid": 1209, "fossil_id": 1523176, "species_name": "Dianchicystis jianshanensis n. gen. n. sp.", "geological_stage": "Early Cambrian", "max_age_ma": 538.8, "min_age_ma": 506.5, "longitude": 102.599998, "latitude": 24.785, "province": "Yunnan", "biological_group": "动物", "chapter_label": "第二章"}, "geometry": {"type": "Point", "coordinates": [102.599998, 24.785]}}, {"type": "Feature", "properties": {"objectid": 1237, "fossil_id": 1592422, "species_name": "Galeactena hemispherica", "geological_stage": "Early Cambrian", "max_age_ma": 538.8, "min_age_ma": 506.5, "longitude": 102.599998, "latitude": 24.785, "province": "Yunnan", "biological_group": "动物", "chapter_label": "第二章"}, "geometry": {"type": "Point", "coordinates": [102.599998, 24.785]}}, {"type": "Feature", "properties": {"objectid": 2, "fossil_id": 106884, "species_name": "Amplexograptus sp.", "geological_stage": "Early Llanvirn", "max_age_ma": 468.0, "min_age_ma": 461.1, "longitude": 104.0, "latitude": 23.0, "province": "Yunnan", "biological_group": "动物", "chapter_label": "第二章"}, "geometry": {"type": "Point", "coordinates": [104.0, 23.0]}}, {"type": "Feature", "properties": {"objectid": 8, "fossil_id": 106890, "species_name": "Illaenus sp.", "geological_stage": "Early Llanvirn", "max_age_ma": 468.0, "min_age_ma": 461.1, "longitude": 104.0, "latitude": 23.0, "province": "Yunnan", "biological_group": "动物", "chapter_label": "第二章"}, "geometry": {"type": "Point", "coordinates": [104.0, 23.0]}}, {"type": "Feature", "properties": {"objectid": 15, "fossil_id": 106897, "species_name": "Remopleurides sp.", "geological_stage": "Early Llanvirn", "max_age_ma": 468.0, "min_age_ma": 461.1, "longitude": 104.0, "latitude": 23.0, "province": "Yunnan", "biological_group": "动物", "chapter_label": "第二章"}, "geometry": {"type": "Point", "coordinates": [104.0, 23.0]}}, {"type": "Feature", "properties": {"objectid": 21, "fossil_id": 106903, "species_name": "Telephina sp.", "geological_stage": "Early Llanvirn", "max_age_ma": 468.0, "min_age_ma": 461.1, "longitude": 104.0, "latitude": 23.0, "province": "Yunnan", "biological_group": "动物", "chapter_label": "第二章"}, "geometry": {"type": "Point", "coordinates": [104.0, 23.0]}}, {"type": "Feature", "properties": {"objectid": 28, "fossil_id": 106910, "species_name": "Leptella sp.", "geological_stage": "Costonian", "max_age_ma": 458.2, "min_age_ma": 457.2, "longitude": 104.0, "latitude": 23.0, "province": "Yunnan", "biological_group": "动物", "chapter_label": "第二章"}, "geometry": {"type": "Point", "coordinates": [104.0, 23.0]}}, {"type": "Feature", "properties": {"objectid": 35, "fossil_id": 106917, "species_name": "Bythocypris sp.", "geological_stage": "Costonian", "max_age_ma": 458.2, "min_age_ma": 457.2, "longitude": 104.0, "latitude": 23.0, "province": "Yunnan", "biological_group": "动物", "chapter_label": "第二章"}, "geometry": {"type": "Point", "coordinates": [104.0, 23.0]}}, {"type": "Feature", "properties": {"objectid": 41, "fossil_id": 106923, "species_name": "Orthograptus sp.", "geological_stage": "Costonian", "max_age_ma": 458.2, "min_age_ma": 457.2, "longitude": 104.0, "latitude": 23.0, "province": "Yunnan", "biological_group": "动物", "chapter_label": "第二章"}, "geometry": {"type": "Point", "coordinates": [104.0, 23.0]}}, {"type": "Feature", "properties": {"objectid": 48, "fossil_id": 106930, "species_name": "Acrotreta sp.", "geological_stage": "Early Llanvirn", "max_age_ma": 468.0, "min_age_ma": 461.1, "longitude": 104.0, "latitude": 23.0, "province": "Yunnan", "biological_group": "动物", "chapter_label": "第二章"}, "geometry": {"type": "Point", "coordinates": [104.0, 23.0]}}, {"type": "Feature", "properties": {"objectid": 54, "fossil_id": 106936, "species_name": "Clitambonites sp.", "geological_stage": "Early Llanvirn", "max_age_ma": 468.0, "min_age_ma": 461.1, "longitude": 104.0, "latitude": 23.0, "province": "Yunnan", "biological_group": "动物", "chapter_label": "第二章"}, "geometry": {"type": "Point", "coordinates": [104.0, 23.0]}}, {"type": "Feature", "properties": {"objectid": 61, "fossil_id": 106943, "species_name": "Sphaeronites sp.", "geological_stage": "Early Llanvirn", "max_age_ma": 468.0, "min_age_ma": 461.1, "longitude": 104.0, "latitude": 23.0, "province": "Yunnan", "biological_group": "动物", "chapter_label": "第二章"}, "geometry": {"type": "Point", "coordinates": [104.0, 23.0]}}, {"type": "Feature", "properties": {"objectid": 68, "fossil_id": 106950, "species_name": "Ecculiomphalus sp.", "geological_stage": "Arenig", "max_age_ma": 477.1, "min_age_ma": 468.0, "longitude": 104.0, "latitude": 23.0, "province": "Yunnan", "biological_group": "动物", "chapter_label": "第二章"}, "geometry": {"type": "Point", "coordinates": [104.0, 23.0]}}, {"type": "Feature", "properties": {"objectid": 74, "fossil_id": 106956, "species_name": "Megalaspides sp.", "geological_stage": "Arenig", "max_age_ma": 477.1, "min_age_ma": 468.0, "longitude": 104.0, "latitude": 23.0, "province": "Yunnan", "biological_group": "动物", "chapter_label": "第二章"}, "geometry": {"type": "Point", "coordinates": [104.0, 23.0]}}, {"type": "Feature", "properties": {"objectid": 81, "fossil_id": 106963, "species_name": "Taihungshania sp.", "geological_stage": "Arenig", "max_age_ma": 477.1, "min_age_ma": 468.0, "longitude": 104.0, "latitude": 23.0, "province": "Yunnan", "biological_group": "动物", "chapter_label": "第二章"}, "geometry": {"type": "Point", "coordinates": [104.0, 23.0]}}, {"type": "Feature", "properties": {"objectid": 88, "fossil_id": 107074, "species_name": "Amphilichas sp.", "geological_stage": "Late Llanvirn", "max_age_ma": 461.1, "min_age_ma": 458.2, "longitude": 103.0, "latitude": 27.0, "province": "Yunnan", "biological_group": "动物", "chapter_label": "第二章"}, "geometry": {"type": "Point", "coordinates": [103.0, 27.0]}}, {"type": "Feature", "properties": {"objectid": 89, "fossil_id": 107075, "species_name": "Didymograptellus sp.", "geological_stage": "Late Llanvirn", "max_age_ma": 461.1, "min_age_ma": 458.2, "longitude": 103.0, "latitude": 27.0, "province": "Yunnan", "biological_group": "动物", "chapter_label": "第二章"}, "geometry": {"type": "Point", "coordinates": [103.0, 27.0]}}, {"type": "Feature", "properties": {"objectid": 91, "fossil_id": 107077, "species_name": "Paraceraurus sp.", "geological_stage": "Late Llanvirn", "max_age_ma": 461.1, "min_age_ma": 458.2, "longitude": 103.0, "latitude": 27.0, "province": "Yunnan", "biological_group": "动物", "chapter_label": "第二章"}, "geometry": {"type": "Point", "coordinates": [103.0, 27.0]}}, {"type": "Feature", "properties": {"objectid": 93, "fossil_id": 107079, "species_name": "Sinocystis sp.", "geological_stage": "Late Llanvirn", "max_age_ma": 461.1, "min_age_ma": 458.2, "longitude": 103.0, "latitude": 27.0, "province": "Yunnan", "biological_group": "动物", "chapter_label": "第二章"}, "geometry": {"type": "Point", "coordinates": [103.0, 27.0]}}, {"type": "Feature", "properties": {"objectid": 97, "fossil_id": 107083, "species_name": "Birmanites sp.", "geological_stage": "Early Llanvirn", "max_age_ma": 468.0, "min_age_ma": 461.1, "longitude": 103.0, "latitude": 27.0, "province": "Yunnan", "biological_group": "动物", "chapter_label": "第二章"}, "geometry": {"type": "Point", "coordinates": [103.0, 27.0]}}, {"type": "Feature", "properties": {"objectid": 99, "fossil_id": 107085, "species_name": "Conolichas sp.", "geological_stage": "Early Llanvirn", "max_age_ma": 468.0, "min_age_ma": 461.1, "longitude": 103.0, "latitude": 27.0, "province": "Yunnan", "biological_group": "动物", "chapter_label": "第二章"}, "geometry": {"type": "Point", "coordinates": [103.0, 27.0]}}, {"type": "Feature", "properties": {"objectid": 101, "fossil_id": 107087, "species_name": "Didymograptus sp.", "geological_stage": "Early Llanvirn", "max_age_ma": 468.0, "min_age_ma": 461.1, "longitude": 103.0, "latitude": 27.0, "province": "Yunnan", "biological_group": "动物", "chapter_label": "第二章"}, "geometry": {"type": "Point", "coordinates": [103.0, 27.0]}}, {"type": "Feature", "properties": {"objectid": 102, "fossil_id": 107088, "species_name": "Glossograptus sp.", "geological_stage": "Early Llanvirn", "max_age_ma": 468.0, "min_age_ma": 461.1, "longitude": 103.0, "latitude": 27.0, "province": "Yunnan", "biological_group": "动物", "chapter_label": "第二章"}, "geometry": {"type": "Point", "coordinates": [103.0, 27.0]}}, {"type": "Feature", "properties": {"objectid": 104, "fossil_id": 107090, "species_name": "Leptellina sp.", "geological_stage": "Early Llanvirn", "max_age_ma": 468.0, "min_age_ma": 461.1, "longitude": 103.0, "latitude": 27.0, "province": "Yunnan", "biological_group": "动物", "chapter_label": "第二章"}, "geometry": {"type": "Point", "coordinates": [103.0, 27.0]}}, {"type": "Feature", "properties": {"objectid": 106, "fossil_id": 107092, "species_name": "Sinocystis sp.", "geological_stage": "Early Llanvirn", "max_age_ma": 468.0, "min_age_ma": 461.1, "longitude": 103.0, "latitude": 27.0, "province": "Yunnan", "biological_group": "动物", "chapter_label": "第二章"}, "geometry": {"type": "Point", "coordinates": [103.0, 27.0]}}, {"type": "Feature", "properties": {"objectid": 108, "fossil_id": 107094, "species_name": "Orbiculoidea sp.", "geological_stage": "Arenig", "max_age_ma": 477.1, "min_age_ma": 468.0, "longitude": 103.0, "latitude": 27.0, "province": "Yunnan", "biological_group": "动物", "chapter_label": "第二章"}, "geometry": {"type": "Point", "coordinates": [103.0, 27.0]}}, {"type": "Feature", "properties": {"objectid": 110, "fossil_id": 107096, "species_name": "Obolus sp.", "geological_stage": "Arenig", "max_age_ma": 477.1, "min_age_ma": 468.0, "longitude": 103.0, "latitude": 27.0, "province": "Yunnan", "biological_group": "动物", "chapter_label": "第二章"}, "geometry": {"type": "Point", "coordinates": [103.0, 27.0]}}, {"type": "Feature", "properties": {"objectid": 112, "fossil_id": 107098, "species_name": "Lingulella sp.", "geological_stage": "Arenig", "max_age_ma": 477.1, "min_age_ma": 468.0, "longitude": 103.0, "latitude": 27.0, "province": "Yunnan", "biological_group": "动物", "chapter_label": "第二章"}, "geometry": {"type": "Point", "coordinates": [103.0, 27.0]}}, {"type": "Feature", "properties": {"objectid": 95, "fossil_id": 107081, "species_name": "Climacograptus sp.", "geological_stage": "Actonian", "max_age_ma": 454.0, "min_age_ma": 449.5, "longitude": 100.0, "latitude": 27.0, "province": "Yunnan", "biological_group": "动物", "chapter_label": "第二章"}, "geometry": {"type": "Point", "coordinates": [100.0, 27.0]}}, {"type": "Feature", "properties": {"objectid": 96, "fossil_id": 107082, "species_name": "Orthograptus sp.", "geological_stage": "Actonian", "max_age_ma": 454.0, "min_age_ma": 449.5, "longitude": 100.0, "latitude": 27.0, "province": "Yunnan", "biological_group": "动物", "chapter_label": "第二章"}, "geometry": {"type": "Point", "coordinates": [100.0, 27.0]}}, {"type": "Feature", "properties": {"objectid": 114, "fossil_id": 107100, "species_name": "Dideroceras sp.", "geological_stage": "Soudleyan", "max_age_ma": 458.2, "min_age_ma": 454.0, "longitude": 100.0, "latitude": 27.0, "province": "Yunnan", "biological_group": "动物", "chapter_label": "第二章"}, "geometry": {"type": "Point", "coordinates": [100.0, 27.0]}}, {"type": "Feature", "properties": {"objectid": 115, "fossil_id": 107101, "species_name": "Eosomichelinoceras sp.", "geological_stage": "Soudleyan", "max_age_ma": 458.2, "min_age_ma": 454.0, "longitude": 100.0, "latitude": 27.0, "province": "Yunnan", "biological_group": "动物", "chapter_label": "第二章"}, "geometry": {"type": "Point", "coordinates": [100.0, 27.0]}}, {"type": "Feature", "properties": {"objectid": 116, "fossil_id": 107102, "species_name": "Lituites sp.", "geological_stage": "Soudleyan", "max_age_ma": 458.2, "min_age_ma": 454.0, "longitude": 100.0, "latitude": 27.0, "province": "Yunnan", "biological_group": "动物", "chapter_label": "第二章"}, "geometry": {"type": "Point", "coordinates": [100.0, 27.0]}}, {"type": "Feature", "properties": {"objectid": 117, "fossil_id": 107103, "species_name": "Meitanoceras sp.", "geological_stage": "Soudleyan", "max_age_ma": 458.2, "min_age_ma": 454.0, "longitude": 100.0, "latitude": 27.0, "province": "Yunnan", "biological_group": "动物", "chapter_label": "第二章"}, "geometry": {"type": "Point", "coordinates": [100.0, 27.0]}}, {"type": "Feature", "properties": {"objectid": 118, "fossil_id": 107104, "species_name": "Michelinoceras sp.", "geological_stage": "Soudleyan", "max_age_ma": 458.2, "min_age_ma": 454.0, "longitude": 100.0, "latitude": 27.0, "province": "Yunnan", "biological_group": "动物", "chapter_label": "第二章"}, "geometry": {"type": "Point", "coordinates": [100.0, 27.0]}}, {"type": "Feature", "properties": {"objectid": 119, "fossil_id": 107105, "species_name": "Sinoceras sp.", "geological_stage": "Soudleyan", "max_age_ma": 458.2, "min_age_ma": 454.0, "longitude": 100.0, "latitude": 27.0, "province": "Yunnan", "biological_group": "动物", "chapter_label": "第二章"}, "geometry": {"type": "Point", "coordinates": [100.0, 27.0]}}, {"type": "Feature", "properties": {"objectid": 120, "fossil_id": 107106, "species_name": "Trocholites sp.", "geological_stage": "Soudleyan", "max_age_ma": 458.2, "min_age_ma": 454.0, "longitude": 100.0, "latitude": 27.0, "province": "Yunnan", "biological_group": "动物", "chapter_label": "第二章"}, "geometry": {"type": "Point", "coordinates": [100.0, 27.0]}}, {"type": "Feature", "properties": {"objectid": 121, "fossil_id": 107946, "species_name": "Asaphus sp.", "geological_stage": "Arenig", "max_age_ma": 477.1, "min_age_ma": 468.0, "longitude": 102.0, "latitude": 24.0, "province": "YunNan", "biological_group": "动物", "chapter_label": "第二章"}, "geometry": {"type": "Point", "coordinates": [102.0, 24.0]}}, {"type": "Feature", "properties": {"objectid": 122, "fossil_id": 107947, "species_name": "Cypricardinia sp.", "geological_stage": "Arenig", "max_age_ma": 477.1, "min_age_ma": 468.0, "longitude": 102.0, "latitude": 24.0, "province": "YunNan", "biological_group": "动物", "chapter_label": "第二章"}, "geometry": {"type": "Point", "coordinates": [102.0, 24.0]}}, {"type": "Feature", "properties": {"objectid": 123, "fossil_id": 107948, "species_name": "Eosotrematorthis sp.", "geological_stage": "Arenig", "max_age_ma": 477.1, "min_age_ma": 468.0, "longitude": 102.0, "latitude": 24.0, "province": "YunNan", "biological_group": "动物", "chapter_label": "第二章"}, "geometry": {"type": "Point", "coordinates": [102.0, 24.0]}}, {"type": "Feature", "properties": {"objectid": 124, "fossil_id": 107949, "species_name": "Metorthis sp.", "geological_stage": "Arenig", "max_age_ma": 477.1, "min_age_ma": 468.0, "longitude": 102.0, "latitude": 24.0, "province": "YunNan", "biological_group": "动物", "chapter_label": "第二章"}, "geometry": {"type": "Point", "coordinates": [102.0, 24.0]}}, {"type": "Feature", "properties": {"objectid": 125, "fossil_id": 107950, "species_name": "Mimella sp.", "geological_stage": "Arenig", "max_age_ma": 477.1, "min_age_ma": 468.0, "longitude": 102.0, "latitude": 24.0, "province": "YunNan", "biological_group": "动物", "chapter_label": "第二章"}, "geometry": {"type": "Point", "coordinates": [102.0, 24.0]}}, {"type": "Feature", "properties": {"objectid": 126, "fossil_id": 107951, "species_name": "Modiolopsis sp.", "geological_stage": "Arenig", "max_age_ma": 477.1, "min_age_ma": 468.0, "longitude": 102.0, "latitude": 24.0, "province": "YunNan", "biological_group": "动物", "chapter_label": "第二章"}, "geometry": {"type": "Point", "coordinates": [102.0, 24.0]}}, {"type": "Feature", "properties": {"objectid": 127, "fossil_id": 107952, "species_name": "Psilocephalina sp.", "geological_stage": "Arenig", "max_age_ma": 477.1, "min_age_ma": 468.0, "longitude": 102.0, "latitude": 24.0, "province": "YunNan", "biological_group": "动物", "chapter_label": "第二章"}, "geometry": {"type": "Point", "coordinates": [102.0, 24.0]}}, {"type": "Feature", "properties": {"objectid": 128, "fossil_id": 107953, "species_name": "Sinorthis sp.", "geological_stage": "Arenig", "max_age_ma": 477.1, "min_age_ma": 468.0, "longitude": 102.0, "latitude": 24.0, "province": "YunNan", "biological_group": "动物", "chapter_label": "第二章"}, "geometry": {"type": "Point", "coordinates": [102.0, 24.0]}}, {"type": "Feature", "properties": {"objectid": 129, "fossil_id": 107954, "species_name": "Symphysurus sp.", "geological_stage": "Arenig", "max_age_ma": 477.1, "min_age_ma": 468.0, "longitude": 102.0, "latitude": 24.0, "province": "YunNan", "biological_group": "动物", "chapter_label": "第二章"}, "geometry": {"type": "Point", "coordinates": [102.0, 24.0]}}, {"type": "Feature", "properties": {"objectid": 130, "fossil_id": 107955, "species_name": "Taihungshania sp.", "geological_stage": "Arenig", "max_age_ma": 477.1, "min_age_ma": 468.0, "longitude": 102.0, "latitude": 24.0, "province": "YunNan", "biological_group": "动物", "chapter_label": "第二章"}, "geometry": {"type": "Point", "coordinates": [102.0, 24.0]}}, {"type": "Feature", "properties": {"objectid": 131, "fossil_id": 107956, "species_name": "Cypricardinia sp.", "geological_stage": "Tremadoc", "max_age_ma": 486.4, "min_age_ma": 477.1, "longitude": 102.0, "latitude": 24.0, "province": "YunNan", "biological_group": "动物", "chapter_label": "第二章"}, "geometry": {"type": "Point", "coordinates": [102.0, 24.0]}}, {"type": "Feature", "properties": {"objectid": 132, "fossil_id": 107957, "species_name": "Modiolopsis sp.", "geological_stage": "Tremadoc", "max_age_ma": 486.4, "min_age_ma": 477.1, "longitude": 102.0, "latitude": 24.0, "province": "YunNan", "biological_group": "动物", "chapter_label": "第二章"}, "geometry": {"type": "Point", "coordinates": [102.0, 24.0]}}, {"type": "Feature", "properties": {"objectid": 133, "fossil_id": 107958, "species_name": "Tungtzuella sp.", "geological_stage": "Tremadoc", "max_age_ma": 486.4, "min_age_ma": 477.1, "longitude": 102.0, "latitude": 24.0, "province": "YunNan", "biological_group": "动物", "chapter_label": "第二章"}, "geometry": {"type": "Point", "coordinates": [102.0, 24.0]}}, {"type": "Feature", "properties": {"objectid": 134, "fossil_id": 107959, "species_name": "Acanthograptus sp.", "geological_stage": "Arenig", "max_age_ma": 477.1, "min_age_ma": 468.0, "longitude": 102.0, "latitude": 26.0, "province": "YunNan", "biological_group": "动物", "chapter_label": "第二章"}, "geometry": {"type": "Point", "coordinates": [102.0, 26.0]}}, {"type": "Feature", "properties": {"objectid": 136, "fossil_id": 107961, "species_name": "Dendrograptus sp.", "geological_stage": "Arenig", "max_age_ma": 477.1, "min_age_ma": 468.0, "longitude": 102.0, "latitude": 26.0, "province": "YunNan", "biological_group": "动物", "chapter_label": "第二章"}, "geometry": {"type": "Point", "coordinates": [102.0, 26.0]}}, {"type": "Feature", "properties": {"objectid": 139, "fossil_id": 107964, "species_name": "Neseuretus sp.", "geological_stage": "Arenig", "max_age_ma": 477.1, "min_age_ma": 468.0, "longitude": 102.0, "latitude": 26.0, "province": "YunNan", "biological_group": "动物", "chapter_label": "第二章"}, "geometry": {"type": "Point", "coordinates": [102.0, 26.0]}}, {"type": "Feature", "properties": {"objectid": 142, "fossil_id": 107967, "species_name": "Didymograptus sp.", "geological_stage": "Arenig", "max_age_ma": 477.1, "min_age_ma": 468.0, "longitude": 102.0, "latitude": 26.0, "province": "YunNan", "biological_group": "动物", "chapter_label": "第二章"}, "geometry": {"type": "Point", "coordinates": [102.0, 26.0]}}, {"type": "Feature", "properties": {"objectid": 144, "fossil_id": 107969, "species_name": "Psilocephalina sp.", "geological_stage": "Arenig", "max_age_ma": 477.1, "min_age_ma": 468.0, "longitude": 102.0, "latitude": 26.0, "province": "YunNan", "biological_group": "动物", "chapter_label": "第二章"}, "geometry": {"type": "Point", "coordinates": [102.0, 26.0]}}, {"type": "Feature", "properties": {"objectid": 147, "fossil_id": 107972, "species_name": "Lingula sp.", "geological_stage": "Tremadoc", "max_age_ma": 486.4, "min_age_ma": 477.1, "longitude": 102.0, "latitude": 26.0, "province": "YunNan", "biological_group": "动物", "chapter_label": "第二章"}, "geometry": {"type": "Point", "coordinates": [102.0, 26.0]}}, {"type": "Feature", "properties": {"objectid": 150, "fossil_id": 107975, "species_name": "Orthis sp.", "geological_stage": "Tremadoc", "max_age_ma": 486.4, "min_age_ma": 477.1, "longitude": 102.0, "latitude": 26.0, "province": "YunNan", "biological_group": "动物", "chapter_label": "第二章"}, "geometry": {"type": "Point", "coordinates": [102.0, 26.0]}}, {"type": "Feature", "properties": {"objectid": 152, "fossil_id": 107977, "species_name": "Sinorthis sp.", "geological_stage": "Tremadoc", "max_age_ma": 486.4, "min_age_ma": 477.1, "longitude": 102.0, "latitude": 26.0, "province": "YunNan", "biological_group": "动物", "chapter_label": "第二章"}, "geometry": {"type": "Point", "coordinates": [102.0, 26.0]}}, {"type": "Feature", "properties": {"objectid": 155, "fossil_id": 107980, "species_name": "Eosotrematorthis sp.", "geological_stage": "Arenig", "max_age_ma": 477.1, "min_age_ma": 468.0, "longitude": 102.0, "latitude": 26.0, "province": "YunNan", "biological_group": "动物", "chapter_label": "第二章"}, "geometry": {"type": "Point", "coordinates": [102.0, 26.0]}}, {"type": "Feature", "properties": {"objectid": 158, "fossil_id": 107983, "species_name": "Lepidorthis sp.", "geological_stage": "Arenig", "max_age_ma": 477.1, "min_age_ma": 468.0, "longitude": 102.0, "latitude": 26.0, "province": "YunNan", "biological_group": "动物", "chapter_label": "第二章"}, "geometry": {"type": "Point", "coordinates": [102.0, 26.0]}}, {"type": "Feature", "properties": {"objectid": 160, "fossil_id": 107985, "species_name": "Orthis sp.", "geological_stage": "Arenig", "max_age_ma": 477.1, "min_age_ma": 468.0, "longitude": 102.0, "latitude": 26.0, "province": "YunNan", "biological_group": "动物", "chapter_label": "第二章"}, "geometry": {"type": "Point", "coordinates": [102.0, 26.0]}}, {"type": "Feature", "properties": {"objectid": 163, "fossil_id": 107988, "species_name": "Didymograptus sp.", "geological_stage": "Arenig", "max_age_ma": 477.1, "min_age_ma": 468.0, "longitude": 102.0, "latitude": 26.0, "province": "YunNan", "biological_group": "动物", "chapter_label": "第二章"}, "geometry": {"type": "Point", "coordinates": [102.0, 26.0]}}, {"type": "Feature", "properties": {"objectid": 166, "fossil_id": 107991, "species_name": "Ningkianolithus sp.", "geological_stage": "Arenig", "max_age_ma": 477.1, "min_age_ma": 468.0, "longitude": 102.0, "latitude": 26.0, "province": "YunNan", "biological_group": "动物", "chapter_label": "第二章"}, "geometry": {"type": "Point", "coordinates": [102.0, 26.0]}}, {"type": "Feature", "properties": {"objectid": 169, "fossil_id": 107994, "species_name": "Basiliella sp.", "geological_stage": "Caradoc", "max_age_ma": 458.2, "min_age_ma": 449.5, "longitude": 101.0, "latitude": 27.0, "province": "YunNan", "biological_group": "动物", "chapter_label": "第二章"}, "geometry": {"type": "Point", "coordinates": [101.0, 27.0]}}, {"type": "Feature", "properties": {"objectid": 172, "fossil_id": 107997, "species_name": "Cyclopyge sp.", "geological_stage": "Caradoc", "max_age_ma": 458.2, "min_age_ma": 449.5, "longitude": 101.0, "latitude": 27.0, "province": "YunNan", "biological_group": "动物", "chapter_label": "第二章"}, "geometry": {"type": "Point", "coordinates": [101.0, 27.0]}}, {"type": "Feature", "properties": {"objectid": 175, "fossil_id": 108000, "species_name": "Geragnostus sp.", "geological_stage": "Caradoc", "max_age_ma": 458.2, "min_age_ma": 449.5, "longitude": 101.0, "latitude": 27.0, "province": "YunNan", "biological_group": "动物", "chapter_label": "第二章"}, "geometry": {"type": "Point", "coordinates": [101.0, 27.0]}}, {"type": "Feature", "properties": {"objectid": 178, "fossil_id": 108003, "species_name": "Nankinolithus sp.", "geological_stage": "Caradoc", "max_age_ma": 458.2, "min_age_ma": 449.5, "longitude": 101.0, "latitude": 27.0, "province": "YunNan", "biological_group": "动物", "chapter_label": "第二章"}, "geometry": {"type": "Point", "coordinates": [101.0, 27.0]}}, {"type": "Feature", "properties": {"objectid": 182, "fossil_id": 108007, "species_name": "Remopleurides sp.", "geological_stage": "Caradoc", "max_age_ma": 458.2, "min_age_ma": 449.5, "longitude": 101.0, "latitude": 27.0, "province": "YunNan", "biological_group": "动物", "chapter_label": "第二章"}, "geometry": {"type": "Point", "coordinates": [101.0, 27.0]}}, {"type": "Feature", "properties": {"objectid": 185, "fossil_id": 108010, "species_name": "Zbirovia sp.", "geological_stage": "Caradoc", "max_age_ma": 458.2, "min_age_ma": 449.5, "longitude": 101.0, "latitude": 27.0, "province": "YunNan", "biological_group": "动物", "chapter_label": "第二章"}, "geometry": {"type": "Point", "coordinates": [101.0, 27.0]}}, {"type": "Feature", "properties": {"objectid": 188, "fossil_id": 108013, "species_name": "Girvanagnostus sp.", "geological_stage": "Longvillian", "max_age_ma": 457.2, "min_age_ma": 454.0, "longitude": 101.0, "latitude": 27.0, "province": "YunNan", "biological_group": "动物", "chapter_label": "第二章"}, "geometry": {"type": "Point", "coordinates": [101.0, 27.0]}}, {"type": "Feature", "properties": {"objectid": 192, "fossil_id": 108017, "species_name": "Orthoceras sp.", "geological_stage": "Longvillian", "max_age_ma": 457.2, "min_age_ma": 454.0, "longitude": 101.0, "latitude": 27.0, "province": "YunNan", "biological_group": "动物", "chapter_label": "第二章"}, "geometry": {"type": "Point", "coordinates": [101.0, 27.0]}}, {"type": "Feature", "properties": {"objectid": 195, "fossil_id": 108020, "species_name": "Vaginoceras sp.", "geological_stage": "Longvillian", "max_age_ma": 457.2, "min_age_ma": 454.0, "longitude": 101.0, "latitude": 27.0, "province": "YunNan", "biological_group": "动物", "chapter_label": "第二章"}, "geometry": {"type": "Point", "coordinates": [101.0, 27.0]}}, {"type": "Feature", "properties": {"objectid": 198, "fossil_id": 108023, "species_name": "Echinoencrinites sp.", "geological_stage": "Dawan", "max_age_ma": 478.8, "min_age_ma": 466.6, "longitude": 101.0, "latitude": 27.0, "province": "YunNan", "biological_group": "动物", "chapter_label": "第二章"}, "geometry": {"type": "Point", "coordinates": [101.0, 27.0]}}, {"type": "Feature", "properties": {"objectid": 202, "fossil_id": 108027, "species_name": "Orthis sp.", "geological_stage": "Dawan", "max_age_ma": 478.8, "min_age_ma": 466.6, "longitude": 101.0, "latitude": 27.0, "province": "YunNan", "biological_group": "动物", "chapter_label": "第二章"}, "geometry": {"type": "Point", "coordinates": [101.0, 27.0]}}, {"type": "Feature", "properties": {"objectid": 205, "fossil_id": 108030, "species_name": "Pseudobasilicus sp.", "geological_stage": "Dawan", "max_age_ma": 478.8, "min_age_ma": 466.6, "longitude": 101.0, "latitude": 27.0, "province": "YunNan", "biological_group": "动物", "chapter_label": "第二章"}, "geometry": {"type": "Point", "coordinates": [101.0, 27.0]}}, {"type": "Feature", "properties": {"objectid": 208, "fossil_id": 108033, "species_name": "Lingulepis sp.", "geological_stage": "Dawan", "max_age_ma": 478.8, "min_age_ma": 466.6, "longitude": 101.0, "latitude": 27.0, "province": "YunNan", "biological_group": "动物", "chapter_label": "第二章"}, "geometry": {"type": "Point", "coordinates": [101.0, 27.0]}}, {"type": "Feature", "properties": {"objectid": 212, "fossil_id": 122783, "species_name": "Maotianshania cylindrica", "geological_stage": "Caerfai", "max_age_ma": 538.8, "min_age_ma": 521.0, "longitude": 102.917221, "latitude": 24.669443, "province": "Yunnan", "biological_group": "动物", "chapter_label": "第二章"}, "geometry": {"type": "Point", "coordinates": [102.917221, 24.669443]}}, {"type": "Feature", "properties": {"objectid": 213, "fossil_id": 123630, "species_name": "Palaeoscolex sinensis", "geological_stage": "Caerfai", "max_age_ma": 538.8, "min_age_ma": 497.0, "longitude": 102.916664, "latitude": 24.666668, "province": "Yunnan", "biological_group": "动物", "chapter_label": "第二章"}, "geometry": {"type": "Point", "coordinates": [102.916664, 24.666668]}}, {"type": "Feature", "properties": {"objectid": 214, "fossil_id": 123631, "species_name": "Maotianshania cylindrica", "geological_stage": "Caerfai", "max_age_ma": 538.8, "min_age_ma": 497.0, "longitude": 102.916664, "latitude": 24.666668, "province": "Yunnan", "biological_group": "动物", "chapter_label": "第二章"}, "geometry": {"type": "Point", "coordinates": [102.916664, 24.666668]}}, {"type": "Feature", "properties": {"objectid": 217, "fossil_id": 123636, "species_name": "Maotianshania cylindrica", "geological_stage": "Caerfai", "max_age_ma": 538.8, "min_age_ma": 497.0, "longitude": 102.916664, "latitude": 24.666668, "province": "Yunnan", "biological_group": "动物", "chapter_label": "第二章"}, "geometry": {"type": "Point", "coordinates": [102.916664, 24.666668]}}, {"type": "Feature", "properties": {"objectid": 218, "fossil_id": 123637, "species_name": "Maotianshania cylindrica", "geological_stage": "Caerfai", "max_age_ma": 538.8, "min_age_ma": 497.0, "longitude": 102.916664, "latitude": 24.666668, "province": "Yunnan", "biological_group": "动物", "chapter_label": "第二章"}, "geometry": {"type": "Point", "coordinates": [102.916664, 24.666668]}}, {"type": "Feature", "properties": {"objectid": 219, "fossil_id": 123638, "species_name": "Maotianshania cylindrica", "geological_stage": "Caerfai", "max_age_ma": 538.8, "min_age_ma": 497.0, "longitude": 102.916664, "latitude": 24.666668, "province": "Yunnan", "biological_group": "动物", "chapter_label": "第二章"}, "geometry": {"type": "Point", "coordinates": [102.916664, 24.666668]}}, {"type": "Feature", "properties": {"objectid": 1210, "fossil_id": 1523265, "species_name": "Yuyuanozoon magnificissimi n. gen. n. sp.", "geological_stage": "Early Cambrian", "max_age_ma": 538.8, "min_age_ma": 506.5, "longitude": 102.917221, "latitude": 24.669443, "province": "Yunnan", "biological_group": "动物", "chapter_label": "第二章"}, "geometry": {"type": "Point", "coordinates": [102.917221, 24.669443]}}, {"type": "Feature", "properties": {"objectid": 215, "fossil_id": 123634, "species_name": "Palaeoscolex sinensis", "geological_stage": "Caerfai", "max_age_ma": 538.8, "min_age_ma": 497.0, "longitude": 102.566666, "latitude": 24.728333, "province": "Yunnan", "biological_group": "动物", "chapter_label": "第二章"}, "geometry": {"type": "Point", "coordinates": [102.566666, 24.728333]}}, {"type": "Feature", "properties": {"objectid": 334, "fossil_id": 869581, "species_name": "? Hyolithellus sp.", "geological_stage": "Nemakit-Daldynian", "max_age_ma": 538.8, "min_age_ma": 521.0, "longitude": 102.566666, "latitude": 24.728333, "province": "Yunnan", "biological_group": "动物", "chapter_label": "第二章"}, "geometry": {"type": "Point", "coordinates": [102.566666, 24.728333]}}, {"type": "Feature", "properties": {"objectid": 347, "fossil_id": 869594, "species_name": "Protohertzina anabarica", "geological_stage": "Nemakit-Daldynian", "max_age_ma": 538.8, "min_age_ma": 521.0, "longitude": 102.566666, "latitude": 24.728333, "province": "Yunnan", "biological_group": "动物", "chapter_label": "第二章"}, "geometry": {"type": "Point", "coordinates": [102.566666, 24.728333]}}, {"type": "Feature", "properties": {"objectid": 360, "fossil_id": 869730, "species_name": "Archaeospira cf. ornata", "geological_stage": "Meishucunian", "max_age_ma": 530.7, "min_age_ma": 521.0, "longitude": 102.566666, "latitude": 24.728333, "province": "Yunnan", "biological_group": "动物", "chapter_label": "第二章"}, "geometry": {"type": "Point", "coordinates": [102.566666, 24.728333]}}, {"type": "Feature", "properties": {"objectid": 499, "fossil_id": 1288175, "species_name": "Pseudoscenella hujingtanensis", "geological_stage": "Nemakit-Daldynian", "max_age_ma": 538.8, "min_age_ma": 525.5, "longitude": 102.566666, "latitude": 24.728333, "province": "Yunnan", "biological_group": "动物", "chapter_label": "第二章"}, "geometry": {"type": "Point", "coordinates": [102.566666, 24.728333]}}, {"type": "Feature", "properties": {"objectid": 512, "fossil_id": 1288190, "species_name": "Ocruranus finial", "geological_stage": "Nemakit-Daldynian", "max_age_ma": 538.8, "min_age_ma": 525.5, "longitude": 102.566666, "latitude": 24.728333, "province": "Yunnan", "biological_group": "动物", "chapter_label": "第二章"}, "geometry": {"type": "Point", "coordinates": [102.566666, 24.728333]}}, {"type": "Feature", "properties": {"objectid": 525, "fossil_id": 1288252, "species_name": "Archaeooides granulatus", "geological_stage": "Meishucunian", "max_age_ma": 530.7, "min_age_ma": 521.0, "longitude": 102.566666, "latitude": 24.728333, "province": "Yunnan", "biological_group": "动物", "chapter_label": "第二章"}, "geometry": {"type": "Point", "coordinates": [102.566666, 24.728333]}}, {"type": "Feature", "properties": {"objectid": 538, "fossil_id": 1288265, "species_name": "Platyspinites digitatus", "geological_stage": "Meishucunian", "max_age_ma": 530.7, "min_age_ma": 521.0, "longitude": 102.566666, "latitude": 24.728333, "province": "Yunnan", "biological_group": "动物", "chapter_label": "第二章"}, "geometry": {"type": "Point", "coordinates": [102.566666, 24.728333]}}, {"type": "Feature", "properties": {"objectid": 551, "fossil_id": 1288280, "species_name": "Obtusoconus honorabilis", "geological_stage": "Meishucunian", "max_age_ma": 530.7, "min_age_ma": 521.0, "longitude": 102.566666, "latitude": 24.728333, "province": "Yunnan", "biological_group": "动物", "chapter_label": "第二章"}, "geometry": {"type": "Point", "coordinates": [102.566666, 24.728333]}}, {"type": "Feature", "properties": {"objectid": 767, "fossil_id": 1443256, "species_name": "Maikhanella sp.", "geological_stage": "Jinnigian", "max_age_ma": 538.8, "min_age_ma": 530.7, "longitude": 102.562225, "latitude": 24.724167, "province": "Yunnan", "biological_group": "动物", "chapter_label": "第二章"}, "geometry": {"type": "Point", "coordinates": [102.562225, 24.724167]}}, {"type": "Feature", "properties": {"objectid": 780, "fossil_id": 1443269, "species_name": "Maikhanella calvata", "geological_stage": "Meishucunian", "max_age_ma": 530.7, "min_age_ma": 521.0, "longitude": 102.562225, "latitude": 24.724167, "province": "Yunnan", "biological_group": "动物", "chapter_label": "第二章"}, "geometry": {"type": "Point", "coordinates": [102.562225, 24.724167]}}, {"type": "Feature", "properties": {"objectid": 793, "fossil_id": 1443282, "species_name": "Ocruranus finial", "geological_stage": "Meishucunian", "max_age_ma": 530.7, "min_age_ma": 521.0, "longitude": 102.562225, "latitude": 24.724167, "province": "Yunnan", "biological_group": "动物", "chapter_label": "第二章"}, "geometry": {"type": "Point", "coordinates": [102.562225, 24.724167]}}, {"type": "Feature", "properties": {"objectid": 1256, "fossil_id": 1610370, "species_name": "Archaeophycus venustus n. gen. n. sp.", "geological_stage": "Nemakit-Daldynian", "max_age_ma": 538.8, "min_age_ma": 525.5, "longitude": 102.565002, "latitude": 24.715, "province": "Yunnan", "biological_group": "动物", "chapter_label": "第二章"}, "geometry": {"type": "Point", "coordinates": [102.565002, 24.715]}}, {"type": "Feature", "properties": {"objectid": 220, "fossil_id": 291164, "species_name": "Rastrites equidistans", "geological_stage": "Rhuddanian", "max_age_ma": 443.1, "min_age_ma": 432.9, "longitude": 99.0, "latitude": 25.0, "province": "Yunnan", "biological_group": "动物", "chapter_label": "第二章"}, "geometry": {"type": "Point", "coordinates": [99.0, 25.0]}}, {"type": "Feature", "properties": {"objectid": 222, "fossil_id": 291166, "species_name": "Demirastrites (Oktavites) planus", "geological_stage": "Rhuddanian", "max_age_ma": 443.1, "min_age_ma": 432.9, "longitude": 99.0, "latitude": 25.0, "province": "Yunnan", "biological_group": "动物", "chapter_label": "第二章"}, "geometry": {"type": "Point", "coordinates": [99.0, 25.0]}}, {"type": "Feature", "properties": {"objectid": 225, "fossil_id": 291169, "species_name": "Monograptus (Spirograptus) turriculatus", "geological_stage": "Rhuddanian", "max_age_ma": 443.1, "min_age_ma": 432.9, "longitude": 99.0, "latitude": 25.0, "province": "Yunnan", "biological_group": "动物", "chapter_label": "第二章"}, "geometry": {"type": "Point", "coordinates": [99.0, 25.0]}}, {"type": "Feature", "properties": {"objectid": 228, "fossil_id": 291172, "species_name": "Streptograptus flagellaris", "geological_stage": "Rhuddanian", "max_age_ma": 443.1, "min_age_ma": 432.9, "longitude": 99.0, "latitude": 25.0, "province": "Yunnan", "biological_group": "动物", "chapter_label": "第二章"}, "geometry": {"type": "Point", "coordinates": [99.0, 25.0]}}, {"type": "Feature", "properties": {"objectid": 230, "fossil_id": 291174, "species_name": "Pristiograptus regularis", "geological_stage": "Rhuddanian", "max_age_ma": 443.1, "min_age_ma": 432.9, "longitude": 99.0, "latitude": 25.0, "province": "Yunnan", "biological_group": "动物", "chapter_label": "第二章"}, "geometry": {"type": "Point", "coordinates": [99.0, 25.0]}}, {"type": "Feature", "properties": {"objectid": 233, "fossil_id": 291177, "species_name": "Petalolithus palmeus", "geological_stage": "Rhuddanian", "max_age_ma": 443.1, "min_age_ma": 432.9, "longitude": 99.0, "latitude": 25.0, "province": "Yunnan", "biological_group": "动物", "chapter_label": "第二章"}, "geometry": {"type": "Point", "coordinates": [99.0, 25.0]}}, {"type": "Feature", "properties": {"objectid": 236, "fossil_id": 291180, "species_name": "Demirastrites (Oktavites) involutus", "geological_stage": "Rhuddanian", "max_age_ma": 443.1, "min_age_ma": 432.9, "longitude": 99.0, "latitude": 25.0, "province": "Yunnan", "biological_group": "动物", "chapter_label": "第二章"}, "geometry": {"type": "Point", "coordinates": [99.0, 25.0]}}, {"type": "Feature", "properties": {"objectid": 238, "fossil_id": 291182, "species_name": "Climacograptus scalaris", "geological_stage": "Rhuddanian", "max_age_ma": 443.1, "min_age_ma": 432.9, "longitude": 99.0, "latitude": 25.0, "province": "Yunnan", "biological_group": "动物", "chapter_label": "第二章"}, "geometry": {"type": "Point", "coordinates": [99.0, 25.0]}}, {"type": "Feature", "properties": {"objectid": 241, "fossil_id": 291185, "species_name": "Streptograptus lobiferus", "geological_stage": "Rhuddanian", "max_age_ma": 443.1, "min_age_ma": 432.9, "longitude": 99.0, "latitude": 25.0, "province": "Yunnan", "biological_group": "动物", "chapter_label": "第二章"}, "geometry": {"type": "Point", "coordinates": [99.0, 25.0]}}, {"type": "Feature", "properties": {"objectid": 244, "fossil_id": 291188, "species_name": "Demirastrites (Oktavites) intermedius", "geological_stage": "Rhuddanian", "max_age_ma": 443.1, "min_age_ma": 432.9, "longitude": 99.0, "latitude": 25.0, "province": "Yunnan", "biological_group": "动物", "chapter_label": "第二章"}, "geometry": {"type": "Point", "coordinates": [99.0, 25.0]}}, {"type": "Feature", "properties": {"objectid": 246, "fossil_id": 291190, "species_name": "Demirastrites decipiens", "geological_stage": "Rhuddanian", "max_age_ma": 443.1, "min_age_ma": 432.9, "longitude": 99.0, "latitude": 25.0, "province": "Yunnan", "biological_group": "动物", "chapter_label": "第二章"}, "geometry": {"type": "Point", "coordinates": [99.0, 25.0]}}, {"type": "Feature", "properties": {"objectid": 249, "fossil_id": 291193, "species_name": "Pristiograptus <sp.>", "geological_stage": "Rhuddanian", "max_age_ma": 443.1, "min_age_ma": 432.9, "longitude": 99.0, "latitude": 25.0, "province": "Yunnan", "biological_group": "动物", "chapter_label": "第二章"}, "geometry": {"type": "Point", "coordinates": [99.0, 25.0]}}, {"type": "Feature", "properties": {"objectid": 252, "fossil_id": 291196, "species_name": "Leonaspis yunnanensis", "geological_stage": "Rhuddanian", "max_age_ma": 443.1, "min_age_ma": 432.9, "longitude": 99.0, "latitude": 25.0, "province": "Yunnan", "biological_group": "动物", "chapter_label": "第二章"}, "geometry": {"type": "Point", "coordinates": [99.0, 25.0]}}, {"type": "Feature", "properties": {"objectid": 255, "fossil_id": 292668, "species_name": "Monograptus marri", "geological_stage": "Llandovery", "max_age_ma": 443.1, "min_age_ma": 432.9, "longitude": 99.033333, "latitude": 23.9, "province": "Yunnan", "biological_group": "动物", "chapter_label": "第二章"}, "geometry": {"type": "Point", "coordinates": [99.033333, 23.9]}}, {"type": "Feature", "properties": {"objectid": 256, "fossil_id": 292669, "species_name": "Monograptus cf. halli", "geological_stage": "Llandovery", "max_age_ma": 443.1, "min_age_ma": 432.9, "longitude": 99.033333, "latitude": 23.9, "province": "Yunnan", "biological_group": "动物", "chapter_label": "第二章"}, "geometry": {"type": "Point", "coordinates": [99.033333, 23.9]}}, {"type": "Feature", "properties": {"objectid": 257, "fossil_id": 292670, "species_name": "Monoclimacis vomerinus", "geological_stage": "Llandovery", "max_age_ma": 443.1, "min_age_ma": 432.9, "longitude": 99.033333, "latitude": 23.9, "province": "Yunnan", "biological_group": "动物", "chapter_label": "第二章"}, "geometry": {"type": "Point", "coordinates": [99.033333, 23.9]}}, {"type": "Feature", "properties": {"objectid": 258, "fossil_id": 292671, "species_name": "Retiolites cf. geinitzianus", "geological_stage": "Llandovery", "max_age_ma": 443.1, "min_age_ma": 432.9, "longitude": 99.033333, "latitude": 23.9, "province": "Yunnan", "biological_group": "动物", "chapter_label": "第二章"}, "geometry": {"type": "Point", "coordinates": [99.033333, 23.9]}}, {"type": "Feature", "properties": {"objectid": 259, "fossil_id": 292672, "species_name": "Spirograptus discus", "geological_stage": "Llandovery", "max_age_ma": 443.1, "min_age_ma": 432.9, "longitude": 99.033333, "latitude": 23.9, "province": "Yunnan", "biological_group": "动物", "chapter_label": "第二章"}, "geometry": {"type": "Point", "coordinates": [99.033333, 23.9]}}, {"type": "Feature", "properties": {"objectid": 260, "fossil_id": 292673, "species_name": "Streptograptus exiguus", "geological_stage": "Llandovery", "max_age_ma": 443.1, "min_age_ma": 432.9, "longitude": 99.033333, "latitude": 23.9, "province": "Yunnan", "biological_group": "动物", "chapter_label": "第二章"}, "geometry": {"type": "Point", "coordinates": [99.033333, 23.9]}}, {"type": "Feature", "properties": {"objectid": 261, "fossil_id": 292674, "species_name": "Streptograptus cf. nodifer", "geological_stage": "Llandovery", "max_age_ma": 443.1, "min_age_ma": 432.9, "longitude": 99.033333, "latitude": 23.9, "province": "Yunnan", "biological_group": "动物", "chapter_label": "第二章"}, "geometry": {"type": "Point", "coordinates": [99.033333, 23.9]}}, {"type": "Feature", "properties": {"objectid": 262, "fossil_id": 292675, "species_name": "Pristiograptus tenuis", "geological_stage": "Llandovery", "max_age_ma": 443.1, "min_age_ma": 432.9, "longitude": 99.033333, "latitude": 23.9, "province": "Yunnan", "biological_group": "动物", "chapter_label": "第二章"}, "geometry": {"type": "Point", "coordinates": [99.033333, 23.9]}}, {"type": "Feature", "properties": {"objectid": 263, "fossil_id": 292676, "species_name": "Spirograptus turriculatus", "geological_stage": "Llandovery", "max_age_ma": 443.1, "min_age_ma": 432.9, "longitude": 99.033333, "latitude": 23.9, "province": "Yunnan", "biological_group": "动物", "chapter_label": "第二章"}, "geometry": {"type": "Point", "coordinates": [99.033333, 23.9]}}, {"type": "Feature", "properties": {"objectid": 264, "fossil_id": 292677, "species_name": "Climacograptus tangshanensis", "geological_stage": "Llandovery", "max_age_ma": 443.1, "min_age_ma": 432.9, "longitude": 99.033333, "latitude": 23.9, "province": "Yunnan", "biological_group": "动物", "chapter_label": "第二章"}, "geometry": {"type": "Point", "coordinates": [99.033333, 23.9]}}, {"type": "Feature", "properties": {"objectid": 265, "fossil_id": 292678, "species_name": "Climacograptus cf. normalis", "geological_stage": "Llandovery", "max_age_ma": 443.1, "min_age_ma": 432.9, "longitude": 99.033333, "latitude": 23.9, "province": "Yunnan", "biological_group": "动物", "chapter_label": "第二章"}, "geometry": {"type": "Point", "coordinates": [99.033333, 23.9]}}, {"type": "Feature", "properties": {"objectid": 266, "fossil_id": 292679, "species_name": "Pristiograptus sp.", "geological_stage": "Llandovery", "max_age_ma": 443.1, "min_age_ma": 432.9, "longitude": 99.033333, "latitude": 23.9, "province": "Yunnan", "biological_group": "动物", "chapter_label": "第二章"}, "geometry": {"type": "Point", "coordinates": [99.033333, 23.9]}}, {"type": "Feature", "properties": {"objectid": 267, "fossil_id": 292680, "species_name": "Dimorphograptus sp.", "geological_stage": "Llandovery", "max_age_ma": 443.1, "min_age_ma": 432.9, "longitude": 99.033333, "latitude": 23.9, "province": "Yunnan", "biological_group": "动物", "chapter_label": "第二章"}, "geometry": {"type": "Point", "coordinates": [99.033333, 23.9]}}, {"type": "Feature", "properties": {"objectid": 269, "fossil_id": 292682, "species_name": "Monograptus priodon", "geological_stage": "Llandovery", "max_age_ma": 443.1, "min_age_ma": 432.9, "longitude": 101.73333, "latitude": 23.416668, "province": "Yunnan", "biological_group": "动物", "chapter_label": "第二章"}, "geometry": {"type": "Point", "coordinates": [101.73333, 23.416668]}}, {"type": "Feature", "properties": {"objectid": 270, "fossil_id": 292683, "species_name": "Monograptus cf. sedgwickii", "geological_stage": "Llandovery", "max_age_ma": 443.1, "min_age_ma": 432.9, "longitude": 101.73333, "latitude": 23.416668, "province": "Yunnan", "biological_group": "动物", "chapter_label": "第二章"}, "geometry": {"type": "Point", "coordinates": [101.73333, 23.416668]}}, {"type": "Feature", "properties": {"objectid": 271, "fossil_id": 292684, "species_name": "Pristiograptus hisingeri", "geological_stage": "Llandovery", "max_age_ma": 443.1, "min_age_ma": 432.9, "longitude": 101.73333, "latitude": 23.416668, "province": "Yunnan", "biological_group": "动物", "chapter_label": "第二章"}, "geometry": {"type": "Point", "coordinates": [101.73333, 23.416668]}}, {"type": "Feature", "properties": {"objectid": 272, "fossil_id": 292685, "species_name": "Pristiograptus concinnus", "geological_stage": "Llandovery", "max_age_ma": 443.1, "min_age_ma": 432.9, "longitude": 101.73333, "latitude": 23.416668, "province": "Yunnan", "biological_group": "动物", "chapter_label": "第二章"}, "geometry": {"type": "Point", "coordinates": [101.73333, 23.416668]}}, {"type": "Feature", "properties": {"objectid": 273, "fossil_id": 292686, "species_name": "Pristiograptus regularis", "geological_stage": "Llandovery", "max_age_ma": 443.1, "min_age_ma": 432.9, "longitude": 101.73333, "latitude": 23.416668, "province": "Yunnan", "biological_group": "动物", "chapter_label": "第二章"}, "geometry": {"type": "Point", "coordinates": [101.73333, 23.416668]}}, {"type": "Feature", "properties": {"objectid": 274, "fossil_id": 292687, "species_name": "Monoclimacis cf. vomerinus", "geological_stage": "Llandovery", "max_age_ma": 443.1, "min_age_ma": 432.9, "longitude": 101.73333, "latitude": 23.416668, "province": "Yunnan", "biological_group": "动物", "chapter_label": "第二章"}, "geometry": {"type": "Point", "coordinates": [101.73333, 23.416668]}}, {"type": "Feature", "properties": {"objectid": 275, "fossil_id": 292688, "species_name": "Glyptograptus sp.", "geological_stage": "Llandovery", "max_age_ma": 443.1, "min_age_ma": 432.9, "longitude": 101.73333, "latitude": 23.416668, "province": "Yunnan", "biological_group": "动物", "chapter_label": "第二章"}, "geometry": {"type": "Point", "coordinates": [101.73333, 23.416668]}}, {"type": "Feature", "properties": {"objectid": 276, "fossil_id": 292689, "species_name": "Beyrichia sp.", "geological_stage": "Llandovery", "max_age_ma": 443.1, "min_age_ma": 432.9, "longitude": 101.73333, "latitude": 23.416668, "province": "Yunnan", "biological_group": "动物", "chapter_label": "第二章"}, "geometry": {"type": "Point", "coordinates": [101.73333, 23.416668]}}, {"type": "Feature", "properties": {"objectid": 277, "fossil_id": 292690, "species_name": "Pristiograptus cf. largus", "geological_stage": "Llandovery", "max_age_ma": 443.1, "min_age_ma": 432.9, "longitude": 103.0, "latitude": 23.0, "province": "Yunnan", "biological_group": "动物", "chapter_label": "第二章"}, "geometry": {"type": "Point", "coordinates": [103.0, 23.0]}}, {"type": "Feature", "properties": {"objectid": 278, "fossil_id": 292691, "species_name": "Monoclimacis crenulatus", "geological_stage": "Llandovery", "max_age_ma": 443.1, "min_age_ma": 432.9, "longitude": 103.0, "latitude": 23.0, "province": "Yunnan", "biological_group": "动物", "chapter_label": "第二章"}, "geometry": {"type": "Point", "coordinates": [103.0, 23.0]}}, {"type": "Feature", "properties": {"objectid": 279, "fossil_id": 292692, "species_name": "Oktavites spiralis", "geological_stage": "Llandovery", "max_age_ma": 443.1, "min_age_ma": 432.9, "longitude": 103.0, "latitude": 23.0, "province": "Yunnan", "biological_group": "动物", "chapter_label": "第二章"}, "geometry": {"type": "Point", "coordinates": [103.0, 23.0]}}, {"type": "Feature", "properties": {"objectid": 280, "fossil_id": 292693, "species_name": "Monograptus distans", "geological_stage": "Llandovery", "max_age_ma": 443.1, "min_age_ma": 432.9, "longitude": 103.0, "latitude": 23.0, "province": "Yunnan", "biological_group": "动物", "chapter_label": "第二章"}, "geometry": {"type": "Point", "coordinates": [103.0, 23.0]}}, {"type": "Feature", "properties": {"objectid": 281, "fossil_id": 292694, "species_name": "Oktavites spiralis", "geological_stage": "Llandovery", "max_age_ma": 443.1, "min_age_ma": 432.9, "longitude": 103.0, "latitude": 23.0, "province": "Yunnan", "biological_group": "动物", "chapter_label": "第二章"}, "geometry": {"type": "Point", "coordinates": [103.0, 23.0]}}, {"type": "Feature", "properties": {"objectid": 282, "fossil_id": 492098, "species_name": "Ilsanella cf. orectes", "geological_stage": "Nemakit-Daldynian", "max_age_ma": 538.8, "min_age_ma": 521.0, "longitude": 103.068611, "latitude": 25.6425, "province": "Yunnan", "biological_group": "动物", "chapter_label": "第二章"}, "geometry": {"type": "Point", "coordinates": [103.068611, 25.6425]}}, {"type": "Feature", "properties": {"objectid": 283, "fossil_id": 492099, "species_name": "Papilloconus explanatus", "geological_stage": "Nemakit-Daldynian", "max_age_ma": 538.8, "min_age_ma": 521.0, "longitude": 103.068611, "latitude": 25.6425, "province": "Yunnan", "biological_group": "动物", "chapter_label": "第二章"}, "geometry": {"type": "Point", "coordinates": [103.068611, 25.6425]}}, {"type": "Feature", "properties": {"objectid": 310, "fossil_id": 800088, "species_name": "Maikhanella perelegans n. sp.", "geological_stage": "Nemakit-Daldynian", "max_age_ma": 538.8, "min_age_ma": 521.0, "longitude": 103.068611, "latitude": 25.6425, "province": "Yunnan", "biological_group": "动物", "chapter_label": "第二章"}, "geometry": {"type": "Point", "coordinates": [103.068611, 25.6425]}}, {"type": "Feature", "properties": {"objectid": 311, "fossil_id": 800089, "species_name": "Ramenta superata", "geological_stage": "Nemakit-Daldynian", "max_age_ma": 538.8, "min_age_ma": 521.0, "longitude": 103.068611, "latitude": 25.6425, "province": "Yunnan", "biological_group": "动物", "chapter_label": "第二章"}, "geometry": {"type": "Point", "coordinates": [103.068611, 25.6425]}}, {"type": "Feature", "properties": {"objectid": 395, "fossil_id": 930794, "species_name": "Maikhanella pristinis", "geological_stage": "Nemakit-Daldynian", "max_age_ma": 538.8, "min_age_ma": 521.0, "longitude": 103.068611, "latitude": 25.6425, "province": "Yunnan", "biological_group": "动物", "chapter_label": "第二章"}, "geometry": {"type": "Point", "coordinates": [103.068611, 25.6425]}}, {"type": "Feature", "properties": {"objectid": 396, "fossil_id": 930795, "species_name": "Ramenta cambrina", "geological_stage": "Nemakit-Daldynian", "max_age_ma": 538.8, "min_age_ma": 521.0, "longitude": 103.068611, "latitude": 25.6425, "province": "Yunnan", "biological_group": "动物", "chapter_label": "第二章"}, "geometry": {"type": "Point", "coordinates": [103.068611, 25.6425]}}, {"type": "Feature", "properties": {"objectid": 397, "fossil_id": 930796, "species_name": "Yunnanopleura biformis", "geological_stage": "Nemakit-Daldynian", "max_age_ma": 538.8, "min_age_ma": 521.0, "longitude": 103.068611, "latitude": 25.6425, "province": "Yunnan", "biological_group": "动物", "chapter_label": "第二章"}, "geometry": {"type": "Point", "coordinates": [103.068611, 25.6425]}}, {"type": "Feature", "properties": {"objectid": 399, "fossil_id": 930798, "species_name": "Emarginoconus cf. mirus", "geological_stage": "Nemakit-Daldynian", "max_age_ma": 538.8, "min_age_ma": 521.0, "longitude": 103.068611, "latitude": 25.6425, "province": "Yunnan", "biological_group": "动物", "chapter_label": "第二章"}, "geometry": {"type": "Point", "coordinates": [103.068611, 25.6425]}}, {"type": "Feature", "properties": {"objectid": 400, "fossil_id": 930799, "species_name": "Latouchella cf. korobkovi", "geological_stage": "Nemakit-Daldynian", "max_age_ma": 538.8, "min_age_ma": 521.0, "longitude": 103.068611, "latitude": 25.6425, "province": "Yunnan", "biological_group": "动物", "chapter_label": "第二章"}, "geometry": {"type": "Point", "coordinates": [103.068611, 25.6425]}}, {"type": "Feature", "properties": {"objectid": 401, "fossil_id": 930800, "species_name": "Archaeospira ornata", "geological_stage": "Nemakit-Daldynian", "max_age_ma": 538.8, "min_age_ma": 521.0, "longitude": 103.068611, "latitude": 25.6425, "province": "Yunnan", "biological_group": "动物", "chapter_label": "第二章"}, "geometry": {"type": "Point", "coordinates": [103.068611, 25.6425]}}, {"type": "Feature", "properties": {"objectid": 403, "fossil_id": 930802, "species_name": "Eohalobia diandongensis", "geological_stage": "Nemakit-Daldynian", "max_age_ma": 538.8, "min_age_ma": 521.0, "longitude": 103.068611, "latitude": 25.6425, "province": "Yunnan", "biological_group": "动物", "chapter_label": "第二章"}, "geometry": {"type": "Point", "coordinates": [103.068611, 25.6425]}}, {"type": "Feature", "properties": {"objectid": 404, "fossil_id": 935218, "species_name": "Minymerisma yunnanensis n. gen. n. sp.", "geological_stage": "Meishucunian", "max_age_ma": 530.7, "min_age_ma": 521.0, "longitude": 103.066666, "latitude": 25.633333, "province": "Yunnan", "biological_group": "动物", "chapter_label": "第二章"}, "geometry": {"type": "Point", "coordinates": [103.066666, 25.633333]}}, {"type": "Feature", "properties": {"objectid": 405, "fossil_id": 935388, "species_name": "Yangtzespira xindianensis n. sp.", "geological_stage": "Nemakit-Daldynian", "max_age_ma": 538.8, "min_age_ma": 521.0, "longitude": 103.068611, "latitude": 25.6425, "province": "Yunnan", "biological_group": "动物", "chapter_label": "第二章"}, "geometry": {"type": "Point", "coordinates": [103.068611, 25.6425]}}, {"type": "Feature", "properties": {"objectid": 284, "fossil_id": 498743, "species_name": "Ilsanella rozanovi n. sp.", "geological_stage": "Meishucunian", "max_age_ma": 530.7, "min_age_ma": 521.0, "longitude": 102.98333, "latitude": 25.083332, "province": "Yunnan", "biological_group": "动物", "chapter_label": "第二章"}, "geometry": {"type": "Point", "coordinates": [102.98333, 25.083332]}}, {"type": "Feature", "properties": {"objectid": 285, "fossil_id": 498744, "species_name": "Igorella xundianensis n. sp.", "geological_stage": "Meishucunian", "max_age_ma": 530.7, "min_age_ma": 521.0, "longitude": 102.98333, "latitude": 25.083332, "province": "Yunnan", "biological_group": "动物", "chapter_label": "第二章"}, "geometry": {"type": "Point", "coordinates": [102.98333, 25.083332]}}, {"type": "Feature", "properties": {"objectid": 286, "fossil_id": 498745, "species_name": "Pteromus jungus n. gen. n. sp.", "geological_stage": "Meishucunian", "max_age_ma": 530.7, "min_age_ma": 521.0, "longitude": 102.98333, "latitude": 25.083332, "province": "Yunnan", "biological_group": "动物", "chapter_label": "第二章"}, "geometry": {"type": "Point", "coordinates": [102.98333, 25.083332]}}, {"type": "Feature", "properties": {"objectid": 287, "fossil_id": 498746, "species_name": "Pteromus rapius n. sp.", "geological_stage": "Meishucunian", "max_age_ma": 530.7, "min_age_ma": 521.0, "longitude": 102.98333, "latitude": 25.083332, "province": "Yunnan", "biological_group": "动物", "chapter_label": "第二章"}, "geometry": {"type": "Point", "coordinates": [102.98333, 25.083332]}}, {"type": "Feature", "properties": {"objectid": 288, "fossil_id": 498768, "species_name": "Dianella dianensis n. gen. n. sp.", "geological_stage": "Meishucunian", "max_age_ma": 530.7, "min_age_ma": 521.0, "longitude": 102.98333, "latitude": 25.083332, "province": "Yunnan", "biological_group": "动物", "chapter_label": "第二章"}, "geometry": {"type": "Point", "coordinates": [102.98333, 25.083332]}}, {"type": "Feature", "properties": {"objectid": 289, "fossil_id": 498769, "species_name": "Latouchella dimicostata n. sp.", "geological_stage": "Meishucunian", "max_age_ma": 530.7, "min_age_ma": 521.0, "longitude": 102.98333, "latitude": 25.083332, "province": "Yunnan", "biological_group": "动物", "chapter_label": "第二章"}, "geometry": {"type": "Point", "coordinates": [102.98333, 25.083332]}}, {"type": "Feature", "properties": {"objectid": 290, "fossil_id": 498770, "species_name": "Lapworthella xianfengensis n. sp.", "geological_stage": "Meishucunian", "max_age_ma": 530.7, "min_age_ma": 521.0, "longitude": 102.98333, "latitude": 25.083332, "province": "Yunnan", "biological_group": "动物", "chapter_label": "第二章"}, "geometry": {"type": "Point", "coordinates": [102.98333, 25.083332]}}, {"type": "Feature", "properties": {"objectid": 291, "fossil_id": 498771, "species_name": "Halkieria undulatus n. sp.", "geological_stage": "Meishucunian", "max_age_ma": 530.7, "min_age_ma": 521.0, "longitude": 102.98333, "latitude": 25.083332, "province": "Yunnan", "biological_group": "动物", "chapter_label": "第二章"}, "geometry": {"type": "Point", "coordinates": [102.98333, 25.083332]}}, {"type": "Feature", "properties": {"objectid": 292, "fossil_id": 498772, "species_name": "Halkieria toruliformis n. sp.", "geological_stage": "Meishucunian", "max_age_ma": 530.7, "min_age_ma": 521.0, "longitude": 102.98333, "latitude": 25.083332, "province": "Yunnan", "biological_group": "动物", "chapter_label": "第二章"}, "geometry": {"type": "Point", "coordinates": [102.98333, 25.083332]}}, {"type": "Feature", "properties": {"objectid": 372, "fossil_id": 869879, "species_name": "Ramenta superata", "geological_stage": "Meishucunian", "max_age_ma": 530.7, "min_age_ma": 521.0, "longitude": 102.98333, "latitude": 25.083332, "province": "Yunnan", "biological_group": "动物", "chapter_label": "第二章"}, "geometry": {"type": "Point", "coordinates": [102.98333, 25.083332]}}, {"type": "Feature", "properties": {"objectid": 373, "fossil_id": 869880, "species_name": "Aegitellus concentricus", "geological_stage": "Meishucunian", "max_age_ma": 530.7, "min_age_ma": 521.0, "longitude": 102.98333, "latitude": 25.083332, "province": "Yunnan", "biological_group": "动物", "chapter_label": "第二章"}, "geometry": {"type": "Point", "coordinates": [102.98333, 25.083332]}}, {"type": "Feature", "properties": {"objectid": 293, "fossil_id": 498938, "species_name": "Canopoconus cambrinus", "geological_stage": "Meishucunian", "max_age_ma": 530.7, "min_age_ma": 521.0, "longitude": 103.033333, "latitude": 25.483334, "province": "Yunnan", "biological_group": "动物", "chapter_label": "第二章"}, "geometry": {"type": "Point", "coordinates": [103.033333, 25.483334]}}, {"type": "Feature", "properties": {"objectid": 294, "fossil_id": 498939, "species_name": "? Canopoconus radularis n. sp.", "geological_stage": "Meishucunian", "max_age_ma": 530.7, "min_age_ma": 521.0, "longitude": 103.033333, "latitude": 25.483334, "province": "Yunnan", "biological_group": "动物", "chapter_label": "第二章"}, "geometry": {"type": "Point", "coordinates": [103.033333, 25.483334]}}, {"type": "Feature", "properties": {"objectid": 295, "fossil_id": 498940, "species_name": "Xiadongoconus cf. luminosus", "geological_stage": "Meishucunian", "max_age_ma": 530.7, "min_age_ma": 521.0, "longitude": 103.033333, "latitude": 25.483334, "province": "Yunnan", "biological_group": "动物", "chapter_label": "第二章"}, "geometry": {"type": "Point", "coordinates": [103.033333, 25.483334]}}, {"type": "Feature", "properties": {"objectid": 296, "fossil_id": 498941, "species_name": "Purella squamulosa n. sp.", "geological_stage": "Meishucunian", "max_age_ma": 530.7, "min_age_ma": 521.0, "longitude": 103.033333, "latitude": 25.483334, "province": "Yunnan", "biological_group": "动物", "chapter_label": "第二章"}, "geometry": {"type": "Point", "coordinates": [103.033333, 25.483334]}}, {"type": "Feature", "properties": {"objectid": 298, "fossil_id": 498943, "species_name": "Ocruranus finial", "geological_stage": "Meishucunian", "max_age_ma": 530.7, "min_age_ma": 521.0, "longitude": 103.033333, "latitude": 25.483334, "province": "Yunnan", "biological_group": "动物", "chapter_label": "第二章"}, "geometry": {"type": "Point", "coordinates": [103.033333, 25.483334]}}, {"type": "Feature", "properties": {"objectid": 299, "fossil_id": 498944, "species_name": "Ocruranus trulliformis", "geological_stage": "Meishucunian", "max_age_ma": 530.7, "min_age_ma": 521.0, "longitude": 103.033333, "latitude": 25.483334, "province": "Yunnan", "biological_group": "动物", "chapter_label": "第二章"}, "geometry": {"type": "Point", "coordinates": [103.033333, 25.483334]}}, {"type": "Feature", "properties": {"objectid": 300, "fossil_id": 498945, "species_name": "Eohalobia diandongensis", "geological_stage": "Meishucunian", "max_age_ma": 530.7, "min_age_ma": 521.0, "longitude": 103.033333, "latitude": 25.483334, "province": "Yunnan", "biological_group": "动物", "chapter_label": "第二章"}, "geometry": {"type": "Point", "coordinates": [103.033333, 25.483334]}}, {"type": "Feature", "properties": {"objectid": 302, "fossil_id": 498947, "species_name": "Archaeospira cf. sonlingpoensis", "geological_stage": "Meishucunian", "max_age_ma": 530.7, "min_age_ma": 521.0, "longitude": 103.033333, "latitude": 25.483334, "province": "Yunnan", "biological_group": "动物", "chapter_label": "第二章"}, "geometry": {"type": "Point", "coordinates": [103.033333, 25.483334]}}, {"type": "Feature", "properties": {"objectid": 303, "fossil_id": 498948, "species_name": "? Bemella cf. simplex", "geological_stage": "Meishucunian", "max_age_ma": 530.7, "min_age_ma": 521.0, "longitude": 103.033333, "latitude": 25.483334, "province": "Yunnan", "biological_group": "动物", "chapter_label": "第二章"}, "geometry": {"type": "Point", "coordinates": [103.033333, 25.483334]}}, {"type": "Feature", "properties": {"objectid": 304, "fossil_id": 498950, "species_name": "Xianfengella prima", "geological_stage": "Meishucunian", "max_age_ma": 530.7, "min_age_ma": 521.0, "longitude": 103.033333, "latitude": 25.483334, "province": "Yunnan", "biological_group": "动物", "chapter_label": "第二章"}, "geometry": {"type": "Point", "coordinates": [103.033333, 25.483334]}}, {"type": "Feature", "properties": {"objectid": 368, "fossil_id": 869739, "species_name": "Anabarites trisulcatus", "geological_stage": "Nemakit-Daldynian", "max_age_ma": 538.8, "min_age_ma": 521.0, "longitude": 103.033333, "latitude": 25.483334, "province": "Yunnan", "biological_group": "动物", "chapter_label": "第二章"}, "geometry": {"type": "Point", "coordinates": [103.033333, 25.483334]}}, {"type": "Feature", "properties": {"objectid": 369, "fossil_id": 869740, "species_name": "Protohertzina anabarica", "geological_stage": "Nemakit-Daldynian", "max_age_ma": 538.8, "min_age_ma": 521.0, "longitude": 103.033333, "latitude": 25.483334, "province": "Yunnan", "biological_group": "动物", "chapter_label": "第二章"}, "geometry": {"type": "Point", "coordinates": [103.033333, 25.483334]}}, {"type": "Feature", "properties": {"objectid": 370, "fossil_id": 869741, "species_name": "Canopoconus sp.", "geological_stage": "Nemakit-Daldynian", "max_age_ma": 538.8, "min_age_ma": 521.0, "longitude": 103.033333, "latitude": 25.483334, "province": "Yunnan", "biological_group": "动物", "chapter_label": "第二章"}, "geometry": {"type": "Point", "coordinates": [103.033333, 25.483334]}}, {"type": "Feature", "properties": {"objectid": 307, "fossil_id": 800082, "species_name": "Yunnanopleura longidens n. sp.", "geological_stage": "Nemakit-Daldynian", "max_age_ma": 538.8, "min_age_ma": 521.0, "longitude": 103.068611, "latitude": 26.375834, "province": "Yunnan", "biological_group": "动物", "chapter_label": "第二章"}, "geometry": {"type": "Point", "coordinates": [103.068611, 26.375834]}}, {"type": "Feature", "properties": {"objectid": 428, "fossil_id": 937235, "species_name": "Turcutheca sp.", "geological_stage": "Meishucunian", "max_age_ma": 530.7, "min_age_ma": 521.0, "longitude": 103.216667, "latitude": 26.283333, "province": "Yunnan", "biological_group": "动物", "chapter_label": "第二章"}, "geometry": {"type": "Point", "coordinates": [103.216667, 26.283333]}}, {"type": "Feature", "properties": {"objectid": 461, "fossil_id": 937615, "species_name": "Conotheca sp.", "geological_stage": "Meishucunian", "max_age_ma": 530.7, "min_age_ma": 521.0, "longitude": 103.216667, "latitude": 26.283333, "province": "Yunnan", "biological_group": "动物", "chapter_label": "第二章"}, "geometry": {"type": "Point", "coordinates": [103.216667, 26.283333]}}, {"type": "Feature", "properties": {"objectid": 825, "fossil_id": 1443314, "species_name": "Cambrotubulus decurvatus", "geological_stage": "Jinnigian", "max_age_ma": 538.8, "min_age_ma": 530.7, "longitude": 103.22361, "latitude": 26.278889, "province": "Yunnan", "biological_group": "动物", "chapter_label": "第二章"}, "geometry": {"type": "Point", "coordinates": [103.22361, 26.278889]}}, {"type": "Feature", "properties": {"objectid": 858, "fossil_id": 1443347, "species_name": "Phrygula nana", "geological_stage": "Meishucunian", "max_age_ma": 530.7, "min_age_ma": 521.0, "longitude": 103.22361, "latitude": 26.278889, "province": "Yunnan", "biological_group": "动物", "chapter_label": "第二章"}, "geometry": {"type": "Point", "coordinates": [103.22361, 26.278889]}}, {"type": "Feature", "properties": {"objectid": 891, "fossil_id": 1443380, "species_name": "Ocruranus finial", "geological_stage": "Meishucunian", "max_age_ma": 530.7, "min_age_ma": 521.0, "longitude": 103.22361, "latitude": 26.278889, "province": "Yunnan", "biological_group": "动物", "chapter_label": "第二章"}, "geometry": {"type": "Point", "coordinates": [103.22361, 26.278889]}}, {"type": "Feature", "properties": {"objectid": 924, "fossil_id": 1443413, "species_name": "Scenella radiata", "geological_stage": "Jinnigian", "max_age_ma": 538.8, "min_age_ma": 530.7, "longitude": 103.22361, "latitude": 26.278889, "province": "Yunnan", "biological_group": "动物", "chapter_label": "第二章"}, "geometry": {"type": "Point", "coordinates": [103.22361, 26.278889]}}, {"type": "Feature", "properties": {"objectid": 957, "fossil_id": 1443446, "species_name": "Halkieria sthenobasis", "geological_stage": "Meishucunian", "max_age_ma": 530.7, "min_age_ma": 521.0, "longitude": 103.22361, "latitude": 26.278889, "province": "Yunnan", "biological_group": "动物", "chapter_label": "第二章"}, "geometry": {"type": "Point", "coordinates": [103.22361, 26.278889]}}, {"type": "Feature", "properties": {"objectid": 990, "fossil_id": 1443479, "species_name": "Actinotheca mira", "geological_stage": "Meishucunian", "max_age_ma": 530.7, "min_age_ma": 521.0, "longitude": 103.22361, "latitude": 26.278889, "province": "Yunnan", "biological_group": "动物", "chapter_label": "第二章"}, "geometry": {"type": "Point", "coordinates": [103.22361, 26.278889]}}, {"type": "Feature", "properties": {"objectid": 1023, "fossil_id": 1443512, "species_name": "Eohalobia diandongensis", "geological_stage": "Meishucunian", "max_age_ma": 530.7, "min_age_ma": 521.0, "longitude": 103.214165, "latitude": 26.377222, "province": "Yunnan", "biological_group": "动物", "chapter_label": "第二章"}, "geometry": {"type": "Point", "coordinates": [103.214165, 26.377222]}}, {"type": "Feature", "properties": {"objectid": 1056, "fossil_id": 1443545, "species_name": "Lopochites lubricus", "geological_stage": "Meishucunian", "max_age_ma": 530.7, "min_age_ma": 521.0, "longitude": 103.214165, "latitude": 26.377222, "province": "Yunnan", "biological_group": "动物", "chapter_label": "第二章"}, "geometry": {"type": "Point", "coordinates": [103.214165, 26.377222]}}, {"type": "Feature", "properties": {"objectid": 1089, "fossil_id": 1443578, "species_name": "Watsonella crosbyi", "geological_stage": "Meishucunian", "max_age_ma": 530.7, "min_age_ma": 521.0, "longitude": 103.214165, "latitude": 26.377222, "province": "Yunnan", "biological_group": "动物", "chapter_label": "第二章"}, "geometry": {"type": "Point", "coordinates": [103.214165, 26.377222]}}, {"type": "Feature", "properties": {"objectid": 1122, "fossil_id": 1443611, "species_name": "Conotheca cf. subcurvata", "geological_stage": "Meishucunian", "max_age_ma": 530.7, "min_age_ma": 521.0, "longitude": 103.214165, "latitude": 26.377222, "province": "Yunnan", "biological_group": "动物", "chapter_label": "第二章"}, "geometry": {"type": "Point", "coordinates": [103.214165, 26.377222]}}, {"type": "Feature", "properties": {"objectid": 320, "fossil_id": 850689, "species_name": "Ocruranus finial", "geological_stage": "Nemakit-Daldynian", "max_age_ma": 538.8, "min_age_ma": 525.5, "longitude": 102.07, "latitude": 25.523333, "province": "Yunnan", "biological_group": "动物", "chapter_label": "第二章"}, "geometry": {"type": "Point", "coordinates": [102.07, 25.523333]}}, {"type": "Feature", "properties": {"objectid": 321, "fossil_id": 850690, "species_name": "Ocruranus finial", "geological_stage": "Nemakit-Daldynian", "max_age_ma": 538.8, "min_age_ma": 525.5, "longitude": 102.07, "latitude": 25.523333, "province": "Yunnan", "biological_group": "动物", "chapter_label": "第二章"}, "geometry": {"type": "Point", "coordinates": [102.07, 25.523333]}}, {"type": "Feature", "properties": {"objectid": 322, "fossil_id": 850691, "species_name": "Ocruranus finial", "geological_stage": "Nemakit-Daldynian", "max_age_ma": 538.8, "min_age_ma": 525.5, "longitude": 102.07, "latitude": 25.523333, "province": "Yunnan", "biological_group": "动物", "chapter_label": "第二章"}, "geometry": {"type": "Point", "coordinates": [102.07, 25.523333]}}, {"type": "Feature", "properties": {"objectid": 384, "fossil_id": 930783, "species_name": "Circotheca sp.", "geological_stage": "Nemakit-Daldynian", "max_age_ma": 538.8, "min_age_ma": 525.5, "longitude": 102.716667, "latitude": 24.549999, "province": "Yunnan", "biological_group": "动物", "chapter_label": "第二章"}, "geometry": {"type": "Point", "coordinates": [102.716667, 24.549999]}}, {"type": "Feature", "properties": {"objectid": 385, "fossil_id": 930784, "species_name": "Trachysphaeridium rude", "geological_stage": "Jinnigian", "max_age_ma": 538.8, "min_age_ma": 530.7, "longitude": 102.716667, "latitude": 24.549999, "province": "Yunnan", "biological_group": "动物", "chapter_label": "第二章"}, "geometry": {"type": "Point", "coordinates": [102.716667, 24.549999]}}, {"type": "Feature", "properties": {"objectid": 386, "fossil_id": 930785, "species_name": "Asperatopsophosphaera tenera", "geological_stage": "Jinnigian", "max_age_ma": 538.8, "min_age_ma": 530.7, "longitude": 102.716667, "latitude": 24.549999, "province": "Yunnan", "biological_group": "动物", "chapter_label": "第二章"}, "geometry": {"type": "Point", "coordinates": [102.716667, 24.549999]}}, {"type": "Feature", "properties": {"objectid": 387, "fossil_id": 930786, "species_name": "cf. Parasabellidites sp.", "geological_stage": "Jinnigian", "max_age_ma": 538.8, "min_age_ma": 530.7, "longitude": 102.716667, "latitude": 24.549999, "province": "Yunnan", "biological_group": "动物", "chapter_label": "第二章"}, "geometry": {"type": "Point", "coordinates": [102.716667, 24.549999]}}, {"type": "Feature", "properties": {"objectid": 388, "fossil_id": 930787, "species_name": "Circotheca sp.", "geological_stage": "Jinnigian", "max_age_ma": 538.8, "min_age_ma": 530.7, "longitude": 102.716667, "latitude": 24.549999, "province": "Yunnan", "biological_group": "动物", "chapter_label": "第二章"}, "geometry": {"type": "Point", "coordinates": [102.716667, 24.549999]}}, {"type": "Feature", "properties": {"objectid": 390, "fossil_id": 930789, "species_name": "Protohertzina wangjiawanensis", "geological_stage": "Jinnigian", "max_age_ma": 538.8, "min_age_ma": 530.7, "longitude": 102.716667, "latitude": 24.549999, "province": "Yunnan", "biological_group": "动物", "chapter_label": "第二章"}, "geometry": {"type": "Point", "coordinates": [102.716667, 24.549999]}}, {"type": "Feature", "properties": {"objectid": 391, "fossil_id": 930790, "species_name": "Spinulitheca billingsi", "geological_stage": "Jinnigian", "max_age_ma": 538.8, "min_age_ma": 530.7, "longitude": 102.716667, "latitude": 24.549999, "province": "Yunnan", "biological_group": "动物", "chapter_label": "第二章"}, "geometry": {"type": "Point", "coordinates": [102.716667, 24.549999]}}, {"type": "Feature", "properties": {"objectid": 392, "fossil_id": 930791, "species_name": "Turcutheca rugata", "geological_stage": "Jinnigian", "max_age_ma": 538.8, "min_age_ma": 530.7, "longitude": 102.716667, "latitude": 24.549999, "province": "Yunnan", "biological_group": "动物", "chapter_label": "第二章"}, "geometry": {"type": "Point", "coordinates": [102.716667, 24.549999]}}, {"type": "Feature", "properties": {"objectid": 393, "fossil_id": 930792, "species_name": "Turcutheca anne", "geological_stage": "Jinnigian", "max_age_ma": 538.8, "min_age_ma": 530.7, "longitude": 102.716667, "latitude": 24.549999, "province": "Yunnan", "biological_group": "动物", "chapter_label": "第二章"}, "geometry": {"type": "Point", "coordinates": [102.716667, 24.549999]}}, {"type": "Feature", "properties": {"objectid": 1242, "fossil_id": 1610356, "species_name": "Myxococcoides kingii", "geological_stage": "Nemakit-Daldynian", "max_age_ma": 538.8, "min_age_ma": 525.5, "longitude": 102.720001, "latitude": 24.559999, "province": "Yunnan", "biological_group": "动物", "chapter_label": "第二章"}, "geometry": {"type": "Point", "coordinates": [102.720001, 24.559999]}}, {"type": "Feature", "properties": {"objectid": 1243, "fossil_id": 1610357, "species_name": "Myxococcoides grandis", "geological_stage": "Nemakit-Daldynian", "max_age_ma": 538.8, "min_age_ma": 525.5, "longitude": 102.720001, "latitude": 24.559999, "province": "Yunnan", "biological_group": "动物", "chapter_label": "第二章"}, "geometry": {"type": "Point", "coordinates": [102.720001, 24.559999]}}, {"type": "Feature", "properties": {"objectid": 1244, "fossil_id": 1610358, "species_name": "Micrhystridium setulerum", "geological_stage": "Nemakit-Daldynian", "max_age_ma": 538.8, "min_age_ma": 525.5, "longitude": 102.720001, "latitude": 24.559999, "province": "Yunnan", "biological_group": "动物", "chapter_label": "第二章"}, "geometry": {"type": "Point", "coordinates": [102.720001, 24.559999]}}, {"type": "Feature", "properties": {"objectid": 1245, "fossil_id": 1610359, "species_name": "Eomycetopsis robusta", "geological_stage": "Nemakit-Daldynian", "max_age_ma": 538.8, "min_age_ma": 525.5, "longitude": 102.720001, "latitude": 24.559999, "province": "Yunnan", "biological_group": "动物", "chapter_label": "第二章"}, "geometry": {"type": "Point", "coordinates": [102.720001, 24.559999]}}, {"type": "Feature", "properties": {"objectid": 466, "fossil_id": 970693, "species_name": "Kunmingaspis yunnanensis", "geological_stage": "Middle Cambrian", "max_age_ma": 506.5, "min_age_ma": 497.0, "longitude": 99.916664, "latitude": 27.200001, "province": "Yunnan", "biological_group": "动物", "chapter_label": "第二章"}, "geometry": {"type": "Point", "coordinates": [99.916664, 27.200001]}}, {"type": "Feature", "properties": {"objectid": 467, "fossil_id": 975865, "species_name": "Yangtzeella sp.", "geological_stage": "Arenigian", "max_age_ma": 477.1, "min_age_ma": 468.0, "longitude": 102.947998, "latitude": 26.895, "province": "Yunnan", "biological_group": "动物", "chapter_label": "第二章"}, "geometry": {"type": "Point", "coordinates": [102.947998, 26.895]}}, {"type": "Feature", "properties": {"objectid": 468, "fossil_id": 1201051, "species_name": "Aegitellus concentricus", "geological_stage": "Nemakit-Daldynian", "max_age_ma": 538.8, "min_age_ma": 525.5, "longitude": 103.129723, "latitude": 24.645279, "province": "Yunnan", "biological_group": "动物", "chapter_label": "第二章"}, "geometry": {"type": "Point", "coordinates": [103.129723, 24.645279]}}, {"type": "Feature", "properties": {"objectid": 469, "fossil_id": 1205489, "species_name": "Choia ridley", "geological_stage": "Early Cambrian", "max_age_ma": 538.8, "min_age_ma": 506.5, "longitude": 102.833336, "latitude": 24.866667, "province": "Yunnan", "biological_group": "动物", "chapter_label": "第二章"}, "geometry": {"type": "Point", "coordinates": [102.833336, 24.866667]}}, {"type": "Feature", "properties": {"objectid": 473, "fossil_id": 1205493, "species_name": "Leptomitella conica", "geological_stage": "Early Cambrian", "max_age_ma": 538.8, "min_age_ma": 506.5, "longitude": 102.833336, "latitude": 24.866667, "province": "Yunnan", "biological_group": "动物", "chapter_label": "第二章"}, "geometry": {"type": "Point", "coordinates": [102.833336, 24.866667]}}, {"type": "Feature", "properties": {"objectid": 477, "fossil_id": 1205497, "species_name": "Ptilispongia maotianshanensis n. sp.", "geological_stage": "Early Cambrian", "max_age_ma": 538.8, "min_age_ma": 506.5, "longitude": 102.833336, "latitude": 24.866667, "province": "Yunnan", "biological_group": "动物", "chapter_label": "第二章"}, "geometry": {"type": "Point", "coordinates": [102.833336, 24.866667]}}, {"type": "Feature", "properties": {"objectid": 481, "fossil_id": 1205501, "species_name": "Wapkia grandis", "geological_stage": "Early Cambrian", "max_age_ma": 538.8, "min_age_ma": 506.5, "longitude": 102.833336, "latitude": 24.866667, "province": "Yunnan", "biological_group": "动物", "chapter_label": "第二章"}, "geometry": {"type": "Point", "coordinates": [102.833336, 24.866667]}}, {"type": "Feature", "properties": {"objectid": 485, "fossil_id": 1205505, "species_name": "Leptomitus teretiusculus", "geological_stage": "Early Cambrian", "max_age_ma": 538.8, "min_age_ma": 506.5, "longitude": 102.833336, "latitude": 24.866667, "province": "Yunnan", "biological_group": "动物", "chapter_label": "第二章"}, "geometry": {"type": "Point", "coordinates": [102.833336, 24.866667]}}, {"type": "Feature", "properties": {"objectid": 489, "fossil_id": 1205509, "species_name": "Triticispongia diagonata", "geological_stage": "Early Cambrian", "max_age_ma": 538.8, "min_age_ma": 506.5, "longitude": 102.833336, "latitude": 24.866667, "province": "Yunnan", "biological_group": "动物", "chapter_label": "第二章"}, "geometry": {"type": "Point", "coordinates": [102.833336, 24.866667]}}, {"type": "Feature", "properties": {"objectid": 493, "fossil_id": 1205513, "species_name": "Valospongia cf. gigantis", "geological_stage": "Early Cambrian", "max_age_ma": 538.8, "min_age_ma": 506.5, "longitude": 102.833336, "latitude": 24.866667, "province": "Yunnan", "biological_group": "动物", "chapter_label": "第二章"}, "geometry": {"type": "Point", "coordinates": [102.833336, 24.866667]}}, {"type": "Feature", "properties": {"objectid": 559, "fossil_id": 1365125, "species_name": "Kuanyangia (Sapushania) granulosa", "geological_stage": "Early Cambrian", "max_age_ma": 538.8, "min_age_ma": 506.5, "longitude": 102.833336, "latitude": 24.826944, "province": "Yunnan", "biological_group": "动物", "chapter_label": "第二章"}, "geometry": {"type": "Point", "coordinates": [102.833336, 24.826944]}}, {"type": "Feature", "properties": {"objectid": 563, "fossil_id": 1365129, "species_name": "Fuxianhuia xiaoshibaensis", "geological_stage": "Early Cambrian", "max_age_ma": 538.8, "min_age_ma": 506.5, "longitude": 102.833336, "latitude": 24.826944, "province": "Yunnan", "biological_group": "动物", "chapter_label": "第二章"}, "geometry": {"type": "Point", "coordinates": [102.833336, 24.826944]}}, {"type": "Feature", "properties": {"objectid": 567, "fossil_id": 1365133, "species_name": "Combinivalvula sp.", "geological_stage": "Early Cambrian", "max_age_ma": 538.8, "min_age_ma": 506.5, "longitude": 102.833336, "latitude": 24.826944, "province": "Yunnan", "biological_group": "动物", "chapter_label": "第二章"}, "geometry": {"type": "Point", "coordinates": [102.833336, 24.826944]}}, {"type": "Feature", "properties": {"objectid": 571, "fossil_id": 1365139, "species_name": "Kuanyangia (Sapushania) granulosa", "geological_stage": "Early Cambrian", "max_age_ma": 538.8, "min_age_ma": 506.5, "longitude": 102.833336, "latitude": 24.826944, "province": "Yunnan", "biological_group": "动物", "chapter_label": "第二章"}, "geometry": {"type": "Point", "coordinates": [102.833336, 24.826944]}}, {"type": "Feature", "properties": {"objectid": 575, "fossil_id": 1365143, "species_name": "Pectocaris indet.", "geological_stage": "Early Cambrian", "max_age_ma": 538.8, "min_age_ma": 506.5, "longitude": 102.833336, "latitude": 24.826944, "province": "Yunnan", "biological_group": "动物", "chapter_label": "第二章"}, "geometry": {"type": "Point", "coordinates": [102.833336, 24.826944]}}, {"type": "Feature", "properties": {"objectid": 579, "fossil_id": 1365147, "species_name": "Sicyophorus sp.", "geological_stage": "Early Cambrian", "max_age_ma": 538.8, "min_age_ma": 506.5, "longitude": 102.833336, "latitude": 24.826944, "province": "Yunnan", "biological_group": "动物", "chapter_label": "第二章"}, "geometry": {"type": "Point", "coordinates": [102.833336, 24.826944]}}, {"type": "Feature", "properties": {"objectid": 583, "fossil_id": 1397246, "species_name": "Aegiromena sp.", "geological_stage": "Hirnantian", "max_age_ma": 445.2, "min_age_ma": 443.1, "longitude": 98.646111, "latitude": 24.468611, "province": "Yunnan", "biological_group": "动物", "chapter_label": "第二章"}, "geometry": {"type": "Point", "coordinates": [98.646111, 24.468611]}}, {"type": "Feature", "properties": {"objectid": 587, "fossil_id": 1397250, "species_name": "Dalmanella sp.", "geological_stage": "Hirnantian", "max_age_ma": 445.2, "min_age_ma": 443.1, "longitude": 98.646111, "latitude": 24.468611, "province": "Yunnan", "biological_group": "动物", "chapter_label": "第二章"}, "geometry": {"type": "Point", "coordinates": [98.646111, 24.468611]}}, {"type": "Feature", "properties": {"objectid": 1158, "fossil_id": 1458029, "species_name": "Kinnella medlicotti", "geological_stage": "Hirnantian", "max_age_ma": 445.2, "min_age_ma": 443.1, "longitude": 98.646111, "latitude": 24.468611, "province": "Yunnan", "biological_group": "动物", "chapter_label": "第二章"}, "geometry": {"type": "Point", "coordinates": [98.646111, 24.468611]}}, {"type": "Feature", "properties": {"objectid": 1162, "fossil_id": 1458033, "species_name": "Xenocrania haimei", "geological_stage": "Hirnantian", "max_age_ma": 445.2, "min_age_ma": 443.1, "longitude": 98.646111, "latitude": 24.468611, "province": "Yunnan", "biological_group": "动物", "chapter_label": "第二章"}, "geometry": {"type": "Point", "coordinates": [98.646111, 24.468611]}}, {"type": "Feature", "properties": {"objectid": 1167, "fossil_id": 1458038, "species_name": "Palaeoleptostrophia sp.", "geological_stage": "Hirnantian", "max_age_ma": 445.2, "min_age_ma": 443.1, "longitude": 98.646111, "latitude": 24.468611, "province": "Yunnan", "biological_group": "动物", "chapter_label": "第二章"}, "geometry": {"type": "Point", "coordinates": [98.646111, 24.468611]}}, {"type": "Feature", "properties": {"objectid": 1171, "fossil_id": 1458042, "species_name": "Skenidioides cf. scoliodus", "geological_stage": "Hirnantian", "max_age_ma": 445.2, "min_age_ma": 443.1, "longitude": 98.646111, "latitude": 24.468611, "province": "Yunnan", "biological_group": "动物", "chapter_label": "第二章"}, "geometry": {"type": "Point", "coordinates": [98.646111, 24.468611]}}, {"type": "Feature", "properties": {"objectid": 1176, "fossil_id": 1458047, "species_name": "Hirnantia sagittifera", "geological_stage": "Hirnantian", "max_age_ma": 445.2, "min_age_ma": 443.1, "longitude": 98.646111, "latitude": 24.468611, "province": "Yunnan", "biological_group": "动物", "chapter_label": "第二章"}, "geometry": {"type": "Point", "coordinates": [98.646111, 24.468611]}}, {"type": "Feature", "properties": {"objectid": 1180, "fossil_id": 1516070, "species_name": "Templeella cf. gobiensis", "geological_stage": "Hirnantian", "max_age_ma": 445.2, "min_age_ma": 443.1, "longitude": 98.646111, "latitude": 24.468611, "province": "Yunnan", "biological_group": "动物", "chapter_label": "第二章"}, "geometry": {"type": "Point", "coordinates": [98.646111, 24.468611]}}, {"type": "Feature", "properties": {"objectid": 1185, "fossil_id": 1516075, "species_name": "Hindella crassa", "geological_stage": "Hirnantian", "max_age_ma": 445.2, "min_age_ma": 443.1, "longitude": 98.646111, "latitude": 24.468611, "province": "Yunnan", "biological_group": "动物", "chapter_label": "第二章"}, "geometry": {"type": "Point", "coordinates": [98.646111, 24.468611]}}, {"type": "Feature", "properties": {"objectid": 1189, "fossil_id": 1516079, "species_name": "Kinnella medlicotti", "geological_stage": "Hirnantian", "max_age_ma": 445.2, "min_age_ma": 443.1, "longitude": 98.646111, "latitude": 24.468611, "province": "Yunnan", "biological_group": "动物", "chapter_label": "第二章"}, "geometry": {"type": "Point", "coordinates": [98.646111, 24.468611]}}, {"type": "Feature", "properties": {"objectid": 1194, "fossil_id": 1516084, "species_name": "Dalmanella testudinaria", "geological_stage": "Hirnantian", "max_age_ma": 445.2, "min_age_ma": 443.1, "longitude": 98.646111, "latitude": 24.468611, "province": "Yunnan", "biological_group": "动物", "chapter_label": "第二章"}, "geometry": {"type": "Point", "coordinates": [98.646111, 24.468611]}}, {"type": "Feature", "properties": {"objectid": 1198, "fossil_id": 1516088, "species_name": "Paromalomena mcmahoni", "geological_stage": "Hirnantian", "max_age_ma": 445.2, "min_age_ma": 443.1, "longitude": 98.646111, "latitude": 24.468611, "province": "Yunnan", "biological_group": "动物", "chapter_label": "第二章"}, "geometry": {"type": "Point", "coordinates": [98.646111, 24.468611]}}, {"type": "Feature", "properties": {"objectid": 1203, "fossil_id": 1516098, "species_name": "Paromalomena mcmahoni", "geological_stage": "Hirnantian", "max_age_ma": 445.2, "min_age_ma": 443.1, "longitude": 98.646111, "latitude": 24.468611, "province": "Yunnan", "biological_group": "动物", "chapter_label": "第二章"}, "geometry": {"type": "Point", "coordinates": [98.646111, 24.468611]}}, {"type": "Feature", "properties": {"objectid": 591, "fossil_id": 1442931, "species_name": "Lophotheca multicostata", "geological_stage": "Jinnigian", "max_age_ma": 538.8, "min_age_ma": 530.7, "longitude": 103.069725, "latitude": 25.523333, "province": "Yunnan", "biological_group": "动物", "chapter_label": "第二章"}, "geometry": {"type": "Point", "coordinates": [103.069725, 25.523333]}}, {"type": "Feature", "properties": {"objectid": 603, "fossil_id": 1442943, "species_name": "Anabarites trisulcatus", "geological_stage": "Jinnigian", "max_age_ma": 538.8, "min_age_ma": 530.7, "longitude": 103.069725, "latitude": 25.523333, "province": "Yunnan", "biological_group": "动物", "chapter_label": "第二章"}, "geometry": {"type": "Point", "coordinates": [103.069725, 25.523333]}}, {"type": "Feature", "properties": {"objectid": 616, "fossil_id": 1443105, "species_name": "Eohalobia diandongensis", "geological_stage": "Meishucunian", "max_age_ma": 530.7, "min_age_ma": 521.0, "longitude": 103.069725, "latitude": 25.523333, "province": "Yunnan", "biological_group": "动物", "chapter_label": "第二章"}, "geometry": {"type": "Point", "coordinates": [103.069725, 25.523333]}}, {"type": "Feature", "properties": {"objectid": 629, "fossil_id": 1443118, "species_name": "Eohalobia diandongensis", "geological_stage": "Meishucunian", "max_age_ma": 530.7, "min_age_ma": 521.0, "longitude": 103.069725, "latitude": 25.523333, "province": "Yunnan", "biological_group": "动物", "chapter_label": "第二章"}, "geometry": {"type": "Point", "coordinates": [103.069725, 25.523333]}}, {"type": "Feature", "properties": {"objectid": 642, "fossil_id": 1443131, "species_name": "Maikhanella radularis", "geological_stage": "Meishucunian", "max_age_ma": 530.7, "min_age_ma": 521.0, "longitude": 103.069725, "latitude": 25.523333, "province": "Yunnan", "biological_group": "动物", "chapter_label": "第二章"}, "geometry": {"type": "Point", "coordinates": [103.069725, 25.523333]}}, {"type": "Feature", "properties": {"objectid": 655, "fossil_id": 1443144, "species_name": "Ocruranus trulliformis", "geological_stage": "Meishucunian", "max_age_ma": 530.7, "min_age_ma": 521.0, "longitude": 103.069725, "latitude": 25.523333, "province": "Yunnan", "biological_group": "动物", "chapter_label": "第二章"}, "geometry": {"type": "Point", "coordinates": [103.069725, 25.523333]}}, {"type": "Feature", "properties": {"objectid": 668, "fossil_id": 1443157, "species_name": "Phrygula nana", "geological_stage": "Meishucunian", "max_age_ma": 530.7, "min_age_ma": 521.0, "longitude": 103.069725, "latitude": 25.523333, "province": "Yunnan", "biological_group": "动物", "chapter_label": "第二章"}, "geometry": {"type": "Point", "coordinates": [103.069725, 25.523333]}}, {"type": "Feature", "properties": {"objectid": 681, "fossil_id": 1443170, "species_name": "Lopochites quadrogonus", "geological_stage": "Meishucunian", "max_age_ma": 530.7, "min_age_ma": 521.0, "longitude": 103.069725, "latitude": 25.523333, "province": "Yunnan", "biological_group": "动物", "chapter_label": "第二章"}, "geometry": {"type": "Point", "coordinates": [103.069725, 25.523333]}}, {"type": "Feature", "properties": {"objectid": 694, "fossil_id": 1443183, "species_name": "Lopochites quadrogonus", "geological_stage": "Meishucunian", "max_age_ma": 530.7, "min_age_ma": 521.0, "longitude": 103.069725, "latitude": 25.523333, "province": "Yunnan", "biological_group": "动物", "chapter_label": "第二章"}, "geometry": {"type": "Point", "coordinates": [103.069725, 25.523333]}}, {"type": "Feature", "properties": {"objectid": 707, "fossil_id": 1443196, "species_name": "Oelandiella korobkovi", "geological_stage": "Meishucunian", "max_age_ma": 530.7, "min_age_ma": 521.0, "longitude": 103.069725, "latitude": 25.523333, "province": "Yunnan", "biological_group": "动物", "chapter_label": "第二章"}, "geometry": {"type": "Point", "coordinates": [103.069725, 25.523333]}}, {"type": "Feature", "properties": {"objectid": 720, "fossil_id": 1443209, "species_name": "Bubiites simplex n. sp.", "geological_stage": "Meishucunian", "max_age_ma": 530.7, "min_age_ma": 521.0, "longitude": 103.069725, "latitude": 25.523333, "province": "Yunnan", "biological_group": "动物", "chapter_label": "第二章"}, "geometry": {"type": "Point", "coordinates": [103.069725, 25.523333]}}, {"type": "Feature", "properties": {"objectid": 733, "fossil_id": 1443222, "species_name": "Lopochites latazonalis", "geological_stage": "Meishucunian", "max_age_ma": 530.7, "min_age_ma": 521.0, "longitude": 103.069725, "latitude": 25.523333, "province": "Yunnan", "biological_group": "动物", "chapter_label": "第二章"}, "geometry": {"type": "Point", "coordinates": [103.069725, 25.523333]}}, {"type": "Feature", "properties": {"objectid": 746, "fossil_id": 1443235, "species_name": "Oelandiella korobkovi", "geological_stage": "Meishucunian", "max_age_ma": 530.7, "min_age_ma": 521.0, "longitude": 103.069725, "latitude": 25.523333, "province": "Yunnan", "biological_group": "动物", "chapter_label": "第二章"}, "geometry": {"type": "Point", "coordinates": [103.069725, 25.523333]}}, {"type": "Feature", "properties": {"objectid": 1208, "fossil_id": 1523175, "species_name": "Vetulocystis catenata n. gen. n. sp.", "geological_stage": "Early Cambrian", "max_age_ma": 538.8, "min_age_ma": 506.5, "longitude": 102.410278, "latitude": 24.84, "province": "Yunnan", "biological_group": "动物", "chapter_label": "第二章"}, "geometry": {"type": "Point", "coordinates": [102.410278, 24.84]}}, {"type": "Feature", "properties": {"objectid": 1211, "fossil_id": 1555754, "species_name": "Bergeronites sp.", "geological_stage": "Guzhangian", "max_age_ma": 500.5, "min_age_ma": 497.0, "longitude": 105.543839, "latitude": 23.26379, "province": "Yunnan", "biological_group": "动物", "chapter_label": "第二章"}, "geometry": {"type": "Point", "coordinates": [105.543839, 23.26379]}}, {"type": "Feature", "properties": {"objectid": 1213, "fossil_id": 1555756, "species_name": "Damesops sp.", "geological_stage": "Guzhangian", "max_age_ma": 500.5, "min_age_ma": 497.0, "longitude": 105.543839, "latitude": 23.26379, "province": "Yunnan", "biological_group": "动物", "chapter_label": "第二章"}, "geometry": {"type": "Point", "coordinates": [105.543839, 23.26379]}}, {"type": "Feature", "properties": {"objectid": 1215, "fossil_id": 1555758, "species_name": "Torifera sp.", "geological_stage": "Guzhangian", "max_age_ma": 500.5, "min_age_ma": 497.0, "longitude": 105.543839, "latitude": 23.26379, "province": "Yunnan", "biological_group": "动物", "chapter_label": "第二章"}, "geometry": {"type": "Point", "coordinates": [105.543839, 23.26379]}}, {"type": "Feature", "properties": {"objectid": 1217, "fossil_id": 1555760, "species_name": "Kormagnostus minutus", "geological_stage": "Guzhangian", "max_age_ma": 500.5, "min_age_ma": 497.0, "longitude": 105.543839, "latitude": 23.26379, "province": "Yunnan", "biological_group": "动物", "chapter_label": "第二章"}, "geometry": {"type": "Point", "coordinates": [105.543839, 23.26379]}}, {"type": "Feature", "properties": {"objectid": 1219, "fossil_id": 1555762, "species_name": "Hadragnostus modestus", "geological_stage": "Guzhangian", "max_age_ma": 500.5, "min_age_ma": 497.0, "longitude": 105.543839, "latitude": 23.26379, "province": "Yunnan", "biological_group": "动物", "chapter_label": "第二章"}, "geometry": {"type": "Point", "coordinates": [105.543839, 23.26379]}}, {"type": "Feature", "properties": {"objectid": 1222, "fossil_id": 1555765, "species_name": "Liostracina fuluensis n. sp.", "geological_stage": "Guzhangian", "max_age_ma": 500.5, "min_age_ma": 497.0, "longitude": 105.543839, "latitude": 23.26379, "province": "Yunnan", "biological_group": "动物", "chapter_label": "第二章"}, "geometry": {"type": "Point", "coordinates": [105.543839, 23.26379]}}, {"type": "Feature", "properties": {"objectid": 1224, "fossil_id": 1555767, "species_name": "Hyolitha indet.", "geological_stage": "Guzhangian", "max_age_ma": 500.5, "min_age_ma": 497.0, "longitude": 105.543839, "latitude": 23.26379, "province": "Yunnan", "biological_group": "动物", "chapter_label": "第二章"}, "geometry": {"type": "Point", "coordinates": [105.543839, 23.26379]}}, {"type": "Feature", "properties": {"objectid": 1226, "fossil_id": 1555769, "species_name": "Palaeoscolecida indet.", "geological_stage": "Guzhangian", "max_age_ma": 500.5, "min_age_ma": 497.0, "longitude": 105.543839, "latitude": 23.26379, "province": "Yunnan", "biological_group": "动物", "chapter_label": "第二章"}, "geometry": {"type": "Point", "coordinates": [105.543839, 23.26379]}}, {"type": "Feature", "properties": {"objectid": 1228, "fossil_id": 1555771, "species_name": "Damesellidae indet.", "geological_stage": "Guzhangian", "max_age_ma": 500.5, "min_age_ma": 497.0, "longitude": 105.543839, "latitude": 23.26379, "province": "Yunnan", "biological_group": "动物", "chapter_label": "第二章"}, "geometry": {"type": "Point", "coordinates": [105.543839, 23.26379]}}, {"type": "Feature", "properties": {"objectid": 1231, "fossil_id": 1555774, "species_name": "Othriidae indet.", "geological_stage": "Guzhangian", "max_age_ma": 500.5, "min_age_ma": 497.0, "longitude": 105.543839, "latitude": 23.26379, "province": "Yunnan", "biological_group": "动物", "chapter_label": "第二章"}, "geometry": {"type": "Point", "coordinates": [105.543839, 23.26379]}}, {"type": "Feature", "properties": {"objectid": 1233, "fossil_id": 1555776, "species_name": "Cothuronocystidae indet.", "geological_stage": "Guzhangian", "max_age_ma": 500.5, "min_age_ma": 497.0, "longitude": 105.543839, "latitude": 23.26379, "province": "Yunnan", "biological_group": "动物", "chapter_label": "第二章"}, "geometry": {"type": "Point", "coordinates": [105.543839, 23.26379]}}, {"type": "Feature", "properties": {"objectid": 1235, "fossil_id": 1555778, "species_name": "Eocrinidae indet.", "geological_stage": "Guzhangian", "max_age_ma": 500.5, "min_age_ma": 497.0, "longitude": 105.543839, "latitude": 23.26379, "province": "Yunnan", "biological_group": "动物", "chapter_label": "第二章"}, "geometry": {"type": "Point", "coordinates": [105.543839, 23.26379]}}, {"type": "Feature", "properties": {"objectid": 1271, "fossil_id": 1667305, "species_name": "Leishuia leishuae", "geological_stage": "Guzhangian", "max_age_ma": 500.5, "min_age_ma": 497.0, "longitude": 105.543839, "latitude": 23.26379, "province": "Yunnan", "biological_group": "动物", "chapter_label": "第二章"}, "geometry": {"type": "Point", "coordinates": [105.543839, 23.26379]}}, {"type": "Feature", "properties": {"objectid": 1239, "fossil_id": 1592424, "species_name": "Galeactena hemispherica", "geological_stage": "Early Cambrian", "max_age_ma": 538.8, "min_age_ma": 506.5, "longitude": 102.970001, "latitude": 24.641666, "province": "Yunnan", "biological_group": "动物", "chapter_label": "第二章"}, "geometry": {"type": "Point", "coordinates": [102.970001, 24.641666]}}, {"type": "Feature", "properties": {"objectid": 1240, "fossil_id": 1592435, "species_name": "Batofasciculus ramificans", "geological_stage": "Early Cambrian", "max_age_ma": 538.8, "min_age_ma": 506.5, "longitude": 102.301003, "latitude": 25.237801, "province": "Yunnan", "biological_group": "动物", "chapter_label": "第二章"}, "geometry": {"type": "Point", "coordinates": [102.301003, 25.237801]}}, {"type": "Feature", "properties": {"objectid": 1270, "fossil_id": 1615435, "species_name": "Xiaoheiqingella sp.", "geological_stage": "Early Cambrian", "max_age_ma": 538.8, "min_age_ma": 506.5, "longitude": 102.805557, "latitude": 24.455557, "province": "Yunnan", "biological_group": "动物", "chapter_label": "第二章"}, "geometry": {"type": "Point", "coordinates": [102.805557, 24.455557]}}, {"type": "Feature", "properties": {"objectid": 1274, "fossil_id": 1693543, "species_name": "Aphelaspis tarda", "geological_stage": "Steptoean", "max_age_ma": 497.0, "min_age_ma": 493.5, "longitude": 104.327904, "latitude": 24.779699, "province": "Yunnan", "biological_group": "动物", "chapter_label": "第二章"}, "geometry": {"type": "Point", "coordinates": [104.327904, 24.779699]}}, {"type": "Feature", "properties": {"objectid": 1275, "fossil_id": 1693544, "species_name": "Dunderbergia tennesseensis", "geological_stage": "Steptoean", "max_age_ma": 497.0, "min_age_ma": 493.5, "longitude": 104.327904, "latitude": 24.779699, "province": "Yunnan", "biological_group": "动物", "chapter_label": "第二章"}, "geometry": {"type": "Point", "coordinates": [104.327904, 24.779699]}}, {"type": "Feature", "properties": {"objectid": 1276, "fossil_id": 1701014, "species_name": "Daliella daliensis", "geological_stage": "Darriwilian", "max_age_ma": 469.4, "min_age_ma": 458.2, "longitude": 100.258057, "latitude": 25.725, "province": "Yunnan", "biological_group": "动物", "chapter_label": "第二章"}, "geometry": {"type": "Point", "coordinates": [100.258057, 25.725]}}, {"type": "Feature", "properties": {"objectid": 1281, "fossil_id": 1701019, "species_name": "Glyptarca sinensis", "geological_stage": "Darriwilian", "max_age_ma": 469.4, "min_age_ma": 458.2, "longitude": 100.258057, "latitude": 25.725, "province": "Yunnan", "biological_group": "动物", "chapter_label": "第二章"}, "geometry": {"type": "Point", "coordinates": [100.258057, 25.725]}}, {"type": "Feature", "properties": {"objectid": 1287, "fossil_id": 1701025, "species_name": "Bivalvia <indet. 12>", "geological_stage": "Darriwilian", "max_age_ma": 469.4, "min_age_ma": 458.2, "longitude": 100.258057, "latitude": 25.725, "province": "Yunnan", "biological_group": "动物", "chapter_label": "第二章"}, "geometry": {"type": "Point", "coordinates": [100.258057, 25.725]}}, {"type": "Feature", "properties": {"objectid": 1293, "fossil_id": 1701031, "species_name": "Bivalvia <indet. 18>", "geological_stage": "Darriwilian", "max_age_ma": 469.4, "min_age_ma": 458.2, "longitude": 100.258057, "latitude": 25.725, "province": "Yunnan", "biological_group": "动物", "chapter_label": "第二章"}, "geometry": {"type": "Point", "coordinates": [100.258057, 25.725]}}, {"type": "Feature", "properties": {"objectid": 1299, "fossil_id": 1701657, "species_name": "Daliella daliensis", "geological_stage": "Darriwilian", "max_age_ma": 469.4, "min_age_ma": 458.2, "longitude": 100.258057, "latitude": 25.725, "province": "Yunnan", "biological_group": "动物", "chapter_label": "第二章"}, "geometry": {"type": "Point", "coordinates": [100.258057, 25.725]}}, {"type": "Feature", "properties": {"objectid": 1305, "fossil_id": 1701663, "species_name": "Glyptarca symmetrica", "geological_stage": "Darriwilian", "max_age_ma": 469.4, "min_age_ma": 458.2, "longitude": 100.258057, "latitude": 25.725, "province": "Yunnan", "biological_group": "动物", "chapter_label": "第二章"}, "geometry": {"type": "Point", "coordinates": [100.258057, 25.725]}}, {"type": "Feature", "properties": {"objectid": 1311, "fossil_id": 1701669, "species_name": "Paracyclas initium", "geological_stage": "Darriwilian", "max_age_ma": 469.4, "min_age_ma": 458.2, "longitude": 100.258057, "latitude": 25.725, "province": "Yunnan", "biological_group": "动物", "chapter_label": "第二章"}, "geometry": {"type": "Point", "coordinates": [100.258057, 25.725]}}, {"type": "Feature", "properties": {"objectid": 1316, "fossil_id": 1701674, "species_name": "Glyptarca symmetrica", "geological_stage": "Darriwilian", "max_age_ma": 469.4, "min_age_ma": 458.2, "longitude": 100.258057, "latitude": 25.725, "province": "Yunnan", "biological_group": "动物", "chapter_label": "第二章"}, "geometry": {"type": "Point", "coordinates": [100.258057, 25.725]}}, {"type": "Feature", "properties": {"objectid": 1322, "fossil_id": 1701680, "species_name": "Fasciculodonta impressa", "geological_stage": "Darriwilian", "max_age_ma": 469.4, "min_age_ma": 458.2, "longitude": 100.258057, "latitude": 25.725, "province": "Yunnan", "biological_group": "动物", "chapter_label": "第二章"}, "geometry": {"type": "Point", "coordinates": [100.258057, 25.725]}}, {"type": "Feature", "properties": {"objectid": 1328, "fossil_id": 1701686, "species_name": "Paracyclas initium", "geological_stage": "Darriwilian", "max_age_ma": 469.4, "min_age_ma": 458.2, "longitude": 100.258057, "latitude": 25.725, "province": "Yunnan", "biological_group": "动物", "chapter_label": "第二章"}, "geometry": {"type": "Point", "coordinates": [100.258057, 25.725]}}, {"type": "Feature", "properties": {"objectid": 1334, "fossil_id": 1701692, "species_name": "Rhomboconcha tresdentes", "geological_stage": "Darriwilian", "max_age_ma": 469.4, "min_age_ma": 458.2, "longitude": 100.258057, "latitude": 25.725, "province": "Yunnan", "biological_group": "动物", "chapter_label": "第二章"}, "geometry": {"type": "Point", "coordinates": [100.258057, 25.725]}}, {"type": "Feature", "properties": {"objectid": 1340, "fossil_id": 1701698, "species_name": "Fasciculodonta impressa", "geological_stage": "Darriwilian", "max_age_ma": 469.4, "min_age_ma": 458.2, "longitude": 100.258057, "latitude": 25.725, "province": "Yunnan", "biological_group": "动物", "chapter_label": "第二章"}, "geometry": {"type": "Point", "coordinates": [100.258057, 25.725]}}, {"type": "Feature", "properties": {"objectid": 1346, "fossil_id": 1701704, "species_name": "Fasciculodonta impressa", "geological_stage": "Darriwilian", "max_age_ma": 469.4, "min_age_ma": 458.2, "longitude": 100.258057, "latitude": 25.725, "province": "Yunnan", "biological_group": "动物", "chapter_label": "第二章"}, "geometry": {"type": "Point", "coordinates": [100.258057, 25.725]}}]}