{"type": "FeatureCollection", "features": [{"type": "Feature", "properties": {"name": "云南省", "kind": "0137", "admin_code": "530624", "code_1": 5306, "code_2": 53}, "geometry": {"type": "Polygon", "coordinates": [[[104.90089415443668, 27.95599431575758], [104.902524, 27.96783700000008], [104.91643200000013, 27.972556999999995], [104.9242980000001, 27.983320999999947], [104.93896600000014, 27.98584700000005], [104.9442750000001, 27.998463000000115], [104.95546800000002, 28.00631800000007], [104.95813500000007, 28.0159150000001], [104.970875, 28.020681999999994], [104.969121, 28.0369740000001], [104.9769709999999, 28.0658520000001], [105.00819400000003, 28.07018900000012], [105.03685000000014, 28.090284000000118], [105.04029499999999, 28.09988400000004], [105.04108899999997, 28.100934000000052], [105.04227500000005, 28.10154499999998], [105.044049, 28.10198499999997], [105.05604600000001, 28.10145899999997], [105.058457, 28.10016500000002], [105.05835800000008, 28.097299000000028], [105.05963500000004, 28.09475400000013], [105.06969899999999, 28.09284100000012], [105.0751040000001, 28.086620000000003], [105.08560299999996, 28.089396000000008], [105.10309200000009, 28.085023999999933], [105.1164180000001, 28.07550200000007], [105.14094999999995, 28.0699440000001], [105.16310599999994, 28.07528800000013], [105.16750000000016, 28.069907999999963], [105.17381000000009, 28.070205000000023], [105.18317100000004, 28.056017000000097], [105.180531, 28.043652000000016], [105.16667600000001, 28.03148400000007], [105.16546300000002, 28.029874000000085], [105.16434900000003, 28.02694700000002], [105.16456300000007, 28.024597000000092], [105.16923600000008, 28.01447299999998], [105.18314800000009, 27.998832000000093], [105.21939500000016, 27.996449000000098], [105.22855000000003, 28.005858000000025], [105.23496299999996, 28.006305999999967], [105.24478200000014, 28.01274000000012], [105.24630800000003, 28.00571100000012], [105.268246, 28.000071000000112], [105.26577099999994, 27.98534200000001], [105.27953700000003, 27.965539000000014], [105.28095700000003, 27.93786499999998], [105.26923800000002, 27.926829000000083], [105.26512600000014, 27.917502000000013], [105.259915, 27.914933000000083], [105.25253299999994, 27.918143000000114], [105.24579300000013, 27.916427000000063], [105.23253699999995, 27.903516000000103], [105.22950799999998, 27.89633800000003], [105.2352750000001, 27.888833000000076], [105.23705700000002, 27.87130000000014], [105.24218400000004, 27.867143999999996], [105.24210800000006, 27.855927000000044], [105.24700200000015, 27.848232000000003], [105.2379950000001, 27.834226000000037], [105.24104299999996, 27.826386999999983], [105.25660400000007, 27.831388000000054], [105.27122599999993, 27.82054499999996], [105.28638099999992, 27.819279000000016], [105.30258200000006, 27.823758999999967], [105.31306500000002, 27.82044400000013], [105.30989100000014, 27.81416000000013], [105.28741800000002, 27.810577000000144], [105.28420400000002, 27.799479999999996], [105.27388100000005, 27.798590000000075], [105.27141200000013, 27.795372000000093], [105.27577999999997, 27.78271500000001], [105.29004700000011, 27.773880000000148], [105.28577500000014, 27.767479999999964], [105.29071500000006, 27.755821000000033], [105.28468800000009, 27.74577800000005], [105.28806699999998, 27.734968000000023], [105.2871860000001, 27.718976999999953], [105.30625200000013, 27.71316700000009], [105.29589199999995, 27.69789699999999], [105.30522499999998, 27.67615600000005], [105.30665599999989, 27.658277000000083], [105.30066700000006, 27.64308399999996], [105.29178700000003, 27.636550000000057], [105.30001100000013, 27.62966000000001], [105.30187700000008, 27.61694200000003], [105.2718130000001, 27.59314499999997], [105.25474200000001, 27.58699900000002], [105.25200700000002, 27.57993200000007], [105.24625800000005, 27.57955400000006], [105.24310400000005, 27.583427000000057], [105.23984600000003, 27.580557999999996], [105.24089100000008, 27.575934000000032], [105.24807399999995, 27.570313], [105.23736299999993, 27.56208500000009], [105.23962100000016, 27.554585000000017], [105.22951500000002, 27.546078000000115], [105.23547800000003, 27.543608000000027], [105.24443500000004, 27.548671000000077], [105.25386100000011, 27.544212999999992], [105.25008399999999, 27.539535], [105.25749699999997, 27.51952000000005], [105.25204900000003, 27.510362000000107], [105.24635800000007, 27.507961000000044], [105.2449080000001, 27.497976000000065], [105.23138100000014, 27.492355999999937], [105.23053400000005, 27.479221000000095], [105.2362110000001, 27.471303000000077], [105.231842, 27.462484000000117], [105.23228437987984, 27.46047288556522], [105.23238400000017, 27.460019999999993], [105.23410500000003, 27.452633000000034], [105.22306396026767, 27.446048567352918], [105.22262200000009, 27.445785000000086], [105.22983599999995, 27.43867400000005], [105.22272900000014, 27.422742000000063], [105.20198100000012, 27.394753999999985], [105.19259300000007, 27.388014999999996], [105.188862, 27.376291000000016], [105.18368599999994, 27.37175500000005], [105.17894399999997, 27.371040000000043], [105.17744900000017, 27.3737780000001], [105.18153800000002, 27.395712000000024], [105.1691440000001, 27.400536000000017], [105.16260600000005, 27.41299], [105.150585, 27.407621000000034], [105.131722, 27.419330000000016], [105.11826300000016, 27.421686000000086], [105.09620000000004, 27.414581000000013], [105.08392400000005, 27.4227360000001], [105.07063300000009, 27.422863000000127], [105.06409100000005, 27.421129000000008], [105.05461899999997, 27.41262800000007], [105.04366400000012, 27.41052699999996], [105.04243500000004, 27.39944899999996], [105.03645400000006, 27.403615000000045], [105.02858000000013, 27.403557000000042], [104.99514000000015, 27.37325699999998], [104.975464, 27.364675999999996], [104.96158299999999, 27.36259000000006], [104.94123900000008, 27.350166999999978], [104.93146200000008, 27.33830600000003], [104.91066399999991, 27.330370000000123], [104.90059299999993, 27.308760000000007], [104.89227399999996, 27.309574000000033], [104.889459, 27.303335000000025], [104.87704900000003, 27.301096000000044], [104.87067100000014, 27.29551099999997], [104.848847, 27.3046820000001], [104.84980100000016, 27.315551000000035], [104.84635600000004, 27.323815999999987], [104.85227300000005, 27.334409], [104.85115900000007, 27.33810799999999], [104.84156100000004, 27.346523000000097], [104.83333700000011, 27.34693200000001], [104.81936700000001, 27.35637900000006], [104.80728599999989, 27.358597999999986], [104.79326000000006, 27.339023000000026], [104.78656100000009, 27.322557999999994], [104.77124100000012, 27.311852000000044], [104.75671100000014, 27.31980600000002], [104.76429000000016, 27.333905000000044], [104.75180200000003, 27.34875700000002], [104.74227500000003, 27.345194999999997], [104.73471100000008, 27.337984000000034], [104.71881900000002, 27.34625299999996], [104.69626700000012, 27.34057500000001], [104.69040000000017, 27.326015000000034], [104.68136300000012, 27.32071200000002], [104.6545340000001, 27.32697399999998], [104.63640200000006, 27.327289000000107], [104.60768499999998, 27.309795000000022], [104.60185700000014, 27.315294999999992], [104.59393000000009, 27.314314000000003], [104.58615900000015, 27.32651899999999], [104.58007099999995, 27.327050999999955], [104.56801300000004, 27.33520299999997], [104.54452200000016, 27.33299799999996], [104.53822399999999, 27.329704000000085], [104.5354270000001, 27.343588000000082], [104.51372600000009, 27.3577900000001], [104.51969147395792, 27.368170539090094], [104.51994000000016, 27.36860300000002], [104.51978000000007, 27.36974800000008], [104.50481500000015, 27.390025999999942], [104.51574800000006, 27.404641000000026], [104.49794100000001, 27.398890999999978], [104.49604800000006, 27.403545000000115], [104.4888960000001, 27.406981000000016], [104.48946400000003, 27.411552000000036], [104.49552199999997, 27.415535000000077], [104.49324900000002, 27.419264000000062], [104.48180400000004, 27.416510000000102], [104.46322299999989, 27.418513000000097], [104.44240300000004, 27.43069600000004], [104.42356900000001, 27.432860000000034], [104.41304500000011, 27.43915300000007], [104.39883500000005, 27.459441000000048], [104.37585100000003, 27.467427000000008], [104.36854200000013, 27.465162000000007], [104.36080600000007, 27.470926000000148], [104.3429879999999, 27.46607900000003], [104.34589400000002, 27.463574000000065], [104.34191499999994, 27.45618500000012], [104.33054100000007, 27.448043999999946], [104.33941700000011, 27.43855200000008], [104.33838999999998, 27.43576700000004], [104.33814200000015, 27.433918], [104.33737900000007, 27.43090400000002], [104.32985, 27.434578000000073], [104.33091800000008, 27.42880599999998], [104.3291180000001, 27.426703999999965], [104.32704999999996, 27.424376999999986], [104.32524599999991, 27.421129000000008], [104.32633699999994, 27.415580999999975], [104.30638600000005, 27.410167000000015], [104.30250200000003, 27.406438999999935], [104.29041700000002, 27.377051000000016], [104.28653000000011, 27.374943000000037], [104.284458, 27.37377700000002], [104.28131900000007, 27.377228000000095], [104.27776000000003, 27.366103000000116], [104.26609000000016, 27.364182000000156], [104.26585800000007, 27.36047400000013], [104.26431699999992, 27.356763000000036], [104.25759200000012, 27.353255999999945], [104.2478219999999, 27.33931300000004], [104.24775000000007, 27.338974999999962], [104.247262, 27.336714000000114], [104.24681900000004, 27.33467699999997], [104.25047400000003, 27.330767000000108], [104.24657100000005, 27.323884000000106], [104.25746600000016, 27.312846999999948], [104.24885600000002, 27.30424000000012], [104.25116800000008, 27.29599600000013], [104.24666999999997, 27.295286000000004], [104.24184100000011, 27.30282900000008], [104.22766900000008, 27.298831000000042], [104.21071299999991, 27.304025000000095], [104.2085050000001, 27.300272999999983], [104.21726700000013, 27.287618000000066], [104.21576000000007, 27.28347000000005], [104.2066930000001, 27.282875000000026], [104.18829400000001, 27.289140000000053], [104.18547500000008, 27.277966000000106], [104.17021999999999, 27.266866000000064], [104.14874300000004, 27.284913000000074], [104.1304979999999, 27.307573000000026], [104.12890700000015, 27.31504000000003], [104.13226799999998, 27.32392600000003], [104.13162700000007, 27.325509999999994], [104.1302039999999, 27.32765899999999], [104.12954800000009, 27.328379000000055], [104.1162310000001, 27.33267799999995], [104.10936000000002, 27.340708], [104.08272600000006, 27.33339700000011], [104.0774460000001, 27.340851000000107], [104.05965500000003, 27.350323000000095], [104.05771300000012, 27.352326999999995], [104.05498600000007, 27.356471000000035], [104.05337999999998, 27.357764999999986], [104.02278200000003, 27.374265000000072], [104.01583900000006, 27.38399200000002], [104.01682000000004, 27.411251], [104.00978900000004, 27.419186000000003], [104.009125, 27.433243000000104], [104.00199599999999, 27.431684000000075], [103.99041000000014, 27.420830000000137], [103.97791000000008, 27.419653000000096], [103.97047500000005, 27.425924999999992], [103.9581079999999, 27.428367999999978], [103.95295400000005, 27.437731000000007], [103.94338600000012, 27.43704000000003], [103.93112599999992, 27.447653000000102], [103.92538500000009, 27.431638], [103.92434000000004, 27.418064000000072], [103.91928900000002, 27.41316700000008], [103.91142300000004, 27.393173999999995], [103.90182900000016, 27.38885399999996], [103.90334000000004, 27.3746110000001], [103.90025, 27.348401000000052], [103.8736079999999, 27.335097000000083], [103.87453500000012, 27.318018999999957], [103.86456800000005, 27.30503600000008], [103.86374400000008, 27.28540900000008], [103.86219900000006, 27.286766999999998], [103.85947800000007, 27.289586000000007], [103.84444900000001, 27.29155700000002], [103.83916500000007, 27.28643700000005], [103.84019900000008, 27.277466000000125], [103.83577399999999, 27.270591000000074], [103.82050700000003, 27.26729399999995], [103.807491, 27.270829999999954], [103.80435599999996, 27.267562000000098], [103.80268500000008, 27.25412299999997], [103.79782600000013, 27.252357000000046], [103.78829600000013, 27.256191000000015], [103.78872000000004, 27.245404000000114], [103.777386, 27.23211400000006], [103.77605900000016, 27.22601000000003], [103.76806000000002, 27.223848000000025], [103.762303, 27.217637000000025], [103.74724200000006, 27.21459800000011], [103.735153, 27.188491000000056], [103.72613600000008, 27.182596999999994], [103.71832700000002, 27.16558199999993], [103.71449000000015, 27.162889000000042], [103.7057310000001, 27.163993999999988], [103.7083900000001, 27.141027000000037], [103.70482999999999, 27.139423000000015], [103.69899100000012, 27.142704999999964], [103.69421000000013, 27.13017799999998], [103.6755259999999, 27.13515300000003], [103.65955800000005, 27.126572000000046], [103.63775300000006, 27.125965000000093], [103.62596499999992, 27.120533000000066], [103.61785100000012, 27.102071000000002], [103.63931000000018, 27.093566000000088], [103.6503270000001, 27.097305000000013], [103.65873800000006, 27.081477000000106], [103.65875299999996, 27.07195799999996], [103.64551200000014, 27.06976900000003], [103.6274260000001, 27.075388000000075], [103.61516200000003, 27.084109000000097], [103.60022100000006, 27.06448000000011], [103.610916, 27.043360000000035], [103.61640600000011, 27.038637999999956], [103.62229600000002, 27.038502999999977], [103.627194, 27.022374000000035], [103.61620000000012, 27.016122000000017], [103.61106500000015, 27.008114000000013], [103.62900200000004, 27.017282999999978], [103.63648300000004, 27.01778099999997], [103.65242799999996, 27.027495000000087], [103.65404200000009, 27.03649200000003], [103.67208200000013, 27.05478099999999], [103.70373899999996, 27.05344800000001], [103.71080800000007, 27.041834999999978], [103.7297560000001, 27.023256000000003], [103.73007600000003, 27.015236999999978], [103.7412150000001, 27.000019000000094], [103.75159500000015, 26.967074000000032], [103.77513900000007, 26.949070000000027], [103.77516200000011, 26.93846900000006], [103.76355100000015, 26.920517000000096], [103.76117000000013, 26.91062400000009], [103.7673, 26.891289000000093], [103.77644000000006, 26.880559000000112], [103.77628000000007, 26.875973000000094], [103.7692880000001, 26.869369000000084], [103.76002900000006, 26.86905600000012], [103.74167699999995, 26.86083000000002], [103.72046000000003, 26.85618900000007], [103.72051300000005, 26.844287000000108], [103.71511100000002, 26.836530999999994], [103.7053650000001, 26.832492000000116], [103.7001460000001, 26.815546000000076], [103.70211800000003, 26.799928000000136], [103.71815900000016, 26.776627000000083], [103.71693500000012, 26.763297000000094], [103.72254299999989, 26.75658300000004], [103.72463699999994, 26.743397000000066], [103.74381600000001, 26.72882900000014], [103.74845899999994, 26.72998399999996], [103.75766800000011, 26.740339], [103.76628500000005, 26.73835900000013], [103.77077600000003, 26.723315000000078], [103.76603300000008, 26.713125000000012], [103.76572900000005, 26.701371000000037], [103.7573209999999, 26.693316999999958], [103.75934300000014, 26.65405100000003], [103.7509200000001, 26.64169200000009], [103.7472920000001, 26.62635899999993], [103.75976200000017, 26.617498000000047], [103.7677540000001, 26.60490499999993], [103.76371400000014, 26.590123999999967], [103.76608700000001, 26.58686299999998], [103.76860400000008, 26.583396], [103.79649399999997, 26.570837000000033], [103.81260800000017, 26.555545000000066], [103.8097390000001, 26.547631000000024], [103.81231800000015, 26.540781999999993], [103.83829599999993, 26.536259999999942], [103.86303000000007, 26.516244000000086], [103.88510200000005, 26.52003500000005], [103.91485699999996, 26.51690599999997], [103.95325100000011, 26.52521000000013], [103.97049000000005, 26.52005100000013], [103.99647200000007, 26.524352000000015], [104.00423900000003, 26.519131000000037], [104.03340200000017, 26.530997000000042], [104.04487300000008, 26.52402299999997], [104.04651700000012, 26.524082000000057], [104.04942400000013, 26.524866000000088], [104.0562980000001, 26.527532999999956], [104.06532000000007, 26.539967999999966], [104.06594900000007, 26.547781], [104.06084900000006, 26.562552000000025], [104.06688, 26.578240999999977], [104.078046, 26.584558000000044], [104.09620300000014, 26.608801000000057], [104.10114000000007, 26.610812000000003], [104.10210900000013, 26.617973999999997], [104.11101999999997, 26.626148999999963], [104.12475600000008, 26.647368000000057], [104.1429180000001, 26.64579099999996], [104.15581199999988, 26.651230000000034], [104.17253600000012, 26.640037000000113], [104.18850700000004, 26.642774999999993], [104.20108100000002, 26.630435999999932], [104.2289549999999, 26.624265000000044], [104.229435, 26.62483400000005], [104.23056500000015, 26.626988000000104], [104.23279600000009, 26.62913500000011], [104.24157699999992, 26.631290999999976], [104.25002000000003, 26.62930299999998], [104.252263, 26.627567999999954], [104.254674, 26.62526899999998], [104.25737500000011, 26.622975000000068], [104.26351999999989, 26.624753000000098], [104.27007400000011, 26.628563000000035], [104.2719460000001, 26.636739000000084], [104.27277400000004, 26.63720400000001], [104.275383, 26.637488999999967], [104.27928900000015, 26.637614000000006], [104.2983980000001, 26.63370500000005], [104.30688500000012, 26.62261400000004], [104.32865900000004, 26.62496900000003], [104.34023700000003, 26.626376999999998], [104.35148999999993, 26.625341000000077], [104.36042800000006, 26.636515000000024], [104.36395299999995, 26.64683000000013], [104.37702600000009, 26.651829000000035], [104.38076800000007, 26.666679000000023], [104.38631499999994, 26.67001000000012], [104.39121000000003, 26.67295700000006], [104.39698500000002, 26.7117220000001], [104.40798600000004, 26.715131999999983], [104.41896499999993, 26.713963999999976], [104.44105200000016, 26.68669], [104.44054800000012, 26.675662000000052], [104.45421999999999, 26.66630100000001], [104.46516899999997, 26.65296], [104.45632300000008, 26.613075000000016], [104.46071199999997, 26.600366000000072], [104.48431800000012, 26.583247000000107], [104.4989239999999, 26.592834000000018], [104.54001300000012, 26.589298000000014], [104.55421900000002, 26.59414099999998], [104.56234100000013, 26.59011200000004], [104.57056800000014, 26.58019699999999], [104.57196000000002, 26.571868000000073], [104.57850700000003, 26.57116899999997], [104.57958199999999, 26.563274000000078], [104.56702800000008, 26.539202000000003], [104.56953399999995, 26.528019000000022], [104.579579, 26.52915599999995], [104.59662300000015, 26.52409799999996], [104.61454799999993, 26.511168000000026], [104.63751700000013, 26.481447000000088], [104.63053900000008, 26.45780100000009], [104.63812700000015, 26.445022000000037], [104.66436000000007, 26.43664900000003], [104.66676699999991, 26.412827000000036], [104.66321600000018, 26.40294399999997], [104.67269499999995, 26.388002000000007], [104.6831930000001, 26.381251999999996], [104.68104200000002, 26.370207000000065], [104.67992400000006, 26.368341000000036], [104.67847900000005, 26.367343999999967], [104.67688800000005, 26.366911000000023], [104.6670310000001, 26.367521000000046], [104.66381900000007, 26.364799999999974], [104.66077100000003, 26.361797000000017], [104.65920300000013, 26.36067100000011], [104.65724200000007, 26.354502000000032], [104.66030500000002, 26.345577000000006], [104.65589600000007, 26.338300999999994], [104.63519300000004, 26.331603000000023], [104.62212800000013, 26.331343000000004], [104.61206100000012, 26.325768000000046], [104.59008000000003, 26.32035699999998], [104.57949199999999, 26.29656800000005], [104.55571000000002, 26.27710500000012], [104.54674200000008, 26.261342000000084], [104.54515100000006, 26.25962800000002], [104.541638, 26.256913999999995], [104.54004300000011, 26.25606200000002], [104.54564700000016, 26.232083000000003], [104.5505830000001, 26.227505000000114], [104.548306, 26.219477000000055], [104.54051200000019, 26.2169120000001], [104.53892200000008, 26.215196999999954], [104.53765100000008, 26.213191000000066], [104.53701800000002, 26.211911999999934], [104.5388760000001, 26.202712999999974], [104.53004500000011, 26.182505999999947], [104.51760499999997, 26.169621000000006], [104.51822700000018, 26.134631000000027], [104.52718800000017, 26.116696000000047], [104.52457500000006, 26.102089999999997], [104.51592300000007, 26.089609000000088], [104.50654200000005, 26.085327], [104.49737200000001, 26.073812999999987], [104.4770169999999, 26.08063400000001], [104.46719800000007, 26.09319099999999], [104.45312499999997, 26.08007099999997], [104.45524999999995, 26.07404300000001], [104.46588500000014, 26.065323999999976], [104.46560300000007, 26.059993000000134], [104.46016800000015, 26.05839599999998], [104.46531400000006, 26.043643000000024], [104.45914800000006, 26.037494000000002], [104.46814399999991, 26.012602000000115], [104.45979700000001, 25.999935999999998], [104.45967900000002, 25.987730000000106], [104.43965500000004, 25.95811600000014], [104.43912899999995, 25.951936999999944], [104.4398350000001, 25.949925000000093], [104.442482, 25.94854700000012], [104.44414900000008, 25.945907], [104.44113600000018, 25.935319000000042], [104.42709400000008, 25.923561999999997], [104.41785900000016, 25.921536000000053], [104.41232700000003, 25.914900999999965], [104.41555100000008, 25.899052000000097], [104.42318399999996, 25.89676700000004], [104.42799800000009, 25.895668000000057], [104.42881400000002, 25.895331999999968], [104.43941500000008, 25.873141000000096], [104.42726500000012, 25.86098300000009], [104.42434000000011, 25.854735000000048], [104.42117800000015, 25.845124000000105], [104.42813899999996, 25.832012000000034], [104.42617800000014, 25.831113999999985], [104.42003000000003, 25.8277340000001], [104.41661200000001, 25.822381000000036], [104.40909999999994, 25.799877000000023], [104.3970489999999, 25.802243999999938], [104.39625200000003, 25.79835300000005], [104.39016400000017, 25.79482600000008], [104.383923, 25.77507400000004], [104.38943500000008, 25.76893299999997], [104.38938200000004, 25.767470999999972], [104.38914500000006, 25.765776999999964], [104.38884000000004, 25.76407899999998], [104.3812300000001, 25.745669000000134], [104.37077700000013, 25.734479000000107], [104.36314800000005, 25.733488], [104.3504990000001, 25.741623000000033], [104.35084600000002, 25.748661999999975], [104.32527600000017, 25.76207700000007], [104.32242999999997, 25.75197699999999], [104.32536000000002, 25.740073000000038], [104.32436400000003, 25.738997000000005], [104.32299500000009, 25.73780899999994], [104.32009599999995, 25.735670000000063], [104.32183100000006, 25.72823199999997], [104.31800899999993, 25.720830000000014], [104.32060700000004, 25.705545000000093], [104.31489199999996, 25.690680000000107], [104.31279100000003, 25.669280000000136], [104.3063480000001, 25.66352500000003], [104.30850199999989, 25.65100200000002], [104.3224569999999, 25.645047000000062], [104.32252500000001, 25.64363800000001], [104.32110299999997, 25.64211000000006], [104.31680400000015, 25.63831000000006], [104.3102190000001, 25.637582000000045], [104.32883500000013, 25.618531000000097], [104.32925500000006, 25.60271499999994], [104.33057100000005, 25.601873000000083], [104.33263500000012, 25.601036000000107], [104.33425600000012, 25.600647000000073], [104.35534300000015, 25.60311400000009], [104.36530300000001, 25.59866999999992], [104.36663799999988, 25.586176000000002], [104.36349900000013, 25.579294999999988], [104.37289500000006, 25.58738599999993], [104.37943700000008, 25.588764000000083], [104.38673399999996, 25.598271000000125], [104.41042400000006, 25.588164], [104.41933500000007, 25.58745400000005], [104.42599900000008, 25.578841999999987], [104.42076500000009, 25.566565000000082], [104.43184300000009, 25.558244000000116], [104.43003100000008, 25.547176000000057], [104.43048200000001, 25.54552900000003], [104.43342300000008, 25.54101999999999], [104.43394100000003, 25.539441999999987], [104.43155299999998, 25.532487999999972], [104.43375800000008, 25.523216000000012], [104.42924100000009, 25.507003000000047], [104.4162640000001, 25.50208099999994], [104.43105300000009, 25.486979000000062], [104.42836799999989, 25.484530000000113], [104.42745418433604, 25.480481910361416], [104.4271630000001, 25.479192000000047], [104.43233100000006, 25.474961999999998], [104.43272853708224, 25.474937628004998], [104.43552799999989, 25.474765999999946], [104.4382140000001, 25.476324999999974], [104.43893500000016, 25.480332000000047], [104.440888, 25.481225000000038], [104.44310100000006, 25.479447000000008], [104.44408100000014, 25.47922600000002], [104.44864300000003, 25.499708999999967], [104.48124000000017, 25.497653000000028], [104.49710100000014, 25.510123999999998], [104.50550899999993, 25.51258500000005], [104.51831500000017, 25.528144999999988], [104.52995300000006, 25.52291600000006], [104.54335400000015, 25.529589000000094], [104.55037700000011, 25.52379099999998], [104.55370000000008, 25.508897000000083], [104.54907300000012, 25.476878999999983], [104.54096999999999, 25.464641000000107], [104.54309900000001, 25.434148000000064], [104.53725900000015, 25.40755400000004], [104.5535360000001, 25.397270000000013], [104.55781599999992, 25.39716300000004], [104.56470200000008, 25.40572399999997], [104.57221700000015, 25.40500600000007], [104.57679400000013, 25.39894300000006], [104.58998099999994, 25.39187300000004], [104.5891040000001, 25.387260000000097], [104.59662700000004, 25.38025499999995], [104.61325799999995, 25.368678000000052], [104.63532300000006, 25.36912200000002], [104.63655199999997, 25.36178400000003], [104.64568400000014, 25.349281000000076], [104.64589400000003, 25.34781099999995], [104.64560800000007, 25.346736], [104.6450659999999, 25.345053000000014], [104.63935100000018, 25.34133500000005], [104.63990800000008, 25.330987999999962], [104.65068100000006, 25.308041999999972], [104.63791400000011, 25.302016000000002], [104.63735300000006, 25.30105000000001], [104.63735300000006, 25.29975299999999], [104.63779900000002, 25.298680000000026], [104.66093900000007, 25.291194000000047], [104.667836, 25.296252000000038], [104.68150300000015, 25.297834000000016], [104.69014000000007, 25.30620599999994], [104.69751099999993, 25.2970750000001], [104.70151200000014, 25.301074000000042], [104.70200800000006, 25.3010060000001], [104.703858, 25.300510000000095], [104.704777, 25.300039000000027], [104.70720700000007, 25.284684], [104.71868100000015, 25.282914000000098], [104.72314500000002, 25.27336099999998], [104.74650599999998, 25.268463000000082], [104.75472600000003, 25.26925599999997], [104.75172399999988, 25.27881500000005], [104.77255999999991, 25.282800999999985], [104.78735000000009, 25.25538899999996], [104.80309700000012, 25.265641000000002], [104.81698600000001, 25.25945800000001], [104.82625699999997, 25.241842000000133], [104.82621500000013, 25.241085000000027], [104.82522300000014, 25.23961500000008], [104.82397900000005, 25.238767999999986], [104.80763700000007, 25.23464599999999], [104.8065839999999, 25.233575000000016], [104.80528700000005, 25.231143000000053], [104.80467300000007, 25.229164999999995], [104.80669100000014, 25.215608000000053], [104.81351900000003, 25.201580000000043], [104.80637799999991, 25.190932000000096], [104.82055300000009, 25.174244000000087], [104.81536900000006, 25.16962899999998], [104.81376700000013, 25.16594600000007], [104.81444900000005, 25.164744999999996], [104.81541400000006, 25.163928999999982], [104.8161999999999, 25.163118000000026], [104.81279400000008, 25.15914200000003], [104.81026500000009, 25.16372299999999], [104.79818399999996, 25.167393000000068], [104.77557800000014, 25.18838700000002], [104.76295099999996, 25.209131999999975], [104.75119500000008, 25.21707300000012], [104.7449530000001, 25.217005], [104.73677099999999, 25.208167999999972], [104.72951500000003, 25.20788100000003], [104.72219500000003, 25.198613000000044], [104.7222019999999, 25.19548600000013], [104.73184600000016, 25.188518000000023], [104.73171599999998, 25.17406500000002], [104.7169230000001, 25.15585399999994], [104.71583600000012, 25.14396600000007], [104.69417300000006, 25.126295000000084], [104.69180700000005, 25.10841300000005], [104.684494, 25.097082999999984], [104.68404800000005, 25.079175000000106], [104.64682100000007, 25.070061000000074], [104.61051199999994, 25.06605700000007], [104.61255700000012, 25.06088700000005], [104.64977700000006, 25.064801999999972], [104.67012099999997, 25.06326100000001], [104.68335700000007, 25.055655999999956], [104.69765099999998, 25.041641000000133], [104.70395300000004, 25.01605700000001], [104.71238400000014, 24.999971000000073], [104.697122, 24.996473000000016], [104.68317000000005, 24.989155000000082], [104.68189199999992, 24.985740000000142], [104.68588700000006, 24.97886200000002], [104.66261000000013, 24.967145000000087], [104.66261000000013, 24.955588999999975], [104.65028799999996, 24.944332000000088], [104.64989500000004, 24.93746800000006], [104.63721099999995, 24.92098000000008], [104.63357200000004, 24.906615000000073], [104.62156800000017, 24.8976520000001], [104.60781900000015, 24.896422000000115], [104.59411300000014, 24.88625300000001], [104.57363500000005, 24.859952999999976], [104.57201099999989, 24.857371000000036], [104.572755, 24.85398600000009], [104.53881500000003, 24.819545999999967], [104.53440900000007, 24.798320000000004], [104.53843400000002, 24.783795000000083], [104.5398658301924, 24.78289621083006], [104.54367200000017, 24.780506999999993], [104.54453700000008, 24.778816000000056], [104.53845999999996, 24.769791000000104], [104.54110400000015, 24.760846000000022], [104.52951399999998, 24.744511000000088], [104.52741300000005, 24.734558999999997], [104.51735700000015, 24.729529000000014], [104.51246300000004, 24.707771000000086], [104.50192999999993, 24.69292599999998], [104.50110300000016, 24.6810100000001], [104.49173400000016, 24.65938600000007], [104.47402600000014, 24.653039000000007], [104.46536300000011, 24.643735000000063], [104.44857000000005, 24.646580000000093], [104.44779199999996, 24.643340000000066], [104.44852400000005, 24.64109700000011], [104.45126700000017, 24.63978500000009], [104.45400600000013, 24.63912899999999], [104.45652800000008, 24.639392999999984], [104.45949899999997, 24.635375000000067], [104.46296800000002, 24.63659099999996], [104.46569899999994, 24.637320999999964], [104.46944099999993, 24.63791900000006], [104.47223399999993, 24.641874000000094], [104.47257700000014, 24.645367999999998], [104.4730230000001, 24.647978000000123], [104.48373900000017, 24.647823000000088], [104.485783, 24.641083000000016], [104.50275800000006, 24.631324000000085], [104.50097699999995, 24.594895000000058], [104.50740800000003, 24.575120999999974], [104.51287899999991, 24.568078000000057], [104.51871600000014, 24.539584000000033], [104.52662300000006, 24.534341000000012], [104.53432100000006, 24.535552000000024], [104.54746300000014, 24.522768999999997], [104.54700499999998, 24.513373999999985], [104.5391700000001, 24.50963], [104.54399899999996, 24.503965000000058], [104.55062500000011, 24.48363499999998], [104.56552500000006, 24.47579800000009], [104.56469400000013, 24.465192000000066], [104.57175100000015, 24.45089699999999], [104.56756600000008, 24.446647000000063], [104.57592000000002, 24.42326], [104.58039499999992, 24.42090200000012], [104.59043900000007, 24.42572300000004], [104.61423600000013, 24.424884999999982], [104.61518900000011, 24.42324200000011], [104.6153269999999, 24.422543000000005], [104.61533400000003, 24.420150999999976], [104.6212889999999, 24.417452000000125], [104.62772399999997, 24.40096500000005], [104.61802700000001, 24.396194], [104.60925300000005, 24.378742000000017], [104.64880400000001, 24.368054000000136], [104.65910400000004, 24.354455000000094], [104.67304300000005, 24.34747199999999], [104.68242, 24.330731000000036], [104.70008500000002, 24.31999700000008], [104.72016200000004, 24.334909000000046], [104.72572800000005, 24.346402000000097], [104.71213999999995, 24.358664000000005], [104.71779300000004, 24.375155000000056], [104.70901199999994, 24.388402000000106], [104.70741399999989, 24.41054700000008], [104.70145900000001, 24.424349000000042], [104.71403900000004, 24.445237000000105], [104.72627300000002, 24.448878999999998], [104.74343600000007, 24.442510999999975], [104.75076300000003, 24.450106999999996], [104.75380300000003, 24.460116000000006], [104.76568300000005, 24.46224099999997], [104.77606300000011, 24.446918000000103], [104.7990849999999, 24.44561000000006], [104.8131720000001, 24.43948000000001], [104.82344100000003, 24.442918999999982], [104.83357700000008, 24.45119099999998], [104.84328100000008, 24.450121000000088], [104.85083400000018, 24.439983000000062], [104.86201900000006, 24.44157800000005], [104.86635199999992, 24.43423699999999], [104.88100400000005, 24.43491899999993], [104.90003600000003, 24.43108499999996], [104.90335100000013, 24.427406000000026], [104.91877400000001, 24.42687099999999], [104.91777000000016, 24.423576000000033], [104.92388900000019, 24.41929599999993], [104.92512200000007, 24.410040000000052], [104.93407900000008, 24.411257999999933], [104.94036500000007, 24.408601000000004], [104.95186300000009, 24.414753000000097], [104.96288300000018, 24.410695000000068], [104.9755640000001, 24.414390000000083], [104.98886500000017, 24.433267000000022], [104.99498800000018, 24.431052000000072], [105.01264200000018, 24.438068000000065], [105.01689200000011, 24.43496100000003], [105.033017, 24.442503000000023], [105.04995400000008, 24.443497000000022], [105.05232700000013, 24.434319000000023], [105.05604600000001, 24.43196499999994], [105.06733, 24.432344000000036], [105.0836800000001, 24.421999000000113], [105.08630100000008, 24.421788000000063], [105.0914730000001, 24.42170700000011], [105.106145, 24.415083000000045], [105.10711400000015, 24.411878999999978], [105.098355, 24.403546000000084], [105.10707500000004, 24.397078000000135], [105.09405499999994, 24.390602999999963], [105.10577000000015, 24.377899999999983], [105.10894400000004, 24.367935999999965], [105.12104100000008, 24.373023000000046], [105.12557300000006, 24.37002000000009], [105.14110300000009, 24.37111900000007], [105.14910600000003, 24.361090000000004], [105.16073599999996, 24.358270999999995], [105.16671800000003, 24.348201999999993], [105.17273400000013, 24.347685000000027], [105.17615499999997, 24.343686000000083], [105.18812999999992, 24.34373199999998], [105.18924000000001, 24.338451000000013], [105.19574400000002, 24.33264800000002], [105.1871800000001, 24.321334000000036], [105.18473399999996, 24.320265999999954], [105.18133200000003, 24.318517000000014], [105.17756700000017, 24.316117000000034], [105.1736030000001, 24.31216700000006], [105.17098299999995, 24.309045000000026], [105.16985000000008, 24.30715299999998], [105.17847500000008, 24.29630200000011], [105.17500400000003, 24.290160000000135], [105.16474199999996, 24.291123000000056], [105.1628610000001, 24.289223000000057], [105.16135100000005, 24.286814999999947], [105.1619110000001, 24.28456699999993], [105.16436500000012, 24.28387500000005], [105.168126, 24.28334599999998], [105.16962900000001, 24.282305], [105.18257200000004, 24.264679000000008], [105.17616700000015, 24.25624600000001], [105.20028400000004, 24.256917000000108], [105.20307900000002, 24.245173999999977], [105.20137800000006, 24.235001000000075], [105.2091300000001, 24.220329999999976], [105.22977200000005, 24.222188000000052], [105.23163300000003, 24.21149400000003], [105.23313600000004, 24.210801999999973], [105.23529200000009, 24.213091000000006], [105.23763399999999, 24.213622000000065], [105.23972800000004, 24.211316000000046], [105.2401019999999, 24.209592000000043], [105.23468400000004, 24.186800000000005], [105.23059900000001, 24.18062400000006], [105.22610600000004, 24.179561000000035], [105.22425199999995, 24.169954000000068], [105.21926200000016, 24.167845000000007], [105.21612599999995, 24.161516000000013], [105.21538929588934, 24.16118314715828], [105.21419600000004, 24.160643999999984], [105.21244500000003, 24.16148900000009], [105.20357500000003, 24.17173699999998], [105.19646100000008, 24.167477000000112], [105.18686300000016, 24.17045700000012], [105.185528, 24.166437000000037], [105.17978700000018, 24.169812000000043], [105.17462600000002, 24.154571000000033], [105.1802680000001, 24.15253000000009], [105.18137000000006, 24.14823899999997], [105.17511399999998, 24.136206], [105.19215800000003, 24.127682000000114], [105.19647600000009, 24.112032000000013], [105.2044260000001, 24.10711400000006], [105.20849700000005, 24.0998000000001], [105.21844900000005, 24.09278400000011], [105.22615799999991, 24.093636999999987], [105.22802000000004, 24.083275999999984], [105.24689200000003, 24.078062000000052], [105.25542500000003, 24.06465000000003], [105.27742800000007, 24.068356000000065], [105.28797199999994, 24.079554000000044], [105.28892200000011, 24.08248599999999], [105.28861700000002, 24.08333300000008], [105.28778899999989, 24.08560000000007], [105.270162, 24.095651000000004], [105.26997800000014, 24.098924000000096], [105.26980300000005, 24.10323799999999], [105.27037100000015, 24.105822000000096], [105.27335399999996, 24.10581300000006], [105.27749700000001, 24.105465000000045], [105.2823910000001, 24.10511700000003], [105.29050900000007, 24.115968000000073], [105.29894700000003, 24.11422000000004], [105.31628499999991, 24.119544000000012], [105.31910800000016, 24.118855000000025], [105.32099200000007, 24.11747399999998], [105.32321200000008, 24.11486800000001], [105.32962899999998, 24.097698000000086], [105.33613600000005, 24.09844599999998], [105.33839100000003, 24.09723800000004], [105.34140900000007, 24.095510999999966], [105.34291599999997, 24.09361200000005], [105.34291200000008, 24.091544000000006], [105.34277400000003, 24.088889000000066], [105.35624000000008, 24.086759000000043], [105.36135099999993, 24.080357999999954], [105.37341800000004, 24.07968799999994], [105.37831599999996, 24.070821000000095], [105.39560700000001, 24.065664000000083], [105.39735400000015, 24.054541000000093], [105.40274800000006, 24.046013000000052], [105.40197400000014, 24.040789000000004], [105.40428199999988, 24.040972000000046], [105.40616600000007, 24.04018099999997], [105.41109900000001, 24.032288000000065], [105.42178399999992, 24.031773000000086], [105.43866400000009, 24.037383000000098], [105.44665900000008, 24.03210700000001], [105.45770300000011, 24.032267000000104], [105.47856500000015, 24.021888999999938], [105.489785, 24.01994500000003], [105.49687700000007, 24.027406999999975], [105.50601700000011, 24.027608000000086], [105.50696600000012, 24.034160999999962], [105.50193099999998, 24.048186999999984], [105.50750000000008, 24.06689400000007], [105.51481300000003, 24.077669000000043], [105.51693000000014, 24.105480999999948], [105.52787100000009, 24.11719800000006], [105.5250780000001, 24.12975300000005], [105.53246700000012, 24.13231400000003], [105.54637900000013, 24.126290999999952], [105.55468399999992, 24.132029000000074], [105.56583800000008, 24.134245000000107], [105.58265400000002, 24.131893000000012], [105.59603500000006, 24.141235999999985], [105.61344600000004, 24.138573000000093], [105.62510700000004, 24.129592000000052], [105.62556900000007, 24.106157000000103], [105.62693800000001, 24.104557000000057], [105.62786500000007, 24.10410200000007], [105.62863600000017, 24.103945000000046], [105.63083299999997, 24.104046000000054], [105.63309048942975, 24.105520680909883], [105.63381200000006, 24.10599200000013], [105.63416699999996, 24.10387600000002], [105.63137500000013, 24.10029400000012], [105.63068800000005, 24.09811000000007], [105.63128700000013, 24.09580400000005], [105.63221000000013, 24.09304200000014], [105.64403600000011, 24.09040000000003], [105.64402800000006, 24.088503000000102], [105.64298700000009, 24.08631000000002], [105.64288400000001, 24.08608900000003], [105.63271700000016, 24.080957000000133], [105.64213200000003, 24.063472999999988], [105.63854699999999, 24.04761799999998], [105.646332, 24.036036000000024], [105.64979600000001, 24.034722000000016], [105.65303500000013, 24.035615000000007], [105.65502199999995, 24.03921600000006], [105.65783799999988, 24.040367999999987], [105.67214599999997, 24.04099400000009], [105.67915400000001, 24.051414], [105.69414200000014, 24.057024000000013], [105.69807100000016, 24.066205000000082], [105.70095500000004, 24.066338999999978], [105.70164827456233, 24.066429875859438], [105.70370900000009, 24.066700000000004], [105.71555700000002, 24.061134999999986], [105.72372400000003, 24.063231999999942], [105.72686400000005, 24.062100000000072], [105.73301300000007, 24.05891299999999], [105.734883, 24.05874099999997], [105.7403150000001, 24.061069000000032], [105.7417730304078, 24.061433151057162], [105.74338200000003, 24.061834999999995], [105.7481920000001, 24.069711999999996], [105.75724499999998, 24.07410199999996], [105.77290100000013, 24.06894499999995], [105.78301700000011, 24.069957000000016], [105.797559, 24.058811999999982], [105.79769599999989, 24.056231000000125], [105.79703200000003, 24.05226500000007], [105.78609499999996, 24.042299000000064], [105.78572900000015, 24.03856000000014], [105.78468400000001, 24.034766000000104], [105.79315300000015, 24.02647400000005], [105.82186900000006, 24.03376199999999], [105.840588, 24.02588600000007], [105.84844200000012, 24.059794000000053], [105.8530660000001, 24.05917300000001], [105.85599900000003, 24.059641000000006], [105.85887900000003, 24.057353000000056], [105.86109600000006, 24.054107000000066], [105.87286800000001, 24.052198999999938], [105.88909600000014, 24.043237999999953], [105.89845800000009, 24.04988900000012], [105.90454900000012, 24.0743570000001], [105.89266300000006, 24.08871100000008], [105.90004000000008, 24.091912999999984], [105.8987809999999, 24.093754000000075], [105.897523, 24.095871999999993], [105.89663800000014, 24.097854000000027], [105.89914799999998, 24.112808000000094], [105.92295900000013, 24.124210000000076], [105.92659500000006, 24.123991000000075], [105.92840700000006, 24.12394800000007], [105.92903999999996, 24.12291500000004], [105.92823100000007, 24.12141300000011], [105.92942900000007, 24.119233000000037], [105.94334100000007, 24.112799999999964], [105.95384600000008, 24.115886999999944], [105.9568570000001, 24.114521000000074], [105.9590356634485, 24.11421675646873], [105.96059499999993, 24.11399900000005], [106.00335400000003, 24.12785199999997], [105.99530899999999, 24.121243000000078], [106.00819000000004, 24.102562000000013], [106.021977, 24.10565299999997], [106.024217, 24.10266600000009], [106.02026400000003, 24.096444999999974], [106.01129200000011, 24.09296899999996], [106.01498899999993, 24.08513400000006], [105.99708200000005, 24.07692400000004], [105.99535800000004, 24.0676050000001], [106.0161170000001, 24.052336999999987], [106.01957000000007, 24.041406000000073], [106.03434400000008, 24.034435999999978], [106.03859000000003, 24.035657000000107], [106.048078, 24.02408700000008], [106.06156199999995, 24.01943000000005], [106.07989600000016, 24.024434000000014], [106.07445200000004, 24.019003999999974], [106.08618299999998, 24.01166300000009], [106.08781100000012, 24.00469200000009], [106.08101299999996, 24.002592000000064], [106.07747000000009, 23.99591399999997], [106.08396200000007, 23.991282000000055], [106.09241100000006, 23.991860000000095], [106.10340500000002, 23.980444999999925], [106.1087840000001, 23.96959200000007], [106.13455700000006, 23.95765700000004], [106.13749300000015, 23.926214000000087], [106.14862800000007, 23.91097900000004], [106.15172200000009, 23.897469999999984], [106.15677299999996, 23.89366900000008], [106.15802800000014, 23.89137000000011], [106.15899700000003, 23.88578399999995], [106.16713700000011, 23.88693899999995], [106.16869800000013, 23.88579200000008], [106.17057800000008, 23.88392499999997], [106.17232200000014, 23.88337600000002], [106.1884499999999, 23.88556000000007], [106.19656400000007, 23.87567100000004], [106.1920130000001, 23.862279999999977], [106.17249800000005, 23.866701999999925], [106.17029599999992, 23.862930000000112], [106.17489299999997, 23.849226999999992], [106.19332500000004, 23.83960100000005], [106.19443500000013, 23.832726], [106.18994900000004, 23.823559000000024], [106.18076400000017, 23.817664000000057], [106.15235899999996, 23.821112000000063], [106.1454279999999, 23.811202000000073], [106.13870699999998, 23.81347599999993], [106.13842400000001, 23.804497000000055], [106.13667254441108, 23.803817689638937], [106.13514699999993, 23.803226000000052], [106.13410600000005, 23.800179000000007], [106.14084700000002, 23.782530000000065], [106.13850900000003, 23.781388000000078], [106.13757799999999, 23.77924900000002], [106.13836400000011, 23.777540000000016], [106.13992300000004, 23.776117999999954], [106.14399400000016, 23.773697000000013], [106.14044200000009, 23.753590999999993], [106.14515000000007, 23.746572000000107], [106.14517300000003, 23.734714000000054], [106.14674800000013, 23.732296000000005], [106.149254, 23.728862999999997], [106.15159300000008, 23.727430999999996], [106.15830999999994, 23.726266999999964], [106.15973300000017, 23.724997000000045], [106.16020600000004, 23.72185400000005], [106.15427800000002, 23.707704999999976], [106.15476700000008, 23.69713799999998], [106.14666400000002, 23.687450000000062], [106.15042500000007, 23.677289999999992], [106.15049400000001, 23.661994999999955], [106.138966, 23.64534000000001], [106.13870699999998, 23.635314000000015], [106.13327400000013, 23.62081099999996], [106.11940100000007, 23.61145900000013], [106.118009, 23.608733], [106.11660400000001, 23.605870999999986], [106.11568100000002, 23.603429000000084], [106.1182870000001, 23.589077999999994], [106.14111799999998, 23.575308000000014], [106.12618299999988, 23.563131000000034], [106.11842400000015, 23.545687], [106.10471800000013, 23.535937000000104], [106.10381000000014, 23.525930999999986], [106.09508200000008, 23.529193000000056], [106.0808880000001, 23.526011999999938], [106.07826299999996, 23.514858000000046], [106.06990099999999, 23.50899399999998], [106.07641300000003, 23.504705000000023], [106.07085399999997, 23.49908399999999], [106.07025899999994, 23.49063000000003], [106.05627800000018, 23.49232700000011], [106.05490100000011, 23.48716500000004], [106.05225400000003, 23.48672500000005], [106.04713100000008, 23.483838000000098], [106.03378400000011, 23.489871000000115], [106.02651300000015, 23.477648999999964], [106.0173730000001, 23.47464400000002], [106.01413400000015, 23.46731599999997], [106.01429399999998, 23.464165000000023], [106.01508399999997, 23.46187900000006], [106.01571000000017, 23.460591999999977], [105.99653200000002, 23.449243000000116], [105.98312100000007, 23.45895000000001], [105.98280699999995, 23.460527000000106], [105.98296000000008, 23.46138700000003], [105.98388699999995, 23.463111000000033], [105.99393800000016, 23.471583999999964], [105.99388499999995, 23.482618999999957], [105.98728600000007, 23.49433100000001], [105.96784700000009, 23.492706000000027], [105.96154000000004, 23.49967500000004], [105.95552100000012, 23.496236000000067], [105.94770900000017, 23.4974730000001], [105.93418099999988, 23.507415000000073], [105.93071800000014, 23.507368999999997], [105.92525900000001, 23.507947000000037], [105.92067800000005, 23.50821600000009], [105.90327100000006, 23.50083400000001], [105.90076099999996, 23.503391000000015], [105.90260700000002, 23.508254000000036], [105.89971600000008, 23.522675000000056], [105.88498000000011, 23.53201800000003], [105.8729680000001, 23.534702999999965], [105.85084499999991, 23.526946000000123], [105.84974300000013, 23.5306620000001], [105.84896500000005, 23.530947000000054], [105.84584800000007, 23.53063600000008], [105.8363919999999, 23.527620000000113], [105.8277090000001, 23.519719999999985], [105.82635355473695, 23.5204729077611], [105.82386000000005, 23.52185799999996], [105.8214990000001, 23.520988000000095], [105.81166899999997, 23.50695100000005], [105.81597200000002, 23.482105999999966], [105.80822400000012, 23.469033000000103], [105.79763800000015, 23.473141000000005], [105.75859899999992, 23.464194000000113], [105.75141500000015, 23.458481000000106], [105.74880200000004, 23.45160000000009], [105.75069899999997, 23.445902000000082], [105.7451550000001, 23.438016000000047], [105.72934000000001, 23.432477999999954], [105.71220100000008, 23.411781999999967], [105.69412700000007, 23.398048000000124], [105.68341100000008, 23.399847000000115], [105.67695700000004, 23.409418000000123], [105.668736, 23.411384000000076], [105.661957, 23.403404999999985], [105.64536299999995, 23.407200000000103], [105.62836500000013, 23.404939999999982], [105.63375499999998, 23.400630000000064], [105.65470200000003, 23.396513000000127], [105.66576000000006, 23.390700000000017], [105.66811399999997, 23.38814699999999], [105.67092900000009, 23.385734], [105.67188300000007, 23.377403000000093], [105.68979700000008, 23.371351000000104], [105.6910520000001, 23.36949899999999], [105.69153300000002, 23.36763800000002], [105.69107500000004, 23.366059000000114], [105.683525, 23.35957599999999], [105.67001700000012, 23.36049800000007], [105.66695100000001, 23.355455000000077], [105.67102099999997, 23.351195000000033], [105.68220200000005, 23.349826000000093], [105.69754900000012, 23.332779000000045], [105.69629399999994, 23.330270000000105], [105.69429100000004, 23.32825100000003], [105.69186924669476, 23.32785712299453], [105.68977800000002, 23.32751700000005], [105.68334700000011, 23.329314000000053], [105.67565600000005, 23.32559600000009], [105.67040699999998, 23.327826000000037], [105.66852599999996, 23.32924500000003], [105.66804899999991, 23.33024699999998], [105.67091800000006, 23.34345600000008], [105.66152600000012, 23.350691000000076], [105.6492840000001, 23.350045000000094], [105.64710200000003, 23.34945800000002], [105.64706028108097, 23.34942512772676], [105.64620600000015, 23.348752000000047], [105.64486400000013, 23.34157900000003], [105.63276300000004, 23.338346999999956], [105.62179200000011, 23.32738099999999], [105.61326600000015, 23.329121999999977], [105.60957000000005, 23.324782000000063], [105.61039000000004, 23.317981000000096], [105.59101899999999, 23.31584500000011], [105.5834199999999, 23.30975899999997], [105.58785600000003, 23.299092999999957], [105.57684300000008, 23.292638000000018], [105.56952700000014, 23.294440999999985], [105.57049200000004, 23.289712000000037], [105.56619300000014, 23.282222999999988], [105.5669030000001, 23.266294000000073], [105.56242800000003, 23.26124299999995], [105.56293100000008, 23.257088000000067], [105.55407000000011, 23.25485600000013], [105.5489319999999, 23.248934000000062], [105.54312200000012, 23.251085000000046], [105.53419900000009, 23.24794400000004], [105.52806199999989, 23.239736000000008], [105.53076200000001, 23.231612], [105.52888600000013, 23.22677600000008], [105.54066900000001, 23.20626400000004], [105.547013, 23.200852999999974], [105.54078299999995, 23.199212000000088], [105.54192400000002, 23.193533000000052], [105.53732444821213, 23.1897951229964], [105.52753500000009, 23.187257000000002], [105.51658299999994, 23.196511000000072], [105.51441600000014, 23.196788000000076], [105.51193300000004, 23.196923000000055], [105.50991899999994, 23.19720000000006], [105.49640999999988, 23.205399000000057], [105.49160100000014, 23.22346199999997], [105.49159299999994, 23.225041000000054], [105.49218799999997, 23.22805599999994], [105.49293200000014, 23.23164900000004], [105.48312400000006, 23.23617100000009], [105.47866799999989, 23.245995999999977], [105.46602999999996, 23.258541999999935], [105.46418400000007, 23.263903000000127], [105.46308200000001, 23.267057000000143], [105.46136100000008, 23.269634000000025], [105.44982999999999, 23.27873799999994], [105.43943900000008, 23.29975300000003], [105.42881999999997, 23.302401000000014], [105.42580000000002, 23.29974200000001], [105.42435000000003, 23.29811500000004], [105.42431000000002, 23.29645699999999], [105.42603999999999, 23.293813999999976], [105.42625000000004, 23.292387000000033], [105.41737400000008, 23.285393000000084], [105.39369999999988, 23.30188500000004], [105.38629999999992, 23.31403100000012], [105.38127999999996, 23.313146999999987], [105.37272999999996, 23.318040999999997], [105.35229000000002, 23.345574999999993], [105.35065000000004, 23.367140000000028], [105.32689999999997, 23.39169500000001], [105.32512999999997, 23.392680999999968], [105.32217000000003, 23.392268999999985], [105.31040999999999, 23.38171000000003], [105.30887999999996, 23.381980999999982], [105.30421000000001, 23.385040000000043], [105.30064999999999, 23.38665599999999], [105.28401000000004, 23.381791999999976], [105.29861000000002, 23.375562999999996], [105.29693999999998, 23.36505300000001], [105.28734999999999, 23.356133000000042], [105.28664999999998, 23.35377899999996], [105.28442000000004, 23.34547000000001], [105.28412785577424, 23.343629491377612], [105.27331999999998, 23.340237000000016], [105.25813700000006, 23.34321300000005], [105.25016000000014, 23.33397], [105.25718999999997, 23.32191799999997], [105.25788999999997, 23.319178000000015], [105.25712999999998, 23.314573000000024], [105.25021000000001, 23.30926700000003], [105.24533000000001, 23.292244000000014], [105.23368000000002, 23.287628], [105.23351, 23.285736000000043], [105.23359999999998, 23.284311], [105.23457999999997, 23.282396000000002], [105.24178, 23.27774400000003], [105.23773000000001, 23.274984000000018], [105.23449096106783, 23.262086752025265], [105.22598999999995, 23.261127000000034], [105.225810546094, 23.26163524996073], [105.22570099999993, 23.262569000000063], [105.22580800000017, 23.267312000000103], [105.22455700000005, 23.268735999999976], [105.22284000000009, 23.26987000000001], [105.22206200000002, 23.270154999999967], [105.21327700000003, 23.26605100000004], [105.20810400000012, 23.272449999999964], [105.19989000000004, 23.273629999999986], [105.19628200000002, 23.280788000000094], [105.18420500000015, 23.277634000000077], [105.17698000000001, 23.28878799999997], [105.15286299999994, 23.28271300000003], [105.15070000000003, 23.277825999999976], [105.15371999999996, 23.27563299999998], [105.15753060051972, 23.271841404969148], [105.15772616311695, 23.271483769352738], [105.15769, 23.269983000000035], [105.15741000000001, 23.268805], [105.15596999999997, 23.26741200000003], [105.13357999999998, 23.256402999999967], [105.12590999999996, 23.257504000000026], [105.12536000000003, 23.255974], [105.12454000000002, 23.253976999999967], [105.11119100000016, 23.246737000000003], [105.09795869752313, 23.24914452139087], [105.10212000000004, 23.253700999999957], [105.09817100000006, 23.258900999999973], [105.09980800000014, 23.26763899999998], [105.08262300000004, 23.2690660000001], [105.05978999999999, 23.254936], [105.05821, 23.25318899999996], [105.05841999999997, 23.250814000000005], [105.05816200033442, 23.249495621708846], [105.04863000000014, 23.244327000000084], [105.04755800000008, 23.24259499999995], [105.04609301784299, 23.239537824350517], [105.04260866839294, 23.23478271215985], [105.03009000000002, 23.226880999999974], [105.02677200000002, 23.220048000000112], [105.00007000000002, 23.21644399999999], [104.99757999999997, 23.213270000000005], [104.99696000000002, 23.209072000000027], [104.99583000000004, 23.20686300000004], [104.99256000000003, 23.20444899999997], [104.98662999999999, 23.202825999999973], [104.98594684430034, 23.202108119110306], [104.97268000000005, 23.205895000000062], [104.96139000000001, 23.199835000000032], [104.95613, 23.192007], [104.95479600000002, 23.180798999999993], [104.94606, 23.17072700000001], [104.94866454822136, 23.155778662262247], [104.93711500000009, 23.15747000000011], [104.93210000000002, 23.169004], [104.92350800000011, 23.167246999999932], [104.91360000000002, 23.180250000000044], [104.90478999999999, 23.18165199999996], [104.89944, 23.181996999999996], [104.87956000000003, 23.167002], [104.87923, 23.164034000000008], [104.88184000000004, 23.160518999999965], [104.88282999999997, 23.15703200000002], [104.87839000000004, 23.137043], [104.87452999999996, 23.131664000000004], [104.86905999999999, 23.126312000000024], [104.86471999999998, 23.123913000000037], [104.86397216196724, 23.12413538341501], [104.85815999999997, 23.13022600000004], [104.85599999999997, 23.129273999999963], [104.85403999999997, 23.12534500000004], [104.85212, 23.123149999999967], [104.84916999999999, 23.122708999999983], [104.84538999999995, 23.12128999999999], [104.84348000000003, 23.119839000000017], [104.80333999999999, 23.11820000000003], [104.80114999999998, 23.115513000000018], [104.80054000000004, 23.11180699999998], [104.80045999999999, 23.108339000000008], [104.80504000000005, 23.083729000000005], [104.81507999999997, 23.077602000000027], [104.81450000000001, 23.075384000000007], [104.81260000000002, 23.073750999999984], [104.81200000000003, 23.070789000000044], [104.81285000000001, 23.06011999999996], [104.81945999999999, 23.056284], [104.82119000000003, 23.036677999999963], [104.82783, 23.021197999999984], [104.82971999999998, 22.997523999999977], [104.83813000000004, 22.990684999999974], [104.83674700000009, 22.984796999999965], [104.84865600000009, 22.97807499999996], [104.86047799999992, 22.976541999999952], [104.86410999999995, 22.95404100000001], [104.86102, 22.947159000000003], [104.85663000000004, 22.94178799999996], [104.83753000000003, 22.92354799999997], [104.81671599999996, 22.923053000000046], [104.79175172046502, 22.906605629046414], [104.78825999999998, 22.90518400000002], [104.78559999999997, 22.905725000000018], [104.78214000000004, 22.906282000000008], [104.77702, 22.904635999999975], [104.77321000000005, 22.901233999999956], [104.75588999999997, 22.861461999999996], [104.75156, 22.858810000000037], [104.74648000000005, 22.858650000000033], [104.74168, 22.85897999999998], [104.73605999999995, 22.85882900000001], [104.72795999999998, 22.85475499999999], [104.72496000000001, 22.851584999999982], [104.73368000000004, 22.83359499999998], [104.73387000000004, 22.82962800000002], [104.73108938663425, 22.822900618071337], [104.73037000000008, 22.822486999999988], [104.7272042623627, 22.820755163925885], [104.70303800000002, 22.82667600000002], [104.6881910000001, 22.823570999999973], [104.68464928914875, 22.819585714698917], [104.68168999999999, 22.81839799999997], [104.67981999999998, 22.818675999999968], [104.67796000000001, 22.818953999999966], [104.67262999999998, 22.819539999999957], [104.65264600000003, 22.835652000000003], [104.63151000000005, 22.834599000000008], [104.6252180000001, 22.846081000000126], [104.61797, 22.835071999999975], [104.62348, 22.829777000000004], [104.62399, 22.82803500000002], [104.62152, 22.82485399999999], [104.61697000000004, 22.82443199999998], [104.612712019285, 22.816017926505236], [104.59925900000012, 22.81657100000006], [104.59881599999997, 22.823463000000096], [104.604569, 22.828757000000074], [104.59888500000008, 22.845260000000053], [104.589661, 22.852414000000095], [104.57663000000007, 22.853324999999977], [104.56366810790539, 22.836702864035882], [104.55095800000012, 22.84103199999999], [104.54789800000006, 22.839771000000106], [104.54649400000008, 22.838927000000083], [104.54333900000015, 22.827337], [104.52927000000004, 22.82089399999999], [104.52464999999995, 22.812856999999983], [104.52325000000003, 22.80940999999997], [104.52240000000005, 22.806698000000022], [104.51727999999999, 22.80430000000003], [104.51549000000003, 22.794166999999973], [104.49769999999997, 22.785277999999995], [104.48087000000002, 22.766036999999958], [104.45180184294104, 22.748268703187055], [104.42078000000001, 22.736229000000016], [104.41588999999996, 22.731842000000032], [104.40967999999995, 22.727474000000022], [104.39947000000001, 22.702951000000024], [104.38909999999998, 22.70508999999999], [104.37416, 22.690441000000025], [104.37122000000002, 22.68998900000002], [104.36839908181085, 22.68955677795884], [104.35174905521046, 22.694544235277444], [104.34159099999997, 22.718972], [104.33235200000016, 22.726306000000015], [104.31780999999998, 22.732083999999983], [104.30283400000005, 22.730175000000038], [104.28242999999998, 22.74027800000001], [104.27656999999998, 22.74110600000004], [104.27203000000003, 22.741169000000014], [104.26995849576974, 22.74098429087282], [104.268849, 22.75570400000005], [104.25926300000017, 22.764154000000033], [104.25384900000003, 22.778925000000058], [104.2575689999999, 22.782800000000044], [104.26765900000012, 22.811068999999925], [104.26749899999996, 22.82026000000011], [104.273293, 22.83116100000003], [104.26758299999997, 22.84044100000012], [104.25941900000012, 22.844876000000077], [104.25154000000003, 22.841030000000003], [104.24859999999997, 22.841072000000015], [104.2450401808811, 22.842995477736213], [104.24392399999996, 22.843987000000062], [104.24311364073893, 22.84367087808706], [104.24117000000001, 22.844151000000043], [104.23740000000001, 22.84271599999997], [104.23386999999997, 22.839543999999975], [104.22467, 22.832236999999974], [104.22142000000004, 22.829803000000023], [104.21612000000002, 22.83210900000004], [104.18987000000003, 22.822975000000042], [104.1835290000001, 22.826730999999953], [104.17325999999998, 22.820970999999965], [104.17166999999998, 22.821489000000014], [104.16875000000005, 22.822766999999974], [104.16554000000001, 22.822810999999973], [104.16337999999999, 22.821354000000035], [104.16226999999998, 22.818641999999997], [104.15982999999999, 22.816444000000033], [104.15580999999999, 22.815508000000037], [104.13998000000001, 22.80783500000004], [104.13701999999996, 22.806386999999958], [104.12697999999997, 22.81395699999996], [104.11512500000006, 22.81165299999993], [104.09426000000005, 22.788609999999995], [104.09177, 22.78294199999998], [104.08931999999996, 22.77537499999996], [104.08605000000003, 22.771203999999997], [104.06419000000001, 22.75636700000002], [104.04304000000002, 22.73244300000002], [104.03432000000001, 22.702808000000005], [104.03322000000003, 22.700589999999984], [104.02968999999999, 22.696173000000005], [104.02805000000001, 22.69421200000002], [104.0293780000001, 22.687667000000097], [104.03959999999998, 22.68029600000004], [104.03044999999997, 22.65711], [104.0255680779444, 22.615631869192562], [104.02026000000001, 22.59884599999998], [104.01916000000003, 22.59687800000004], [104.01755000000004, 22.596153000000005], [104.01456000000002, 22.592721999999984], [104.01361, 22.582073000000044], [104.00661000000001, 22.577451999999973], [104.01447000000002, 22.567437999999992], [104.00962000000001, 22.56477200000003], [104.01375999999999, 22.555795999999958], [104.01228, 22.545897999999983], [104.00500999999997, 22.541030999999986], [104.01047, 22.53138499999999], [104.01070000000001, 22.52915199999997], [104.01010999999997, 22.524943999999966], [104.00848000000002, 22.52322999999999], [104.00687000000002, 22.521763000000025], [104.00446000000002, 22.521048000000018], [103.99031999999997, 22.520727000000015], [103.97260000000003, 22.508822999999975], [103.96972000000002, 22.512328999999983], [103.96431999999999, 22.507932999999966], [103.95531000000003, 22.51176099999997], [103.95267, 22.51402299999999], [103.94979000000001, 22.517034999999982], [103.94774999999997, 22.523504000000013], [103.93343000000004, 22.529379000000013], [103.92512000000002, 22.540780999999996], [103.91847300000009, 22.5348740000001], [103.91653900000003, 22.53499600000007], [103.9145859999999, 22.536093000000065], [103.91319999999999, 22.54712100000001], [103.88924000000003, 22.570211000000015], [103.88304999999998, 22.56582099999996], [103.87683900000016, 22.56646599999995], [103.86121000000003, 22.58814000000003], [103.85697999999996, 22.590916000000036], [103.84927999999996, 22.594226999999986], [103.84790423570317, 22.595256592253484], [103.83563999999998, 22.611489999999964], [103.83113000000004, 22.61401899999996], [103.82533000000004, 22.617504000000007], [103.82386115155086, 22.618476095037806], [103.81621999999999, 22.634962000000044], [103.79679999999996, 22.659723000000017], [103.78065500000011, 22.668938000000146], [103.76871500000003, 22.688910000000092], [103.76693000000013, 22.690176000000037], [103.76640628874284, 22.690242373128097], [103.76522000000004, 22.69120999999997], [103.76147, 22.690507999999973], [103.75613000000004, 22.68957499999996], [103.75318999999996, 22.689856000000027], [103.73876726802148, 22.70239344239736], [103.73818300000013, 22.71320400000006], [103.70240000000001, 22.74586100000001], [103.69762, 22.747647999999984], [103.69205000000002, 22.748160999999975], [103.68755000000002, 22.751926000000008], [103.68388000000002, 22.758163000000028], [103.68259000000005, 22.76189599999999], [103.67995000000002, 22.764652000000027], [103.66592000000003, 22.774466999999973], [103.66472999999996, 22.781857999999996], [103.66344, 22.785836999999972], [103.66105999999998, 22.788589000000034], [103.64651100000012, 22.796265000000012], [103.64291135380637, 22.794728754365842], [103.63900000000002, 22.797743], [103.63573, 22.792321999999995], [103.63815699999999, 22.787744000000018], [103.6293, 22.79139700000002], [103.61884000000006, 22.78695600000001], [103.61978999999997, 22.77515599999996], [103.61034999999997, 22.767814999999988], [103.60971000000004, 22.75864800000001], [103.57570999999999, 22.722610000000007], [103.56944, 22.71126700000002], [103.56590000000003, 22.70510499999999], [103.56505999999997, 22.702136999999997], [103.56698999999998, 22.684018999999974], [103.57857999999996, 22.669029000000037], [103.57167000000004, 22.646950000000018], [103.55396000000002, 22.639437000000026], [103.54380999999998, 22.614244000000014], [103.53538999999999, 22.601928999999984], [103.53268000000003, 22.598235999999957], [103.52999999999997, 22.596772999999967], [103.52802196531789, 22.595961000000017], [103.52780600000008, 22.595961000000017], [103.5115660000001, 22.601634999999995], [103.50845999999996, 22.603919999999963], [103.50760999999997, 22.611884999999962], [103.48771000000005, 22.62273200000003], [103.475381, 22.641635999999984], [103.45726399999998, 22.65847900000003], [103.45760700000002, 22.681063000000087], [103.433483, 22.701497000000067], [103.43001600000011, 22.733610000000034], [103.44204399999992, 22.743491000000112], [103.44130400000007, 22.753626999999973], [103.41945961058931, 22.763132773729374], [103.4130210000001, 22.77612199999995], [103.39971, 22.7812], [103.38956943103395, 22.781396029954934], [103.38299200000009, 22.790748999999963], [103.37304000000009, 22.79781300000002], [103.35958, 22.80336800000001], [103.32151100000007, 22.810745000000118], [103.31788000000003, 22.796659000000016], [103.31908000000001, 22.783260000000002], [103.31879, 22.781278999999962], [103.309, 22.761850000000003], [103.30193800000009, 22.7572010000001], [103.28494000000002, 22.732537999999977], [103.28741000000002, 22.709359999999975], [103.28034, 22.696524000000004], [103.28110000000001, 22.691310999999978], [103.28264999999999, 22.686338000000003], [103.28155999999996, 22.68312499999999], [103.26255068412034, 22.67133362544634], [103.24509, 22.667791000000012], [103.22903, 22.65581900000003], [103.22525353954427, 22.648545319820975], [103.20958419625532, 22.64635813383203], [103.19408000000004, 22.65143800000001], [103.1847470000001, 22.642629999999983], [103.18412900000013, 22.630285000000136], [103.16738999999998, 22.62039200000004], [103.16550000000001, 22.618670000000026], [103.16199000000003, 22.613238999999993], [103.16008, 22.607800000000008], [103.15838999999997, 22.597396999999994], [103.15781999999996, 22.59293700000001], [103.15858999999999, 22.589708000000005], [103.15908999999996, 22.585240999999975], [103.16304999999997, 22.57975799999999], [103.16909999999999, 22.56954599999997], [103.17786000000004, 22.562413999999972], [103.18049999999997, 22.559171999999958], [103.15652500000002, 22.5417140000001], [103.14678, 22.54627200000002], [103.14464999999998, 22.54604000000001], [103.14197000000001, 22.54506699999997], [103.12003000000004, 22.52324499999999], [103.08500999999998, 22.51356500000002], [103.08238182078438, 22.511557952580382], [103.08167300000018, 22.511202999999988], [103.079846, 22.509452999999965], [103.07026700000004, 22.490980999999962], [103.07279, 22.486122000000005], [103.07277000000002, 22.483642999999972], [103.07115000000002, 22.481420999999976], [103.07087000000001, 22.47919100000003], [103.07217999999997, 22.476951999999958], [103.07642000000004, 22.473204], [103.07826999999999, 22.47046299999996], [103.07904000000002, 22.46673800000004], [103.07898000000003, 22.45929900000004], [103.07841000000002, 22.45384800000004], [103.07026000000018, 22.448118000000136], [103.05746499999995, 22.451405000000143], [103.05035999999997, 22.446841999999986], [103.02858800000004, 22.44434399999998], [103.0132030000001, 22.454665999999953], [103.00820199999995, 22.461878], [102.99027999999998, 22.465796999999984], [102.9915199999999, 22.475432000000048], [102.98364000000001, 22.48146599999997], [102.96275690711047, 22.479102245441748], [102.95549999999997, 22.48658900000001], [102.92942900000006, 22.485662000000048], [102.92371000000017, 22.495527000000045], [102.92292800000004, 22.50680399999999], [102.91083793085298, 22.511856462828458], [102.90710999999997, 22.526273999999965], [102.89082104688804, 22.537710892469573], [102.89513000000014, 22.54620500000007], [102.87908200000014, 22.558028999999976], [102.88263300000014, 22.567069000000103], [102.87726999999995, 22.574797000000032], [102.87263200000008, 22.575725000000077], [102.87877700000004, 22.589981000000122], [102.86596000000004, 22.60078000000004], [102.85962000000004, 22.610733000000035], [102.85588000000001, 22.611250000000002], [102.84974999999997, 22.611529999999988], [102.84414999999998, 22.612799000000003], [102.84002699999999, 22.619472000000037], [102.82509, 22.626476000000014], [102.79453910667453, 22.624461640715218], [102.78878999999999, 22.628144999999996], [102.78401, 22.632632999999988], [102.7820371910987, 22.63541261329632], [102.78611400000008, 22.643589000000105], [102.78566500000007, 22.64451899999996], [102.78445260942485, 22.645415735462468], [102.78434999999998, 22.645774999999965], [102.75901999999999, 22.652096000000007], [102.74921800000007, 22.66982600000008], [102.7286077048528, 22.670650198973327], [102.72686500000002, 22.673523999999986], [102.72571300000001, 22.67568100000011], [102.72464100000003, 22.67644100000011], [102.71015557854349, 22.683003480110816], [102.70617000000011, 22.695601000000018], [102.69042, 22.70321300000003], [102.65517500000007, 22.69138800000013], [102.60619800000009, 22.733835], [102.60476863963439, 22.733978109502647], [102.60390999999996, 22.734406999999987], [102.60043999999999, 22.734668999999993], [102.58597, 22.72430799999999], [102.58350000000002, 22.70844500000003], [102.56878999999998, 22.704779000000016], [102.56372500000012, 22.722605000000037], [102.54945400000007, 22.73634500000002], [102.54987000000003, 22.747031999999997], [102.54078999999996, 22.748551999999997], [102.50911000000012, 22.77736299999996], [102.49226999999996, 22.780947000000026], [102.48126700000014, 22.77883399999999], [102.47620000000003, 22.77057999999997], [102.47407000000001, 22.770834000000026], [102.47085999999997, 22.771588999999967], [102.46819000000004, 22.771099000000014], [102.45695000000003, 22.766172000000026], [102.45559999999999, 22.76196100000004], [102.45156999999998, 22.755771999999993], [102.45049000000004, 22.751808000000015], [102.45309934692472, 22.73153268258746], [102.44095300000001, 22.72289700000004], [102.44089732026274, 22.722097995770238], [102.44050000000001, 22.720093000000027], [102.44021, 22.714141999999956], [102.43375, 22.701510999999982], [102.40853600000011, 22.685249999999954], [102.39534000000002, 22.68982299999996], [102.38973000000001, 22.689092999999957], [102.38410999999996, 22.684395], [102.38197000000001, 22.682169000000027], [102.38249000000005, 22.678447999999992], [102.38514999999995, 22.67323299999998], [102.38833, 22.665785000000035], [102.40402000000003, 22.643427000000024], [102.41655100000017, 22.640840000000026], [102.41788, 22.63619999999998], [102.40079999999998, 22.631377999999977], [102.39063000000004, 22.621482999999984], [102.3858, 22.613311999999993], [102.38230999999999, 22.60612900000004], [102.37213999999997, 22.597470999999988], [102.34756999999999, 22.59355899999996], [102.3457569999999, 22.58373799999996], [102.35413027223468, 22.566851078595537], [102.33787382403386, 22.56071755516212], [102.32383999999998, 22.559925], [102.3209, 22.55794700000003], [102.32063000000002, 22.554971999999992], [102.31768000000002, 22.54877899999997], [102.3134, 22.54506699999997], [102.30378000000003, 22.538388999999967], [102.30163999999998, 22.53640900000001], [102.29201199999997, 22.511288000000093], [102.28743259221596, 22.504663528265286], [102.28616, 22.50584399999996], [102.28429, 22.505846000000037], [102.28082000000003, 22.503619999999977], [102.27708000000003, 22.50015399999999], [102.27574, 22.49643700000002], [102.27439999999997, 22.49247199999996], [102.27667932964091, 22.479726668227936], [102.26494600000005, 22.476168000000015], [102.26077253132887, 22.464983904574684], [102.24775400000009, 22.460738], [102.26628000000002, 22.429741], [102.26653000000002, 22.422948999999978], [102.26636719508957, 22.42203483506858], [102.26605700000013, 22.421107999999975], [102.25985999999997, 22.415520000000008], [102.23609200000008, 22.427623999999987], [102.2201790206559, 22.42718904119084], [102.21190000000003, 22.43170900000003], [102.20321886609, 22.4287313237533], [102.18535700000014, 22.434702000000136], [102.16929682767406, 22.428255659433724], [102.15813499999993, 22.429810000000025], [102.15373300000013, 22.424383000000056], [102.15455000000006, 22.41501800000004], [102.14387999999997, 22.40127899999996], [102.12975999999999, 22.411212999999982], [102.13076000000004, 22.432190000000038], [102.12694593099657, 22.434250049523005], [102.12640799999994, 22.434602000000034], [102.09517000000015, 22.444944000000064], [102.08103600000007, 22.443344000000018], [102.07314300000017, 22.447604999999967], [102.06012000000001, 22.448601000000043], [102.04453399999997, 22.458727000000053], [102.02218700000006, 22.45677899999999], [102.01300816528368, 22.445433348292973], [102.00023300000008, 22.44338900000001], [101.99653999999997, 22.434326000000024], [101.99019000000001, 22.43277400000004], [101.96508000000003, 22.430130000000034], [101.95311000000004, 22.444530000000004], [101.95131000000005, 22.44447699999997], [101.94931000000003, 22.442762000000002], [101.94795000000005, 22.44102499999999], [101.90955, 22.439576999999996], [101.90851999999995, 22.43627499999999], [101.90923, 22.43207600000002], [101.91457999999999, 22.425082999999976], [101.91368999999997, 22.422253000000033], [101.91131999999999, 22.420670999999967], [101.91111999999995, 22.40088299999997], [101.90630058174483, 22.390243559628228], [101.90148999999997, 22.387536999999988], [101.89956999999998, 22.38474499999999], [101.89908000000004, 22.382021000000027], [101.89457, 22.38147], [101.88915299999988, 22.38820399999993], [101.86395000000002, 22.391054000000018], [101.86129000000003, 22.394847999999964], [101.8601872677681, 22.395322686060023], [101.85886000000013, 22.39711199999997], [101.85737999999998, 22.405364999999996], [101.85496000000003, 22.405930000000026], [101.85289, 22.405408999999995], [101.85036000000002, 22.406335999999957], [101.8475, 22.411567999999956], [101.83599526377905, 22.415472621102314], [101.83231000000002, 22.428219000000013], [101.82915000000004, 22.429646000000044], [101.82655511671234, 22.432615163851008], [101.82655400000002, 22.432618000000012], [101.82637500000013, 22.43434599999999], [101.82537599999998, 22.43789899999998], [101.82795999999999, 22.458733000000016], [101.82094999999995, 22.466141000000025], [101.81853000000001, 22.466349000000005], [101.81293999999997, 22.46774299999997], [101.81194065749699, 22.46863970732694], [101.80816883651825, 22.475584157789438], [101.8094990000001, 22.48537600000001], [101.79896999999997, 22.484544999999997], [101.78907000000001, 22.49635100000001], [101.77683000000005, 22.504426999999957], [101.77243999999999, 22.503630000000005], [101.76710999999997, 22.50513300000002], [101.76514000000003, 22.506993999999988], [101.76263000000002, 22.508513999999987], [101.75862999999998, 22.507942], [101.75443000000003, 22.502607000000005], [101.75322, 22.498117000000025], [101.74914999999996, 22.496117000000012], [101.73866000000004, 22.499830000000006], [101.72828700000011, 22.49774900000004], [101.72976329300573, 22.491356620050936], [101.72469000000002, 22.48291600000004], [101.72282999999996, 22.48154999999999], [101.72013000000003, 22.481406999999972], [101.71773000000005, 22.48220799999999], [101.71575, 22.48394999999997], [101.71383999999998, 22.484374999999964], [101.70622, 22.473908999999978], [101.67300000000003, 22.476994999999963], [101.67142000000004, 22.476095000000015], [101.67066999999997, 22.473496999999995], [101.67757000000005, 22.463234000000018], [101.67544000000002, 22.461521000000037], [101.67320999999998, 22.460286999999987], [101.67085000000003, 22.458792000000013], [101.66620300000002, 22.446956000000093], [101.66770200000016, 22.44562000000004], [101.66832212632325, 22.444591086404472], [101.66813000000005, 22.442307000000014], [101.66199999999999, 22.430355], [101.66596716993433, 22.42549648499413], [101.66505000000002, 22.42344899999996], [101.66271999999998, 22.41959400000003], [101.64865999999998, 22.414480000000022], [101.65395400000004, 22.395574999999987], [101.6676499646571, 22.383659402756248], [101.66973, 22.374216000000033], [101.66784000000003, 22.371777000000023], [101.66397, 22.368095000000018], [101.65004999999996, 22.366317999999982], [101.64821999999998, 22.36542699999998], [101.64576000000002, 22.361694000000018], [101.65113975785263, 22.335047115810166], [101.63231000000005, 22.317148000000028], [101.62558, 22.302710000000022], [101.62704000000001, 22.285003999999983], [101.62296000000003, 22.277424000000043], [101.62097999999997, 22.276059999999983], [101.61789000000002, 22.275809999999993], [101.61615000000003, 22.277182000000003], [101.61212, 22.27887300000003], [101.5914, 22.27016600000001], [101.57954000000004, 22.27475000000004], [101.56586000000004, 22.275578999999976], [101.56516000000002, 22.27095000000004], [101.56443000000002, 22.268589000000002], [101.56443999999996, 22.265606000000012], [101.54910000000002, 22.246156999999997], [101.55202650071014, 22.23961484568918], [101.55185, 22.23807000000003], [101.55074, 22.23584199999998], [101.54835999999999, 22.234132999999975], [101.55689000000001, 22.22310300000004], [101.56678999999998, 22.217561999999965], [101.57116800000003, 22.19758000000008], [101.58136400000014, 22.184473999999973], [101.58560600000011, 22.183747999999945], [101.58666514498516, 22.183370954146916], [101.59011000000001, 22.178994999999965], [101.59017, 22.177442999999982], [101.58892000000004, 22.174862000000036], [101.58835000000005, 22.17344900000001], [101.59064500000014, 22.167040999999962], [101.60303, 22.156241999999956], [101.59866, 22.152575000000038], [101.59633999999998, 22.148956000000005], [101.60124000000005, 22.13046800000001], [101.57317000000002, 22.126301000000023], [101.57837000000004, 22.103559000000125], [101.58458577598054, 22.102154823216388], [101.5867620000001, 22.09002099999998], [101.59509999999997, 22.085554000000037], [101.59363999999997, 22.06460999999996], [101.60384267184769, 22.062406313186308], [101.61112999999997, 22.053988000000032], [101.61105999999995, 22.039316000000028], [101.61687474707429, 22.035465946494245], [101.62000000000016, 22.0135540000001], [101.63071, 22.013192999999983], [101.61871800000014, 22.003873999999954], [101.6173974283561, 21.979944009855043], [101.60136000000003, 21.970131000000034], [101.61934399999998, 21.970501000000006], [101.63558299999997, 21.954713000000034], [101.64171300000001, 21.95440500000013], [101.64634447571868, 21.95593136679584], [101.65520900000014, 21.952996000000077], [101.65581200000011, 21.95261400000009], [101.65772599999994, 21.94663999999998], [101.65929000000003, 21.943163000000062], [101.67094000000002, 21.934004000000037], [101.68949999999992, 21.948337999999964], [101.69196800000012, 21.948493], [101.69542400000007, 21.94728], [101.69939000000014, 21.9427770000001], [101.70500904985497, 21.923428851542045], [101.69727000000005, 21.90130300000009], [101.71283299999996, 21.884153000000047], [101.73820874951612, 21.87380797706425], [101.7350999999999, 21.855009000000067], [101.74242500000015, 21.844521000000036], [101.75998400000012, 21.835174000000087], [101.76923160348078, 21.838781927460523], [101.78295293567373, 21.82514920263799], [101.77151000000005, 21.81839799999999], [101.77013, 21.79992100000002], [101.75719000000004, 21.779621000000024], [101.75800000000001, 21.774582000000006], [101.75960999999998, 21.767012000000005], [101.75912000000002, 21.76404799999999], [101.75591, 21.75712199999998], [101.75158999999996, 21.754530000000013], [101.74861999999999, 21.753394999999983], [101.74575000000002, 21.75194400000001], [101.74592999999999, 21.730707000000024], [101.74834800000005, 21.726122999999994], [101.75810300000009, 21.723812000000095], [101.77007, 21.712211999999983], [101.77144000000004, 21.705007999999978], [101.76935999999998, 21.700786999999963], [101.76856999999998, 21.697116999999974], [101.7731495998657, 21.684057209189053], [101.77042800000005, 21.66308099999997], [101.7808921426186, 21.65682975927544], [101.78087205954614, 21.655911613592846], [101.78025859088157, 21.651419532296398], [101.77944200000016, 21.647014000000006], [101.78230699999997, 21.637774999999934], [101.79287400000007, 21.645016999999974], [101.80119300000004, 21.642371000000068], [101.80265100000005, 21.64348300000006], [101.80597800000001, 21.646667000000072], [101.809647, 21.646969000000013], [101.81148899999991, 21.62801100000012], [101.81369500000008, 21.626619000000055], [101.81591899999998, 21.625801000000052], [101.82982226939868, 21.62935007692742], [101.83041999999996, 21.62877799999999], [101.83370271600006, 21.62615548482226], [101.83480500000005, 21.62159100000006], [101.82551999999998, 21.601997000000036], [101.82544000000003, 21.590432999999972], [101.80872000000004, 21.58684300000003], [101.80771999999999, 21.584016999999974], [101.80812999999998, 21.581451000000026], [101.80549999999998, 21.579516999999967], [101.80172000000005, 21.577500999999963], [101.77607000000005, 21.57982800000003], [101.76548000000003, 21.586040000000025], [101.74860000000001, 21.581497000000013], [101.74685, 21.572613000000004], [101.74783685557094, 21.57035167824793], [101.74794099999994, 21.569359000000063], [101.76146999999996, 21.558866999999967], [101.75516999999996, 21.550425000000025], [101.75405000000003, 21.544857000000025], [101.7601020000001, 21.529311000000092], [101.77183600000002, 21.525060999999987], [101.77745000000002, 21.517925000000012], [101.77672000000001, 21.51544599999998], [101.77112999999997, 21.512659000000042], [101.76701000000004, 21.511728000000016], [101.76162999999997, 21.50129899999998], [101.73546999999996, 21.48356099999996], [101.74475457509112, 21.46422453481421], [101.74008999999995, 21.45847300000002], [101.75067600000001, 21.45350400000011], [101.75417457346347, 21.44238894784641], [101.74477000000002, 21.431931000000034], [101.75092800000007, 21.418652], [101.75136877373325, 21.409371269556207], [101.74891498791487, 21.4073493500419], [101.73942999999997, 21.409450999999965], [101.73749999999998, 21.40570100000002], [101.7418510961692, 21.38058301700044], [101.737496, 21.372801000000038], [101.73795320676756, 21.36575381851101], [101.73340999999996, 21.36169099999997], [101.72842, 21.35780499999996], [101.72609999999997, 21.35406700000003], [101.74065400000009, 21.31225700000011], [101.76001999999998, 21.289154000000007], [101.76027866156949, 21.28910809842653], [101.76089500000009, 21.28850399999996], [101.76474099999999, 21.287460999999993], [101.77954200000008, 21.292758999999947], [101.78483200000008, 21.289727999999982], [101.78795699999992, 21.288501999999973], [101.79744000000002, 21.292153999999982], [101.80146000000002, 21.272222999999965], [101.80937600000013, 21.26207799999998], [101.84278063899072, 21.25596736923193], [101.835046, 21.2253910000001], [101.83579700000006, 21.222698000000037], [101.83698700000011, 21.220777000000076], [101.83982811195594, 21.217669857375995], [101.83922000000004, 21.21458199999998], [101.83944000000002, 21.210640000000044], [101.83767999999998, 21.20783800000002], [101.83319955648122, 21.206713864769874], [101.82899686101766, 21.206272620794383], [101.82658105712028, 21.20606980143734], [101.82574200000015, 21.209505000000014], [101.82487900000015, 21.21364799999997], [101.82296800000013, 21.214834000000046], [101.82045400000013, 21.214587000000037], [101.8157540000001, 21.214673000000047], [101.79143200000013, 21.206839000000052], [101.78522000000004, 21.196173000000037], [101.78638000000001, 21.179268000000015], [101.78134, 21.17049399999996], [101.77854445640835, 21.164936768880946], [101.77826509378403, 21.16465804245696], [101.77301, 21.162072999999978], [101.76982999999996, 21.158841999999986], [101.75854000000001, 21.143127000000014], [101.74448000000001, 21.147423000000018], [101.72018, 21.14335800000003], [101.71664000000001, 21.143954999999956], [101.71129000000002, 21.148726000000003], [101.69645000000006, 21.150796000000035], [101.69584767776513, 21.152500054205422], [101.69564438306156, 21.154010533852738], [101.69637300000008, 21.15654200000011], [101.69904000000012, 21.1589550000001], [101.70200700000012, 21.164075000000068], [101.69970800000007, 21.171385999999956], [101.68345999999995, 21.181694000000014], [101.67449999999997, 21.20334800000004], [101.67059, 21.204194999999956], [101.66404999999997, 21.202984000000033], [101.64751000000004, 21.19578599999999], [101.63395000000011, 21.200169000000088], [101.61234258162727, 21.1776773221901], [101.59632800099553, 21.177924677256307], [101.58586452471144, 21.18954232521258], [101.602139, 21.208776000000093], [101.60286454283542, 21.22108785535247], [101.6122510000001, 21.22466399999999], [101.61394999999999, 21.229656000000027], [101.60275000000001, 21.23981100000004], [101.5881562828111, 21.235242095815362], [101.58382000000005, 21.24032200000004], [101.55395999999998, 21.25121300000002], [101.52972000000003, 21.256307999999965], [101.52649000000002, 21.252580999999967], [101.52335000000002, 21.250059000000018], [101.51778000000003, 21.250838999999985], [101.51376000000005, 21.25216500000001], [101.50995, 21.252409000000036], [101.50615000000002, 21.249550000000003], [101.50173999999998, 21.247309000000033], [101.48512000000002, 21.248328999999963], [101.46552000000003, 21.23798900000001], [101.45265, 21.227190000000004], [101.44877000000004, 21.23008899999997], [101.44347000000002, 21.23145300000003], [101.40578000000001, 21.227059999999994], [101.40082999999998, 21.230800999999996], [101.39829999999999, 21.231119000000017], [101.38562999999999, 21.228900999999997], [101.38105000000002, 21.225585999999982], [101.37979000000004, 21.22240399999996], [101.37563000000002, 21.220031999999986], [101.37089999999998, 21.219467000000044], [101.36347999999995, 21.219372], [101.3598830196558, 21.20969515419729], [101.35748854171837, 21.20886878408149], [101.3564262688629, 21.208683736305808], [101.35295, 21.209562000000023], [101.32920000000001, 21.193011999999975], [101.31327000000002, 21.195782000000015], [101.30859000000004, 21.193066], [101.30155999999995, 21.18481399999997], [101.29770673669712, 21.180543461198717], [101.29690556516702, 21.180212454411404], [101.28807999999998, 21.177719000000014], [101.28388000000002, 21.17785100000001], [101.27805000000001, 21.18686500000003], [101.27641999999997, 21.191093000000002], [101.27435999999997, 21.193902999999978], [101.25481000000003, 21.198690000000017], [101.24749000000003, 21.203811999999974], [101.24793000000003, 21.212749000000017], [101.24509999999998, 21.21558200000003], [101.23824999999997, 21.219616000000027], [101.23204000000004, 21.223986000000025], [101.22599999999997, 21.233006000000007], [101.22362999999999, 21.234510000000014], [101.22012000000001, 21.232113000000016], [101.21869, 21.231441000000014], [101.21693000000003, 21.232212000000036], [101.21576999999998, 21.235230999999985], [101.22683000000009, 21.245449000000058], [101.2245910000001, 21.25658800000013], [101.22685300000003, 21.258081000000026], [101.23114100000001, 21.258202999999995], [101.23185800000007, 21.26430900000001], [101.23434500000016, 21.266184000000074], [101.23951000000002, 21.27013200000006], [101.24148599999992, 21.277756999999994], [101.24414900000008, 21.278479999999952], [101.24728500000012, 21.282833000000053], [101.24976, 21.295450000000024], [101.24324000000001, 21.305512999999973], [101.24030000000002, 21.30847000000003], [101.21588999999996, 21.31328799999997], [101.21084000000002, 21.321561999999957], [101.20857999999998, 21.322467999999958], [101.20590000000001, 21.322432], [101.20222, 21.321918000000014], [101.19175999999997, 21.332150000000002], [101.18899999999996, 21.333071], [101.18580999999998, 21.333288000000014], [101.18289999999999, 21.33349799999998], [101.1809391741654, 21.33592169385617], [101.18068718654317, 21.336858164911717], [101.17977000000002, 21.342307999999996], [101.18250999999997, 21.35149800000001], [101.16402313990582, 21.366182286537047], [101.16289, 21.38019900000002], [101.14430930079172, 21.40090639990307], [101.14415428216462, 21.401209583481847], [101.14203000000005, 21.40650600000001], [101.14090277930602, 21.40857940291284], [101.14131999999992, 21.409927000000003], [101.1431890000001, 21.411813999999993], [101.14690899999997, 21.414419999999964], [101.16842940022377, 21.42091812298242], [101.17894800000012, 21.414702000000027], [101.18244404813768, 21.420755335608796], [101.18347679354875, 21.421298733427893], [101.18623100000018, 21.421875999999948], [101.19117099999991, 21.424664999999962], [101.19881900000006, 21.441195999999948], [101.19076655917677, 21.44506861156302], [101.19188999999997, 21.47598599999999], [101.22262200000009, 21.50278800000008], [101.210564, 21.502951999999972], [101.20869960009443, 21.503887589770784], [101.20625000000001, 21.50680899999998], [101.20519172192391, 21.509468955674812], [101.2052675506997, 21.529068241981427], [101.21520599999994, 21.533982000000037], [101.20912074824128, 21.543088639522598], [101.20926399999999, 21.543832000000037], [101.21200600000012, 21.548397000000094], [101.20895000000004, 21.56049000000005], [101.18253999999996, 21.55711900000002], [101.16987000000005, 21.563005000000043], [101.14789000000005, 21.563657999999982], [101.14627000000004, 21.564900999999978], [101.14272000000003, 21.56882500000002], [101.14152999999997, 21.571249000000034], [101.14809, 21.587399000000026], [101.16698800000015, 21.593310000000074], [101.17101700000009, 21.603370999999946], [101.16145700000001, 21.621056000000024], [101.1598220000001, 21.63105799999999], [101.16289100000009, 21.639397000000024], [101.15603117165446, 21.650285916722364], [101.15342000000001, 21.672299999999986], [101.14924999999995, 21.67362400000002], [101.14149000000003, 21.674162000000038], [101.1341631252867, 21.676762856430884], [101.127759, 21.683930000000004], [101.12658300000012, 21.690219000000063], [101.11673000000006, 21.69179000000002], [101.11945399999993, 21.71702199999997], [101.11285999999996, 21.755686000000004], [101.11394999999999, 21.76114299999997], [101.11899, 21.769819], [101.12327999999997, 21.77450800000001], [101.12276, 21.777627999999968], [101.12074999999996, 21.778645000000004], [101.09997999999999, 21.779886000000012], [101.08359999999996, 21.77573600000001], [101.07969000000003, 21.76976800000004], [101.0781, 21.764685000000025], [101.04802000000002, 21.743237999999984], [101.04374000000001, 21.73787699999997], [101.04143999999997, 21.734127000000022], [101.03789999999998, 21.731251000000004], [101.01983000000001, 21.725831999999986], [101.01388999999998, 21.720281999999965], [101.01238000000001, 21.713641999999997], [101.01213000000001, 21.711207999999957], [100.98068, 21.70630999999997], [100.97742000000002, 21.704377999999988], [100.97467000000003, 21.702431000000008], [100.97128999999997, 21.700622999999982], [100.94142200000003, 21.700833999999944], [100.9212420000001, 21.688641999999966], [100.9125490000001, 21.688797], [100.91162900000009, 21.686612000000046], [100.91165077613636, 21.68647302109202], [100.90645999999998, 21.688258999999984], [100.90307999999999, 21.690271000000013], [100.89951000000002, 21.690256000000016], [100.89264999999997, 21.68771400000001], [100.89033999999998, 21.687304000000015], [100.88786000000005, 21.68916899999996], [100.88586000000002, 21.690781000000023], [100.88194000000004, 21.68779199999998], [100.87947999999999, 21.687029], [100.8788397227016, 21.68155598179718], [100.86807299999995, 21.67554999999995], [100.84411999999995, 21.640256000000043], [100.83421999999999, 21.63777700000001], [100.81428999999996, 21.620531000000017], [100.81058999999998, 21.62039900000002], [100.8083665260296, 21.618442455772765], [100.80574500000003, 21.61799399999998], [100.80670299999989, 21.61357900000008], [100.80667214492618, 21.611782698094814], [100.80062200000006, 21.603903000000088], [100.79350000000001, 21.57367099999997], [100.79099, 21.57123800000001], [100.78764000000001, 21.57013900000003], [100.77124000000003, 21.568103999999963], [100.76655999999996, 21.557371], [100.76311999999999, 21.55770899999999], [100.75968999999996, 21.55816499999997], [100.75698, 21.557166999999996], [100.75172, 21.55266000000003], [100.72374000000005, 21.513407000000026], [100.71804999999999, 21.511060999999984], [100.71131, 21.511728000000016], [100.70806999999998, 21.513970999999973], [100.70299999999997, 21.515067999999967], [100.69121999999999, 21.509788999999987], [100.68351399999992, 21.501117000000022], [100.67995643868345, 21.488718834433737], [100.67723000000001, 21.485673999999996], [100.67135000000003, 21.48118000000004], [100.64236, 21.48390000000003], [100.63553999999998, 21.481820999999965], [100.60853, 21.463720000000016], [100.60392000000003, 21.463131000000043], [100.59778000000004, 21.462582000000005], [100.58112999999997, 21.45217100000004], [100.57472999999997, 21.45127299999999], [100.56942000000001, 21.452849999999998], [100.56367000000004, 21.45671099999998], [100.55836, 21.458169999999996], [100.55147999999997, 21.458117999999956], [100.53421000000003, 21.472237000000035], [100.50861, 21.468721], [100.48277000000002, 21.457499999999982], [100.47647020725202, 21.461613547430222], [100.46051999999997, 21.48891600000001], [100.46194999999999, 21.502256000000028], [100.45757999999998, 21.509540999999984], [100.45339999999999, 21.514668999999994], [100.44958000000003, 21.514770999999996], [100.44525999999999, 21.51560200000001], [100.42935999999999, 21.541821999999996], [100.42731, 21.54139899999999], [100.41727, 21.538796999999995], [100.40258000000003, 21.533931999999986], [100.39321000000004, 21.527967], [100.38852999999997, 21.52498400000001], [100.38377000000003, 21.527738999999965], [100.37370000000004, 21.532541000000002], [100.36149, 21.533816999999974], [100.35384000000003, 21.534017999999996], [100.34815600000012, 21.53186599999993], [100.32678656593046, 21.508071573692508], [100.32269, 21.50782999999999], [100.31776999999997, 21.505567999999972], [100.29417000000004, 21.483716999999988], [100.29027999999997, 21.481667000000012], [100.28873999999999, 21.48146799999998], [100.28075100000005, 21.486708000000107], [100.2697840000001, 21.473841999999962], [100.25710300000006, 21.47345700000008], [100.24642199999997, 21.467452999999978], [100.23463500000011, 21.47017099999998], [100.2291680000001, 21.475429], [100.23285999999996, 21.48332399999998], [100.22512000000002, 21.489255999999987], [100.21835999999999, 21.49372899999998], [100.21485071969931, 21.49541780627507], [100.203362, 21.51399099999994], [100.19034600000006, 21.515338000000014], [100.17705999999998, 21.52177199999999], [100.16782500000015, 21.485286000000045], [100.15560200000002, 21.49595000000007], [100.13092116163274, 21.50793563692764], [100.12979000000003, 21.51123999999996], [100.12539999999997, 21.51875700000002], [100.12427, 21.54172700000004], [100.12156999999998, 21.545855999999993], [100.11991000000003, 21.550199999999972], [100.12314999999997, 21.55657199999997], [100.12533999999998, 21.561536999999994], [100.12479999999998, 21.569675000000007], [100.12269, 21.576179999999997], [100.1068500000001, 21.593911999999968], [100.11243799999997, 21.603220000000064], [100.13165300000007, 21.61519300000004], [100.13775300000012, 21.63512399999997], [100.15147800000003, 21.648698000000074], [100.17371800000004, 21.651461999999974], [100.17296000000003, 21.662710000000004], [100.16580000000002, 21.671494], [100.16346999999998, 21.67643200000001], [100.16329, 21.679065999999988], [100.15903000000004, 21.681800999999975], [100.15604000000002, 21.68474400000003], [100.15124999999999, 21.686775000000033], [100.13739000000002, 21.702655999999973], [100.11636000000001, 21.709154000000005], [100.11072000000001, 21.708578000000042], [100.10655999999999, 21.706053000000022], [100.10891000000001, 21.69882599999998], [100.10766477206874, 21.698495651910473], [100.10152099999996, 21.705604000000086], [100.09463200000009, 21.70678700000009], [100.08685999999999, 21.696264000000006], [100.08194999999998, 21.694234999999992], [100.07734000000002, 21.69410899999996], [100.07274000000001, 21.693983000000014], [100.06834, 21.691939999999995], [100.05738, 21.684083999999956], [100.05140000000003, 21.68040700000001], [100.04614221472993, 21.669603952178814], [100.04431200000002, 21.67355299999992], [100.04307299999991, 21.675275000000113], [100.04122299999997, 21.67697900000006], [100.02961999999997, 21.678547000000034], [100.03459999999998, 21.692049000000043], [100.02867999999998, 21.69960199999997], [100.02071999999995, 21.698361999999957], [100.01536999999996, 21.698968999999998], [99.99029391806887, 21.708363847546494], [99.98408500000002, 21.717064999999977], [99.97573900000012, 21.741042000000007], [99.97335800000003, 21.76699999999999], [99.96839899999998, 21.772616999999958], [99.963455, 21.77871099999996], [99.96244000000004, 21.78829599999997], [99.96091499999997, 21.797893999999992], [99.94950100000007, 21.808286000000074], [99.94425999999996, 21.824090000000126], [99.94754899999995, 21.8431950000001], [99.94625500000008, 21.862864000000023], [99.96309700000003, 21.88439799999998], [99.96247100000002, 21.90807299999998], [99.98258200000001, 21.92240500000001], [99.98027100000012, 21.938131999999996], [99.98990700000017, 21.962927999999934], [99.99918399999993, 21.975223000000085], [99.98823200000014, 21.995919999999977], [99.97899299999997, 22.001647000000077], [99.96344241396068, 22.02053834520797], [99.96221900000005, 22.02644200000002], [99.960312, 22.031746000000027], [99.96178400000002, 22.038640999999956], [99.97243900000011, 22.054358000000093], [99.95476265529899, 22.05280578603944], [99.93573400000017, 22.06199500000013], [99.91820672212344, 22.05593881575137], [99.90498399999998, 22.06940800000002], [99.88377400000002, 22.071824999999986], [99.87397799999997, 22.06966800000004], [99.86716499999997, 22.064092999999993], [99.86097700000002, 22.062805000000004], [99.86027500000002, 22.055889000000025], [99.87754070239617, 22.040660896882866], [99.86841300000012, 22.03865800000012], [99.86791806189086, 22.037878174834788], [99.866692, 22.037570999999975], [99.864983, 22.03115799999996], [99.85975599999998, 22.027455999999987], [99.85447167376437, 22.027376077680913], [99.83249700000007, 22.03026300000007], [99.83514399999999, 22.038687999999937], [99.81876800000012, 22.048559000000076], [99.81723100000013, 22.048445000000058], [99.81569299999998, 22.04850800000012], [99.81231000000011, 22.049027000000073], [99.80821199999997, 22.05448199999996], [99.78268434361149, 22.05516524920846], [99.76092500000003, 22.071121], [99.74091000000007, 22.074543000000077], [99.734711, 22.068615000000044], [99.720039, 22.06631999999996], [99.71891799999997, 22.062521000000043], [99.72022999999999, 22.053885000000037], [99.72057300000004, 22.047663000000014], [99.717659, 22.04390300000004], [99.6993053360961, 22.04216800739481], [99.68826462998871, 22.04747992179755], [99.69400100000016, 22.05844400000013], [99.69128399999997, 22.074382999999983], [99.687012, 22.077586999999962], [99.68395999999998, 22.078613000000033], [99.67648300000003, 22.076869999999968], [99.67089100000001, 22.07866899999996], [99.66202200000008, 22.089681999999996], [99.6535880000001, 22.09271800000002], [99.65084499999998, 22.10538800000011], [99.6482399999999, 22.10614199999997], [99.63535800000012, 22.105327000000038], [99.61482199999998, 22.09468299999998], [99.59765600000003, 22.11538300000003], [99.59294900000003, 22.11189999999997], [99.59119987038972, 22.109320106826832], [99.58975802654629, 22.10814797970054], [99.58409899999998, 22.106595999999964], [99.58074199999996, 22.105713], [99.57433300000001, 22.10561599999997], [99.56847042882269, 22.107283657609575], [99.56448800000007, 22.11724700000007], [99.55947499999999, 22.118363999999943], [99.55315400000003, 22.109903000000028], [99.53855899999999, 22.110698999999986], [99.52178335900962, 22.09874834301385], [99.50031096963505, 22.115536707804647], [99.49543500000007, 22.126405000000013], [99.48775900000001, 22.129050000000014], [99.48012500000004, 22.137294999999998], [99.46090700000005, 22.127663000000005], [99.44935043869906, 22.11552222275824], [99.44647999999997, 22.11457599999996], [99.43746900000002, 22.113093999999997], [99.43399000000002, 22.107189], [99.43391400000004, 22.10384399999999], [99.4257660000001, 22.110216999999984], [99.41499799999998, 22.10761499999999], [99.40800883717966, 22.09987347184857], [99.39094839358307, 22.100234453114872], [99.3660780000001, 22.107406000000104], [99.36366934317803, 22.105539640951285], [99.362648, 22.105088999999975], [99.35985822801501, 22.094427145275993], [99.342232, 22.09881200000002], [99.32461171952423, 22.094924041728955], [99.32402788751926, 22.09527969296506], [99.32129700000004, 22.099644000000026], [99.31763900000007, 22.102439000000004], [99.30231500000002, 22.102733999999987], [99.29780599999998, 22.109498999999996], [99.294296, 22.112918999999994], [99.29122899999999, 22.113459], [99.28402699999998, 22.112648000000043], [99.2717156190061, 22.101630070228303], [99.25377699999996, 22.113253000000007], [99.2293189654932, 22.117504527825623], [99.21425380373859, 22.12612032956097], [99.21266900000003, 22.13296099999996], [99.20233900000002, 22.13005400000004], [99.18872799999997, 22.140844000000012], [99.16684800000016, 22.15001900000003], [99.15528100000003, 22.162896000000018], [99.15897100000015, 22.16935200000004], [99.18769800000001, 22.163426999999988], [99.2033210000001, 22.170670999999928], [99.20104999999995, 22.175364000000005], [99.191002, 22.170610000000032], [99.1761250000001, 22.17857500000003], [99.1772050000001, 22.18200600000005], [99.18043200000002, 22.18257], [99.18089700000004, 22.18558199999999], [99.17905500000013, 22.187161000000074], [99.17752500000002, 22.190027000000065], [99.17721600000003, 22.19131700000004], [99.18350999999997, 22.194121999999957], [99.19226800000004, 22.206625], [99.19530499999996, 22.204890999999968], [99.197388, 22.20604699999996], [99.19597599999997, 22.211813], [99.19656400000004, 22.214911], [99.198952, 22.21845099999998], [99.20387300000003, 22.220265999999963], [99.20650200000003, 22.233253000000083], [99.22237500000003, 22.236879999999978], [99.23209100000004, 22.246220000000058], [99.23479500000005, 22.258484000000042], [99.23262000000003, 22.264505000000042], [99.23124700000002, 22.271707999999965], [99.23342100000005, 22.277164000000024], [99.23584700000004, 22.28189800000003], [99.23621400000003, 22.28667399999996], [99.23220800000004, 22.29395800000001], [99.23299500000005, 22.299118000000092], [99.24730300000013, 22.313204000000106], [99.25711799999999, 22.33527899999997], [99.27901499999996, 22.349024000000014], [99.28099100000003, 22.356636000000027], [99.28058600000001, 22.361424999999965], [99.24945100000005, 22.38661100000011], [99.25006099999999, 22.395215000000043], [99.27476500000003, 22.39813199999999], [99.29725300000015, 22.413928999999996], [99.30788500000001, 22.427415000000103], [99.31172200000006, 22.438874000000006], [99.33024200000003, 22.446505999999985], [99.35298899999998, 22.471192999999964], [99.35976400000003, 22.474875999999963], [99.36318200000004, 22.477914999999967], [99.36697800000015, 22.48739599999999], [99.38087500000015, 22.496444000000068], [99.37902500000003, 22.505901999999963], [99.36719974723744, 22.51339861816096], [99.36490600000005, 22.517332000000042], [99.35992400000003, 22.52389299999996], [99.36006900000004, 22.529866999999978], [99.36048899999997, 22.536554000000017], [99.36477700000003, 22.54363800000004], [99.36959800000002, 22.551428000000037], [99.36996328679888, 22.55344529531936], [99.38540700000014, 22.572573000000048], [99.38340800000012, 22.587195], [99.37548738801846, 22.598745502341252], [99.37453499999995, 22.611632999999983], [99.36044000000001, 22.646671000000026], [99.3625870000001, 22.664158000000064], [99.34913700000013, 22.673883000000025], [99.34107999999998, 22.712132999999998], [99.31734500000007, 22.730336000000037], [99.31310578404465, 22.736508739489633], [99.31433100000001, 22.740666999999956], [99.31483144124907, 22.741890773200154], [99.3189360000001, 22.743973000000025], [99.32168999999996, 22.744972999999987], [99.32522599999996, 22.752413000000068], [99.34022600000011, 22.754148999999998], [99.34333500000004, 22.76033399999998], [99.35544599999997, 22.75714300000001], [99.36561599999999, 22.765199999999982], [99.38557400000002, 22.764656000000002], [99.388557, 22.770691000000006], [99.38662000000014, 22.791034000000096], [99.39066300000017, 22.806521999999937], [99.39081600000004, 22.809386000000117], [99.39081600000004, 22.811392000000005], [99.38898110011752, 22.814701105742316], [99.39872000000005, 22.82817300000007], [99.41695800000015, 22.827028000000013], [99.4216010000001, 22.83318899999996], [99.44186000000016, 22.84550900000005], [99.46282600000009, 22.84587299999997], [99.46215799999999, 22.85483600000003], [99.45145100000005, 22.86256500000013], [99.45248399999998, 22.875127999999986], [99.437153, 22.914189999999998], [99.44114699999996, 22.943301999999996], [99.475426, 22.926774999999985], [99.48378000000002, 22.92073200000003], [99.48944900000004, 22.915347999999977], [99.51517944929347, 22.909734881026353], [99.52322400000003, 22.902863000000004], [99.53464599999998, 22.901341000000016], [99.54410600000004, 22.907656000000006], [99.55488599999998, 22.905622000000022], [99.55880700000004, 22.908907000000042], [99.55936100000005, 22.92089899999999], [99.56414500000002, 22.930799999999948], [99.56238700000014, 22.945194000000043], [99.54551799999999, 22.96382100000008], [99.53405400000011, 22.96426100000007], [99.53508800000004, 22.974818000000127], [99.52171950463547, 22.990622430331328], [99.52184299999999, 23.013394999999978], [99.51787600000003, 23.019701000000023], [99.51486199999997, 23.02311299999998], [99.52140000000001, 23.026315999999966], [99.52000940381834, 23.03001849832221], [99.51995030568503, 23.030194613974405], [99.51980600000002, 23.034479000000005], [99.52375000000004, 23.03725999999998], [99.52638200000001, 23.03911599999998], [99.52574900000005, 23.044627999999964], [99.52532199999999, 23.04798499999999], [99.53170000000003, 23.054775000000024], [99.523698, 23.073847000000022], [99.52115093650636, 23.075536747056432], [99.51948500000002, 23.077646000000026], [99.513702, 23.083752000000043], [99.50829300000001, 23.084351000000044], [99.500504, 23.08261099999996], [99.49453700000002, 23.081786999999995], [99.48941799999996, 23.083334000000008], [99.48300199999997, 23.085149999999985], [99.47916400000003, 23.08643000000002], [99.47395299999998, 23.084633000000018], [99.46823899999998, 23.083563000000037], [99.46391299999998, 23.086048000000034], [99.46005199999999, 23.08637200000002], [99.43833200000002, 23.085412999999985], [99.40557900000003, 23.09783899999996], [99.39793263233877, 23.097562580712058], [99.39606499999994, 23.098460000000095], [99.39116085438954, 23.099639108959543], [99.38834399999996, 23.100600999999962], [99.38479600000004, 23.10330800000003], [99.38155400000002, 23.10791999999998], [99.37898999999997, 23.108930999999963], [99.37309300000001, 23.110492999999973], [99.36859899999997, 23.116803999999988], [99.36261000000005, 23.12530100000004], [99.344673, 23.136916999999965], [99.34021799999998, 23.134382000000006], [99.32793900000017, 23.137121999999962], [99.32176199999996, 23.119471000000033], [99.32477600000004, 23.116057999999992], [99.32508695636184, 23.112297469655005], [99.3245697167167, 23.111005603239118], [99.30767800000004, 23.103746000000033], [99.304291, 23.10262100000003], [99.300476, 23.104852999999967], [99.29205299999995, 23.109095000000032], [99.28582, 23.10778999999997], [99.28569009101581, 23.107736080430715], [99.28365000000005, 23.10791300000011], [99.27222668935401, 23.10030125076715], [99.26206300000014, 23.102588000000054], [99.26264524114752, 23.084061442983813], [99.25826700000012, 23.081409999999977], [99.24755616578324, 23.080790018250216], [99.23953200000003, 23.08459699999997], [99.23139600000009, 23.09450199999999], [99.21991971492362, 23.090917238019134], [99.20461299999997, 23.11150000000007], [99.1970370000001, 23.110119000000026], [99.19038206937353, 23.103999968907804], [99.18542499999997, 23.10548400000004], [99.18056500000002, 23.10749599999998], [99.15804300000002, 23.105555999999957], [99.14208200000004, 23.108028000000033], [99.132675, 23.10367200000004], [99.12744899999998, 23.10114500000003], [99.12436699999996, 23.10192300000001], [99.11846900000002, 23.103952000000024], [99.11511199999998, 23.104018999999973], [99.11255599999998, 23.09378599999999], [99.10942100000003, 23.092412999999986], [99.10581999999997, 23.09320299999998], [99.10095199999998, 23.09497299999997], [99.097939, 23.098618000000023], [99.09416200000004, 23.102996999999966], [99.04764600000003, 23.12302600000001], [99.05020100000004, 23.144739000000033], [99.06231699999995, 23.166026999999975], [99.06298100000001, 23.172471999999974], [99.06095900000003, 23.174663999999975], [99.06050818041535, 23.174377898220907], [99.06005200000013, 23.175080000000023], [99.0596218309712, 23.173815397918393], [99.05912799999997, 23.17350200000002], [99.05508400000004, 23.166406999999975], [99.03421502311043, 23.160538156451057], [99.02052300000003, 23.167318000000034], [99.01377899999997, 23.16625200000003], [99.00727799999996, 23.16470100000004], [99.00182299999999, 23.16361000000001], [98.97238899999999, 23.174212999999963], [98.96362299999998, 23.175097000000008], [98.95820600000003, 23.17591500000001], [98.949547, 23.181818000000018], [98.92093799999995, 23.188102000000107], [98.90681099999992, 23.18790200000008], [98.90052499999993, 23.179896000000063], [98.89380962653969, 23.18026031264829], [98.888428, 23.18301600000002], [98.885155, 23.187140999999997], [98.89405100000002, 23.203719999999958], [98.888924, 23.213296000000113], [98.91124, 23.23329899999996], [98.91319300000004, 23.23995999999998], [98.91153000000003, 23.24668700000004], [98.911667, 23.25290300000001], [98.9275220000001, 23.26788900000006], [98.92329461563459, 23.294175890956378], [98.92358908833441, 23.294715689122633], [98.92416929433998, 23.295109994779736], [98.92605600000002, 23.29584299999999], [98.93066400000001, 23.29336500000004], [98.93400600000002, 23.29234700000001], [98.93618400000011, 23.305252000000095], [98.94465299999999, 23.30956599999999], [98.94396383253243, 23.30980846978193], [98.94396999999995, 23.31009699999996], [98.94352699999999, 23.31369199999996], [98.9072800000001, 23.334958000000036], [98.894932, 23.335875999999963], [98.88152300000004, 23.33087000000001], [98.87919599999998, 23.33091400000001], [98.877159, 23.33262400000001], [98.89196500000017, 23.342607], [98.90203364459363, 23.357945556094414], [98.90946199999998, 23.353423999999986], [98.9188849999999, 23.353875000000087], [98.92040999999998, 23.38024700000004], [98.91014100000002, 23.396462999999986], [98.91851100000005, 23.420854000000077], [98.90735700000008, 23.437172000000025], [98.89737978237048, 23.445603869559037], [98.89704900000001, 23.44731999999999], [98.89795700000018, 23.450591000000095], [98.89780500000003, 23.453395000000107], [98.8917010000001, 23.465537000000033], [98.87456499999996, 23.48715999999998], [98.84937300000004, 23.484753000000044], [98.84752699999999, 23.48311199999998], [98.84822799999998, 23.479511000000016], [98.84638999999996, 23.47858800000003], [98.8260082275493, 23.479917004336745], [98.81921224307837, 23.485033852366207], [98.81805900000009, 23.498387999999956], [98.80083199999999, 23.539741000000078], [98.80963200000006, 23.544019000000013], [98.81897718837317, 23.556837608064715], [98.83278300000015, 23.562659999999966], [98.84254224320321, 23.578489937680377], [98.86098900000005, 23.580182000000057], [98.86512100000007, 23.58698899999999], [98.87560700000003, 23.588813000000094], [98.87817100000017, 23.590346000000103], [98.88176800000006, 23.593304999999972], [98.89085000000003, 23.60550500000008], [98.89146099999996, 23.61008900000011], [98.89094200000008, 23.614331000000085], [98.878098, 23.625271000000033], [98.86046471404336, 23.628669332513915], [98.84620345544478, 23.64255778818681], [98.83885999999998, 23.687222000000027], [98.819931, 23.69546099999996], [98.81787572907935, 23.699076989937925], [98.81979800000002, 23.716927000000062], [98.82999099999998, 23.72795500000001], [98.82747700000006, 23.730643000000015], [98.82494000000011, 23.73290400000004], [98.82271700000004, 23.73565300000012], [98.81520900000001, 23.752222000000053], [98.80618000000008, 23.760372000000082], [98.80230300000002, 23.772794999999988], [98.78662900000015, 23.78315799999998], [98.75270867486691, 23.77731413661913], [98.74754800000008, 23.780445000000036], [98.74617800000006, 23.78237500000003], [98.74647600000011, 23.783034000000022], [98.74648700000004, 23.784900999999955], [98.74523200000013, 23.784048999999982], [98.74274500000004, 23.78392100000005], [98.7407190000001, 23.784645999999995], [98.73733500000006, 23.789550000000034], [98.71769700000004, 23.793699000000043], [98.70077600000012, 23.78587599999998], [98.69682400000008, 23.78761499999998], [98.69266199999996, 23.792279999999963], [98.68919800000006, 23.80373000000001], [98.67328600000003, 23.80738999999997], [98.6770450000001, 23.812737999999975], [98.69398500000008, 23.815511000000086], [98.704083, 23.842048000000013], [98.69394400905523, 23.84720334912148], [98.693345, 23.849294999999934], [98.6932380000001, 23.851639999999982], [98.693139, 23.85513800000004], [98.69851700000008, 23.86193000000015], [98.69860900000006, 23.86514399999998], [98.69839500000003, 23.869332000000107], [98.697216, 23.870708000000093], [98.6952289999999, 23.87306999999995], [98.69430999999989, 23.87490599999998], [98.69552599999997, 23.885805], [98.68764237827867, 23.892476203511123], [98.68771000000012, 23.893858000000087], [98.68885800000007, 23.89608400000006], [98.68931600000005, 23.899015000000098], [98.68191199999993, 23.914944000000013], [98.68937699999995, 23.92097199999997], [98.69538500000002, 23.934533000000066], [98.70317500000002, 23.940035000000023], [98.69823499999993, 23.95348899999997], [98.67714310726828, 23.95475274330535], [98.6799348939312, 23.968023719838158], [98.70175199999997, 23.98479099999998], [98.72537200000002, 23.969543000000012], [98.73001764225012, 23.97058192261657], [98.73292600000005, 23.970517000000044], [98.73574500000014, 23.97165599999996], [98.74140400960755, 23.981374963134247], [98.75216699999999, 23.981981000000005], [98.76231697896041, 23.996101119326138], [98.76304300000007, 23.996319000000085], [98.76662100000007, 23.997392000000048], [98.76429400000009, 24.01517599999997], [98.77068700000005, 24.018490000000078], [98.77446000000003, 24.02596099999997], [98.80368399999989, 24.025585000000035], [98.81452600000009, 24.04215500000005], [98.84738600000011, 24.055116000000062], [98.86562400000012, 24.067235999999944], [98.86957600000008, 24.074270000000006], [98.86822600000012, 24.08465800000011], [98.88579300000012, 24.09466400000005], [98.89973499999994, 24.109944999999996], [98.89765300000008, 24.11563599999996], [98.89104915192272, 24.117577375036245], [98.89390300000012, 24.125914000000023], [98.88712300000003, 24.146178999999965], [98.88281300000003, 24.151522], [98.87951699999998, 24.15541099999999], [98.87691499999998, 24.155699000000016], [98.87242899999998, 24.15291199999999], [98.865456, 24.14395699999997], [98.85828399999997, 24.137634000000027], [98.85405000000003, 24.13484400000002], [98.846733, 24.133782999999983], [98.83863100000005, 24.132499999999965], [98.81754800000002, 24.136357999999966], [98.75414700000003, 24.127381000000078], [98.74499600000004, 24.13066200000012], [98.73544000000012, 24.127926999999957], [98.71625900000008, 24.130307999999964], [98.69911600000009, 24.110335000000113], [98.69056400000001, 24.106141000000022], [98.67876900000002, 24.10254600000011], [98.6480950000001, 24.109272999999995], [98.60633099999998, 24.087165999999968], [98.599297, 24.086807000000018], [98.59432199999996, 24.085697000000014], [98.58983700000013, 24.093956999999996], [98.55529900000008, 24.111457000000044], [98.54998800000001, 24.129737999999964], [98.5454000000001, 24.131421999999944], [98.49962700000012, 24.125655000000087], [98.49278300000005, 24.12782100000007], [98.48332700000006, 24.125300000000024], [98.46463800000012, 24.12957799999996], [98.45797400000012, 24.126721000000003], [98.415862, 24.123808000000032], [98.36304499999991, 24.112447999999972], [98.35614699999999, 24.106320999999994], [98.34909700000003, 24.10571299999996], [98.344619, 24.102670999999972], [98.34204580399083, 24.10220582912118], [98.32818599999993, 24.10603700000012], [98.29271700000002, 24.103675000000088], [98.27881, 24.109666000000004], [98.25601599999996, 24.112163000000017], [98.24811600000001, 24.110023000000055], [98.22239300000003, 24.116698999999983], [98.21078899999995, 24.11298400000009], [98.2031922869011, 24.104399814135732], [98.16680799999997, 24.107247999999956], [98.16915885777055, 24.100624408316737], [98.11003600000012, 24.095196000000016], [98.087829, 24.088490000000004], [98.08567700000003, 24.08397300000001], [98.08175599999996, 24.08330899999996], [98.07582800000002, 24.080558999999976], [98.03819899999999, 24.07269100000001], [98.01184500000002, 24.05401400000001], [97.9961210000001, 24.050260000000087], [97.99068500000001, 24.04038000000009], [97.97824100000005, 24.032412000000022], [97.93964099999991, 24.02020600000013], [97.91920900000018, 24.0231340000001], [97.9149560000001, 24.021888000000033], [97.90786400000012, 24.019228000000034], [97.90210000000016, 24.017043999999984], [97.88250600000003, 23.99939700000003], [97.88831999999996, 23.987361999999987], [97.89476700000004, 23.98297699999999], [97.89469800000002, 23.97843199999999], [97.88709900000002, 23.975173999999985], [97.88034405602838, 23.974338515033352], [97.86163400000007, 23.983070000000048], [97.84078100000005, 23.96219100000002], [97.83607399999997, 23.96081199999996], [97.83244200000001, 23.961333999999987], [97.82912300000002, 23.96591900000001], [97.82839899999999, 23.970235999999975], [97.8208970000001, 23.971876000000044], [97.81924300000003, 23.966992999999967], [97.82440799999999, 23.96382099999997], [97.827491, 23.96115300000002], [97.81763200000015, 23.953417999999957], [97.81368686312749, 23.945712601332566], [97.80980300000002, 23.948196000000074], [97.81577400000006, 23.960703000000002], [97.807731, 23.96234499999997], [97.80715099999998, 23.958043999999997], [97.80699013153387, 23.955887560717834], [97.8061950000001, 23.954110000000014], [97.79583000000012, 23.955824000000078], [97.79238200000012, 23.94523500000004], [97.76885100000004, 23.93551800000003], [97.76760750968168, 23.932581713596054], [97.76552999999998, 23.930456000000063], [97.76486724527625, 23.91111623421301], [97.75058400000003, 23.91115300000005], [97.74716099999998, 23.90920599999998], [97.74738080027741, 23.902855999999936], [97.74553399999999, 23.902855999999936], [97.74147500000007, 23.90302900000004], [97.73823300000014, 23.90337000000001], [97.72698099999995, 23.897947000000016], [97.72353999999999, 23.893918999999983], [97.72010699999998, 23.890129000000012], [97.72058799999999, 23.886771999999986], [97.72055123094384, 23.884227194266646], [97.72049734657043, 23.884122431700735], [97.7029620000001, 23.88423300000005], [97.70245400000007, 23.88360800000003], [97.70237030402814, 23.88329141088866], [97.70030100000001, 23.880905000000027], [97.70207099999999, 23.876817999999997], [97.71409618322483, 23.876763011725085], [97.71607899999995, 23.874269000000034], [97.71447700000002, 23.870934999999957], [97.70714499999998, 23.867428000000043], [97.70037699999999, 23.866785000000043], [97.69264899999997, 23.872613999999967], [97.688229, 23.881879000000147], [97.6799, 23.87227399999999], [97.68108778540453, 23.866884825005904], [97.68091865523314, 23.864887320301772], [97.679259, 23.86247099999997], [97.674056, 23.86252799999998], [97.67091999999997, 23.861125999999974], [97.66800599999999, 23.857327999999963], [97.66468520154501, 23.855034603999478], [97.66216199999998, 23.86768200000001], [97.66105819413238, 23.868204012639524], [97.660084, 23.869263999999987], [97.65833300000007, 23.86800000000003], [97.65004599999999, 23.855846], [97.65146499999997, 23.844824000000017], [97.64831400000003, 23.84246399999997], [97.64259000000001, 23.851067], [97.64090000000006, 23.867254000000123], [97.63289500000005, 23.877566999999974], [97.63318499999997, 23.880195999999984], [97.63269700000001, 23.882355000000008], [97.62127599999995, 23.884151000000017], [97.61745400000001, 23.890891999999994], [97.61659125713192, 23.891455486983734], [97.61603900000007, 23.89281000000006], [97.59976600000012, 23.89635499999992], [97.58839000000015, 23.907538999999986], [97.57393499999998, 23.915617000000008], [97.567679, 23.914964999999974], [97.56470685917871, 23.913633935976616], [97.557097, 23.921771999999994], [97.54349200000017, 23.922508999999955], [97.53119582364909, 23.927640370104516], [97.52966200000003, 23.93401300000003], [97.53132499999995, 23.942849999999968], [97.53241599999998, 23.94666900000003], [97.53609400000002, 23.949742999999998], [97.54165712954068, 23.955608157112515], [97.5636299999999, 23.966069000000076], [97.56908499999989, 23.97181800000004], [97.5748520000001, 23.987478999999986], [97.59019400000003, 23.989634000000034], [97.60353800000001, 23.994999000000025], [97.612426, 23.998495000000005], [97.61763379572231, 24.003924054399025], [97.62829300000003, 24.005228999999936], [97.62514449371838, 24.011753852296266], [97.63429199999999, 24.021290000000025], [97.63410800000004, 24.027514000000036], [97.63365800000003, 24.03278399999998], [97.63483288557356, 24.04030028698861], [97.635502, 24.04139199999998], [97.6357127126507, 24.042553129851626], [97.64009000000001, 24.047311999999973], [97.65068100000003, 24.052604000000052], [97.65855299999998, 24.06553799999996], [97.67290900000003, 24.074997000000117], [97.67725800000008, 24.07456300000009], [97.68411300000007, 24.085568000000087], [97.69157100000004, 24.09037100000012], [97.6924520000001, 24.09667600000008], [97.70865300000006, 24.099095000000034], [97.71368500000003, 24.108959000000127], [97.73027800000008, 24.114592999999992], [97.72935599999991, 24.123517000000113], [97.73831200000009, 24.14236200000007], [97.73474591762147, 24.152283293215135], [97.74269200000012, 24.153150000000053], [97.73714499999991, 24.15564999999996], [97.74390500000013, 24.15713700000007], [97.74288737043196, 24.159557224872316], [97.74776400000003, 24.161282000000014], [97.75434000000004, 24.165992999999983], [97.75597299999997, 24.17099800000003], [97.74495600000004, 24.185003000000002], [97.72830899999997, 24.187824], [97.72813299999997, 24.19404800000001], [97.72701200000003, 24.20722199999997], [97.72933900000001, 24.225380000000015], [97.73255799999998, 24.23229999999997], [97.74211000000003, 24.244156000000036], [97.74713800000002, 24.249600999999984], [97.76663299999993, 24.26137100000004], [97.76526300000009, 24.265111999999952], [97.75271199999989, 24.27717200000002], [97.7492189999999, 24.285664000000104], [97.726066, 24.29219400000003], [97.72508100000005, 24.296512999999983], [97.70696699999999, 24.29775900000005], [97.69173506935635, 24.29489763695621], [97.66977599999998, 24.29785000000003], [97.66641100000001, 24.30003899999996], [97.66501865725749, 24.30307983697276], [97.65868085177546, 24.332159734669187], [97.66251299999999, 24.340999999999976], [97.66699100000002, 24.344061000000025], [97.67119499999998, 24.346408999999966], [97.67098721209736, 24.348364383975326], [97.6838730000001, 24.340683000000126], [97.70436799999999, 24.347713000000034], [97.70967, 24.35411500000003], [97.71127999999999, 24.35696800000001], [97.71492700000002, 24.356688000000023], [97.71627699999999, 24.359783000000043], [97.71690999999996, 24.367912000000022], [97.71495700000003, 24.37777700000002], [97.707419, 24.38025499999997], [97.70355099999998, 24.383888000000006], [97.7033622936552, 24.384029712189367], [97.70225500000012, 24.38612800000007], [97.69030699999999, 24.389298999999983], [97.68113699999995, 24.401536000000043], [97.67753990219552, 24.410611538467894], [97.68357, 24.413062999999976], [97.68348886756118, 24.414334201248774], [97.68388400000012, 24.415768999999962], [97.68043898263747, 24.417622178849893], [97.67979300000003, 24.423634000000035], [97.67672600000003, 24.42893199999999], [97.67597099999999, 24.43109499999999], [97.67831100000015, 24.441964000000013], [97.67568900000002, 24.449284000000024], [97.67037478585803, 24.453407343812724], [97.66884700000011, 24.455404000000044], [97.66803000000002, 24.45502499999995], [97.6670516780714, 24.454647354052724], [97.66349700000004, 24.455639000000037], [97.61749200000003, 24.443429999999985], [97.61069399999997, 24.442784999999997], [97.60729100000003, 24.44234300000002], [97.60391099999998, 24.443574999999992], [97.60028000000001, 24.446007000000044], [97.58646177288067, 24.439628068942273], [97.57643600000014, 24.44397300000015], [97.57305900000016, 24.441290000000023], [97.54957600000014, 24.44133100000004], [97.53480200000004, 24.435889000000074], [97.53037299999997, 24.43736400000008], [97.53436000000008, 24.442443000000033], [97.52971300000016, 24.444928000000118], [97.53601608354673, 24.459681325406354], [97.54700200000016, 24.474372000000052], [97.55431000000007, 24.493718999999977], [97.55464150616463, 24.51977224167193], [97.56436099999999, 24.561395999999988], [97.56290299999998, 24.56721699999996], [97.56272799999996, 24.574157999999965], [97.56658100000001, 24.58770599999996], [97.56562700000003, 24.595372999999995], [97.57153200000002, 24.60751500000001], [97.56792300000002, 24.611859999999982], [97.57083200000002, 24.61888000000004], [97.56764200000012, 24.635846000000136], [97.56999099999997, 24.651560000000025], [97.57484900000011, 24.66032800000003], [97.56911368497713, 24.667512089270435], [97.56516000000002, 24.699181999999972], [97.56927100000009, 24.712449000000078], [97.56858900000006, 24.72284099999998], [97.563661, 24.729506000000065], [97.55568699999995, 24.73028799999993], [97.5494810000001, 24.734740000000052], [97.55032124760137, 24.74580445858042], [97.56362200000004, 24.75730800000003], [97.56993988843851, 24.769376988086464], [97.578551, 24.77119999999998], [97.58402199999998, 24.768749000000042], [97.59716700000001, 24.772438000000005], [97.60062299999997, 24.776468000000026], [97.60558200000003, 24.774981000000004], [97.61840000000002, 24.77835100000004], [97.62026900000004, 24.781202000000032], [97.62477000000004, 24.78498299999997], [97.65267100000003, 24.794725000000003], [97.67927599999999, 24.829459999999933], [97.69566199999996, 24.835399999999982], [97.70178099999998, 24.842267999999986], [97.70198699999997, 24.845373000000034], [97.70921200000004, 24.837395000000026], [97.729049, 24.831902000000014], [97.72952199999997, 24.828067999999956], [97.72980736911327, 24.82815626177349], [97.72997800000005, 24.827815000000072], [97.74218800000008, 24.831194000000053], [97.76566199999996, 24.826688999999988], [97.77489399999999, 24.830884999999977], [97.79768400000005, 24.849842000000052], [97.79949300000007, 24.85840000000009], [97.79009699999997, 24.863110000000063], [97.7897419999999, 24.871243000000106], [97.78448900000004, 24.880019999999966], [97.77118699999997, 24.8862820000001], [97.76380500000008, 24.881782000000094], [97.75935400000012, 24.882995000000093], [97.74455700000007, 24.894910999999972], [97.73640899999995, 24.90775900000005], [97.72924900000002, 24.911562000000117], [97.73128600000017, 24.949967000000036], [97.72746400000013, 24.96393100000008], [97.72732787704268, 24.9640598481437], [97.72695099999996, 24.964905000000023], [97.72176299999995, 24.969031999999988], [97.719726, 24.97336400000004], [97.71978699999997, 24.97790900000004], [97.71720800000003, 24.981048999999963], [97.722632, 25.012465999999986], [97.72083899999998, 25.01559599999997], [97.72125099999997, 25.026597999999986], [97.72746199999996, 25.03872899999998], [97.72778199999996, 25.04303200000003], [97.73049799999998, 25.04945899999996], [97.72156200000003, 25.08514399999998], [97.72939800000009, 25.089411999999975], [97.73221300000013, 25.082502999999953], [97.74332400000011, 25.081585000000025], [97.75000800000007, 25.09405500000009], [97.75796600000002, 25.098065000000055], [97.7763830000001, 25.123820000000116], [97.7853860000001, 25.149428999999998], [97.80062600000011, 25.167374000000095], [97.80960699999997, 25.203958999999973], [97.83795100000002, 25.271316999999968], [97.84232677133667, 25.272846492231945], [97.85915300000005, 25.26459099999999], [97.86720300000005, 25.26589], [97.87434300000001, 25.26104900000002], [97.90483800000004, 25.218971000000042], [97.91604499999997, 25.21332399999999], [97.94234900000006, 25.218601999999976], [97.94983300000004, 25.224314999999983], [97.96040200000003, 25.242168000000017], [97.96720000000002, 25.239922999999983], [97.98778399999998, 25.26070000000001], [98.00032799999994, 25.27853299999999], [98.00622200000001, 25.28087299999998], [98.00426688024413, 25.29524626536562], [98.0108309807361, 25.305591665941293], [98.02252900000002, 25.310466999999978], [98.03855900000012, 25.3047910000001], [98.05542700000001, 25.30769299999996], [98.06933700000012, 25.314662999999967], [98.07303798478151, 25.332752350490292], [98.07643800000004, 25.336345999999995], [98.07916329316203, 25.337538074382667], [98.08963099999997, 25.339763000000012], [98.09060600000001, 25.34977899999998], [98.09623000000002, 25.356462000000043], [98.100615, 25.380496999999988], [98.09586699999991, 25.382148999999984], [98.10093000000005, 25.387960000000106], [98.10121999999998, 25.394834000000074], [98.10740699999994, 25.39519700000009], [98.12249000000011, 25.386916000000056], [98.136832, 25.389781999999958], [98.14212800000004, 25.397169000000005], [98.14772799999994, 25.416217999999965], [98.15344100000004, 25.42189400000002], [98.14363800000001, 25.433279000000017], [98.15299700000007, 25.44256800000005], [98.15567799999994, 25.457453000000093], [98.142516, 25.489033000000013], [98.1402065550133, 25.489346859663517], [98.138715, 25.490409], [98.13796671203588, 25.49106388098384], [98.13688600000002, 25.49820299999997], [98.12350420091208, 25.511228054998266], [98.12732300000013, 25.519249000000052], [98.14363200000005, 25.522240999999987], [98.14459116940209, 25.52283175057227], [98.15160999999998, 25.526214999999993], [98.15693600000003, 25.52924700000004], [98.16145800000007, 25.546668000000125], [98.17231699999999, 25.549887000000012], [98.17796199999995, 25.556261], [98.18256299999997, 25.562650999999978], [98.185965, 25.575993999999977], [98.183173, 25.581777999999996], [98.18013793335221, 25.585816897752686], [98.17851199999998, 25.600982999999985], [98.167579, 25.62339200000004], [98.166572, 25.626278], [98.16818900000003, 25.62816799999997], [98.18292100000002, 25.626033999999972], [98.18800999999999, 25.615911000000033], [98.20637089214642, 25.620179890108727], [98.216462, 25.61120700000002], [98.21798400000009, 25.61223000000011], [98.21963200000002, 25.612962000000103], [98.23613599999999, 25.609203000000033], [98.24068399999997, 25.612482], [98.24307419033532, 25.612264021907357], [98.24653600000002, 25.60701799999999], [98.25283381498491, 25.607577428448355], [98.26872899999998, 25.59336500000001], [98.27339533408701, 25.593694398199748], [98.27383100000006, 25.593543999999987], [98.27490217804615, 25.59264948446359], [98.28089600000001, 25.58163600000006], [98.29185200000003, 25.576585000000115], [98.30287099999995, 25.55047200000001], [98.31363300000001, 25.546687000000098], [98.32007200000012, 25.56034999999993], [98.33350999999999, 25.567925999999982], [98.34051399999998, 25.57570600000004], [98.34234654396792, 25.5779957113848], [98.35934900000008, 25.57770300000007], [98.36953400000009, 25.58220599999997], [98.38022299999997, 25.59760000000003], [98.40089100000003, 25.597955999999996], [98.40866200000013, 25.613376000000073], [98.40748599999992, 25.6310990000001], [98.40689475371198, 25.631847083391598], [98.40678300000002, 25.63394700000002], [98.40448721918514, 25.635910443809514], [98.40981852735652, 25.663888621131367], [98.43118846928525, 25.681139381302906], [98.45682200000002, 25.687564000000037], [98.46190224125623, 25.703834848887016], [98.46717100000009, 25.70690300000001], [98.4581800129368, 25.735701233310223], [98.47882500000006, 25.75903700000007], [98.47422332340615, 25.780462354021946], [98.48176500000004, 25.790934000000018], [98.48951600000001, 25.795345000000033], [98.4939130000001, 25.811202999999935], [98.50642500000001, 25.814597999999997], [98.52002000000007, 25.825262000000023], [98.5186009999999, 25.83528800000002], [98.52526100000001, 25.83754000000001], [98.53095900000002, 25.844614000000007], [98.54341899999997, 25.846547999999977], [98.54860599999998, 25.842154000000036], [98.55452699999996, 25.84731099999996], [98.55989998816608, 25.847447576767898], [98.57409589819038, 25.836909980862707], [98.57732399999998, 25.826580000000007], [98.59020200000005, 25.823718999999986], [98.59668000000002, 25.818104000000005], [98.60000599999998, 25.813022999999976], [98.60421, 25.812229000000006], [98.60871899999995, 25.81310500000001], [98.61209099999998, 25.810174999999965], [98.61625699999996, 25.807467999999986], [98.61893500000004, 25.809334000000014], [98.62430579555348, 25.808395571572603], [98.631393, 25.79954300000001], [98.63587200000003, 25.799223], [98.64960200000009, 25.80788100000005], [98.66018350817465, 25.820571915874687], [98.67278800000004, 25.820574999999998], [98.6844013566848, 25.84459347965343], [98.69753300000002, 25.84796000000001], [98.70589499999991, 25.859596999999987], [98.70641299999997, 25.878403000000002], [98.70552099999998, 25.88535500000003], [98.7018210435408, 25.888839879625078], [98.702798, 25.8965380000001], [98.68908268384654, 25.913231567822578], [98.68636699999993, 25.929160999999986], [98.68099299999992, 25.938422000000102], [98.67103200000005, 25.94538699999996], [98.6609, 25.958727999999972], [98.6496496587668, 25.960925001323773], [98.64322000000007, 25.973944000000046], [98.61478400000004, 25.97291899999997], [98.60905500000004, 25.995102999999972], [98.61007300000007, 26.017426000000107], [98.60372899999999, 26.023099999999996], [98.60120078597154, 26.033050186900994], [98.60223400000001, 26.05911399999997], [98.59336100000003, 26.07517300000007], [98.58137655171879, 26.075114060209156], [98.58209300000013, 26.08136000000004], [98.58825300000017, 26.0868740000001], [98.57765200000003, 26.119696000000022], [98.57772099999997, 26.12280299999997], [98.58125299999999, 26.12680399999999], [98.58423599999998, 26.12985999999998], [98.584014, 26.143974], [98.58725081676128, 26.144069786633025], [98.58869999999993, 26.14376900000009], [98.59013400000019, 26.14302899999997], [98.60430500000004, 26.13227099999998], [98.62880800000008, 26.14881299999999], [98.64841500000003, 26.146390999999966], [98.65782199999995, 26.140716999999988], [98.661644, 26.133950999999985], [98.66232299999996, 26.129155999999995], [98.66658000000002, 26.123615000000008], [98.65651699999998, 26.10012800000002], [98.66083500000012, 26.091569999999983], [98.66190000000013, 26.09071800000001], [98.66325099999992, 26.090403999999964], [98.66489100000015, 26.09045999999998], [98.6808619999999, 26.100934000000095], [98.69275442320026, 26.11366402520464], [98.70110400000007, 26.113856000000077], [98.70261800000011, 26.118431000000072], [98.71968100000007, 26.130463000000134], [98.71680499999997, 26.14300300000004], [98.70849837765692, 26.150115040799346], [98.70848100000009, 26.150324000000133], [98.708672, 26.15195999999996], [98.70874899999998, 26.153934000000042], [98.71217400000003, 26.15933000000011], [98.72802799999997, 26.163964000000014], [98.73262799999998, 26.174506999999977], [98.73436699999999, 26.191586000000008], [98.7257579999999, 26.200503000000083], [98.72407200000012, 26.215026000000016], [98.70510100000004, 26.243310999999977], [98.69836500000011, 26.244579999999992], [98.68933099999995, 26.23762899999996], [98.67274899999992, 26.242887999999972], [98.68061900000006, 26.264882000000064], [98.67678100000002, 26.279957000000017], [98.68555500000016, 26.29649199999998], [98.68084226061947, 26.311023709238665], [98.70725300000001, 26.326751000000023], [98.71060200000008, 26.333182000000107], [98.732961, 26.35365000000006], [98.7273030000001, 26.371048000000016], [98.729207, 26.37991300000005], [98.74234099999993, 26.38856199999998], [98.74231176989866, 26.403809966679578], [98.74686500000006, 26.408587000000047], [98.74557600000017, 26.41808100000008], [98.75059599999994, 26.425505999999984], [98.74055600000011, 26.437736000000086], [98.74619299999998, 26.448773999999972], [98.74539600000011, 26.46008399999998], [98.75062200000005, 26.47004900000008], [98.75028700000004, 26.48139199999998], [98.75641700000008, 26.495263000000143], [98.7552499999999, 26.50294100000002], [98.74902695373058, 26.511890487341358], [98.75363200000005, 26.524009000000056], [98.75312100000005, 26.562851000000073], [98.75774400000003, 26.57057100000005], [98.76772800000018, 26.573970000000088], [98.780633, 26.604621999999964], [98.77748099999997, 26.61492700000004], [98.78144800000003, 26.624892999999958], [98.77530700000004, 26.63481700000004], [98.770321634391, 26.640846305762253], [98.76206700000003, 26.663978000000007], [98.76801299999997, 26.674173000000042], [98.76570099999998, 26.677565000000033], [98.76559913200212, 26.68165607827929], [98.77027599999988, 26.693302000000138], [98.75809099999995, 26.694092000000133], [98.74632, 26.69972400000001], [98.74340900000001, 26.715201000000008], [98.75683600000004, 26.75001000000002], [98.75575699999993, 26.763763000000104], [98.76186400000003, 26.803949000000035], [98.73020600000014, 26.853844000000024], [98.73899200000002, 26.865946000000015], [98.751522, 26.87397499999998], [98.75716399999999, 26.883715000000027], [98.75232700000008, 26.925798000000064], [98.74293932242993, 26.934465945729244], [98.74531599999997, 26.944331999999957], [98.73557685816333, 26.966097225267468], [98.74198900000002, 26.990529999999943], [98.73867399999992, 27.00003300000001], [98.73315234704009, 27.00183451790482], [98.73350499999998, 27.00683800000004], [98.74281299999998, 27.01645900000001], [98.76217700000008, 27.021741000000063], [98.76638799999998, 27.053058999999976], [98.740284, 27.075192000000023], [98.72622700000008, 27.070809000000104], [98.71227700000011, 27.079377999999984], [98.71488200000002, 27.096188999999956], [98.71393599999999, 27.10146700000003], [98.7101393844003, 27.105020697707246], [98.709755, 27.105942000000013], [98.70974868252128, 27.112827050629637], [98.71461500000004, 27.118430999999962], [98.70871400000001, 27.137118999999984], [98.713539, 27.143198000000076], [98.7058582432295, 27.166920065790453], [98.70700100000003, 27.179071000000018], [98.69186085971971, 27.202992167791237], [98.69991300000004, 27.21685000000001], [98.72292000000002, 27.224575000000137], [98.723214, 27.22972400000002], [98.71765921223121, 27.236332326545284], [98.72468600000002, 27.246257999999987], [98.7308009999999, 27.24864400000014], [98.71611899999996, 27.258422000000046], [98.716522, 27.273434000000027], [98.72570400000015, 27.27835200000007], [98.73454700000005, 27.290677000000038], [98.73192700000007, 27.301234000000093], [98.74036900000002, 27.331835000000012], [98.73255642871126, 27.339965242974603], [98.73152200000013, 27.346847000000082], [98.73460000000009, 27.353710999999933], [98.71829199999999, 27.35647999999998], [98.70575399999998, 27.366673000000027], [98.69997500000002, 27.38474400000007], [98.70425500000002, 27.389136000000022], [98.70228199999994, 27.41614000000004], [98.68984324261415, 27.42592807740863], [98.68678903106354, 27.431137766079935], [98.68679500000009, 27.43182300000003], [98.68648200000004, 27.433140000000108], [98.69094900000007, 27.43867200000006], [98.68869000000004, 27.44847699999998], [98.69386300000004, 27.45196300000002], [98.698151, 27.452120000000043], [98.70243100000002, 27.451796999999964], [98.7027314027101, 27.45346102581417], [98.70393800000008, 27.455151000000008], [98.70365099999997, 27.468096000000028], [98.68470934600924, 27.48820466877183], [98.693634, 27.507742000000043], [98.68906214546888, 27.51359754578376], [98.69248749376828, 27.518137716731136], [98.70473599999994, 27.52090000000001], [98.6982701962955, 27.541614760606844], [98.69948599999996, 27.549706999999998], [98.70143099999996, 27.55254000000001], [98.70631400000003, 27.55507499999997], [98.70642899999996, 27.559614000000007], [98.70115000000007, 27.565338000000125], [98.68737500000012, 27.565554000000056], [98.67399300000008, 27.585486999999972], [98.66430700000015, 27.59025300000014], [98.6533860000001, 27.583784000000108], [98.65222299999996, 27.574792000000045], [98.64593899999997, 27.567785000000086], [98.62337200000016, 27.578803000000093], [98.6103059999999, 27.578465000000016], [98.60889500000005, 27.57927300000008], [98.60703699999996, 27.580943000000055], [98.60543500000001, 27.58181100000011], [98.59680200000017, 27.578532000000052], [98.59685099726508, 27.571267043527644], [98.58748300000005, 27.570127000000063], [98.58657900270809, 27.57069806883948], [98.58454900000004, 27.574513999999958], [98.58398391590896, 27.57864864144562], [98.586554, 27.591454000000034], [98.57103000000004, 27.61909200000011], [98.56295699999998, 27.644441999999966], [98.55795999999998, 27.64859800000002], [98.55343500000004, 27.650355999999995], [98.54823797522452, 27.642208464773862], [98.53717900000007, 27.638953000000107], [98.53632260050358, 27.626316973989237], [98.52757494444913, 27.623094314310833], [98.51865900000017, 27.628791999999954], [98.50730003464741, 27.628005490877058], [98.50484900000008, 27.636131000000027], [98.47095664173662, 27.63993738184077], [98.45825200000003, 27.657785000000054], [98.44168000000002, 27.669348000000035], [98.43186200000011, 27.66667100000005], [98.42927200000011, 27.658908999999973], [98.43247100000005, 27.64153299999997], [98.4383916814925, 27.63404026281336], [98.43639999999996, 27.625204], [98.42916100000016, 27.615249000000105], [98.43305700000012, 27.60944500000003], [98.42820600000002, 27.594261000000028], [98.43183799999997, 27.588697000000003], [98.43266043453139, 27.577366515224785], [98.42974799999999, 27.554778999999993], [98.40127600000008, 27.543417000000034], [98.38991200000005, 27.520091000000043], [98.37304366605306, 27.511103069376638], [98.35060899999999, 27.51714100000003], [98.33705200000006, 27.512283000000068], [98.31709300000003, 27.52292999999993], [98.31668899999991, 27.536910000000056], [98.30844200000011, 27.547032], [98.30644508491153, 27.556142290827687], [98.30996400000001, 27.586956000000015], [98.30958200000012, 27.587586000000094], [98.30916058090565, 27.58815073438193], [98.30292399999999, 27.597661999999964], [98.29866865794375, 27.612730065147492], [98.30184600000005, 27.631423999999946], [98.29683400000013, 27.636329999999973], [98.28743800000004, 27.63634499999997], [98.28283300000005, 27.65819500000005], [98.27686700000007, 27.66405200000007], [98.26535141559191, 27.667204636241024], [98.25954100000004, 27.679508000000105], [98.2342071815036, 27.693546160327895], [98.23175500000015, 27.708004000000116], [98.22031400000006, 27.715009999999992], [98.22607300000004, 27.722243999999993], [98.22350999999999, 27.728024000000037], [98.23162308786294, 27.735022240587245], [98.235183, 27.73405299999999], [98.23786800000003, 27.73400899999999], [98.24559100000008, 27.738902000000095], [98.24265300000017, 27.74804199999997], [98.22398100000007, 27.755013000000147], [98.21664203146494, 27.766370103325308], [98.21788952405427, 27.782257634062], [98.22530300000003, 27.79837199999998], [98.22313700000004, 27.814859000000055], [98.21018600000005, 27.815599], [98.17535775107083, 27.836896148127796], [98.16964862915313, 27.85292976115031], [98.17545800000008, 27.85978599999995], [98.17501500000012, 27.860818999999978], [98.17403383866082, 27.862352006134458], [98.17341499999998, 27.864962000000023], [98.17825000000008, 27.86710299999998], [98.18032000000002, 27.87417799999997], [98.20023400000005, 27.877541000000136], [98.20491700000001, 27.893395999999967], [98.18824699999999, 27.932500999999984], [98.18770299999991, 27.942364000000083], [98.1560030000001, 27.941385999999987], [98.14185781155128, 27.952986162758883], [98.13767300000004, 27.962579999999967], [98.13571200000004, 27.980046000000044], [98.13156200000005, 27.98864799999999], [98.13178700000019, 27.99059800000004], [98.13203899999999, 27.99220900000011], [98.13265699999997, 27.9940960000001], [98.14013300000009, 27.999173000000063], [98.13910567918091, 28.011343193402357], [98.14417300000005, 28.023280000000014], [98.13797400000007, 28.044730000000037], [98.1526420000001, 28.065055000000058], [98.15913500000008, 28.085908999999972], [98.16001200000008, 28.102817000000066], [98.14853700000018, 28.11589600000007], [98.15047500000011, 28.12265100000014], [98.13882499999997, 28.145712000000053], [98.14713400000008, 28.15240099999999], [98.14953700000014, 28.158762000000145], [98.15728100000015, 28.158997999999954], [98.16206400000013, 28.165917000000093], [98.17018499999998, 28.16376300000004], [98.17409199999994, 28.166949999999943], [98.16524600000005, 28.198348999999986], [98.16584100000009, 28.210770999999987], [98.18074499999992, 28.21951800000003], [98.19128800000007, 28.21849800000001], [98.20080300000015, 28.22313100000001], [98.20371700000001, 28.22289700000001], [98.206513, 28.22134300000004], [98.21014500000004, 28.215795000000007], [98.21331500000005, 28.215321000000046], [98.21669100000004, 28.21630600000001], [98.2280969999999, 28.229158999999967], [98.24272600000009, 28.23730500000002], [98.26582000000016, 28.244461999999956], [98.26558300000008, 28.251741999999943], [98.2562720000001, 28.260275999999948], [98.25702700000004, 28.265926999999976], [98.24042600000004, 28.29029500000003], [98.2364390000001, 28.31279900000004], [98.20707400000013, 28.33384199999996], [98.20390400000004, 28.35190700000004], [98.20942, 28.36198799999997], [98.22959200000005, 28.350746999999984], [98.23460400000008, 28.37349400000003], [98.24075000000002, 28.374142], [98.24965000000002, 28.380573000000084], [98.27067200000008, 28.382889999999946], [98.28224300000008, 28.39792899999994], [98.29082500000007, 28.396303999999958], [98.299721, 28.38942000000005], [98.29997300000016, 28.372784999999986], [98.30367299999997, 28.362553], [98.32263200000003, 28.34803600000003], [98.32297600000007, 28.33863900000003], [98.3177840000001, 28.327991000000083], [98.3199349999999, 28.31871800000004], [98.32752699999995, 28.31711999999998], [98.33948500000001, 28.298652000000132], [98.35500800000008, 28.295116000000128], [98.35895600000006, 28.278511999999964], [98.36811500000002, 28.26733099999997], [98.37128500000001, 28.257123000000014], [98.37700699999996, 28.252576000000026], [98.37731199999999, 28.25040400000008], [98.37718600000012, 28.250037999999996], [98.37691500000008, 28.249244000000026], [98.36814200000012, 28.242941999999957], [98.37724400000005, 28.236120000000028], [98.37796100000011, 28.23465800000003], [98.37821999999997, 28.231908000000047], [98.37729700000007, 28.211158000000033], [98.3697940000001, 28.18717800000011], [98.38044800000002, 28.182765000000018], [98.38974399999992, 28.169861000000104], [98.38699399999993, 28.163780000000024], [98.387437, 28.16270700000006], [98.38870299999994, 28.160689999999974], [98.38997300000013, 28.154600000000038], [98.38783300000009, 28.141491999999943], [98.39587100000008, 28.12940800000002], [98.38878700000005, 28.117948000000034], [98.399552, 28.108021999999963], [98.41005700000002, 28.110485000000004], [98.42828799999998, 28.107843000000074], [98.43370200000001, 28.118826000000027], [98.43568100000007, 28.120561000000052], [98.44184499999992, 28.122861000000107], [98.44656800000016, 28.12538399999996], [98.47200100000005, 28.14761400000004], [98.48372300000004, 28.150346000000134], [98.49644900000007, 28.143937000000093], [98.50090100000008, 28.14487300000009], [98.5108119999999, 28.15083400000001], [98.5254790000001, 28.174092999999964], [98.55927, 28.186527999999974], [98.57182000000003, 28.182588000000116], [98.58420199999992, 28.185969000000085], [98.62567600000001, 28.169221000000086], [98.633336, 28.183412000000082], [98.65159300000008, 28.202902000000115], [98.66573000000012, 28.211977000000118], [98.68240799999992, 28.211906000000106], [98.69574400000015, 28.219106000000046], [98.69628500000015, 28.219986000000027], [98.69732699999994, 28.22134600000011], [98.69786799999994, 28.222285], [98.69776900000001, 28.223074999999994], [98.69688800000003, 28.225165999999987], [98.69603400000008, 28.226910000000046], [98.71195700000011, 28.233005999999946], [98.70922500000002, 28.26388500000013], [98.71621800000005, 28.280529999999956], [98.70979400000002, 28.29236700000005], [98.71482500000009, 28.30916200000003], [98.71615700000017, 28.311403], [98.71870900000002, 28.31384999999996], [98.72351500000003, 28.316488000000092], [98.74621300000011, 28.32474400000001], [98.75312500000003, 28.340415999999976], [98.73814900000009, 28.354748999999998], [98.73380300000004, 28.372108000000104], [98.71978800000004, 28.38330800000007], [98.71853300000012, 28.392271000000044], [98.70501000000014, 28.395979999999973], [98.70885600000004, 28.404329000000125], [98.70924499999998, 28.407096000000095], [98.70904600000013, 28.409956000000122], [98.70819200000008, 28.413081000000048], [98.69519100000005, 28.43298399999997], [98.68440300000006, 28.43867500000011], [98.68976700000015, 28.445972000000083], [98.67670100000007, 28.46724600000011], [98.6736260000001, 28.482291000000068], [98.66423, 28.481304000000115], [98.64577900000015, 28.489715000000068], [98.62948600000013, 28.490767999999974], [98.62425300000004, 28.495978000000107], [98.61909500000004, 28.512882000000047], [98.63433900000004, 28.537144000000033], [98.63276000000005, 28.551363999999943], [98.63799700000001, 28.555804000000137], [98.62662200000013, 28.561345000000124], [98.63174100000019, 28.570269999999972], [98.62008, 28.590089999999954], [98.62458100000018, 28.599212000000115], [98.61348399999994, 28.615380999999992], [98.613709, 28.616019000000023], [98.61713900000004, 28.617690999999986], [98.61959200000004, 28.619506999999963], [98.62030900000003, 28.62217200000002], [98.62064400000004, 28.623611999999973], [98.62026999999992, 28.626011000000048], [98.6079379999999, 28.64605000000003], [98.60802900000006, 28.65803200000004], [98.60630800000004, 28.658604000000118], [98.60360000000006, 28.660797000000024], [98.60010900000006, 28.663081], [98.59404100000016, 28.67308000000007], [98.59412799999998, 28.68632700000012], [98.61409100000017, 28.684935000000053], [98.6296960000001, 28.689527000000034], [98.63985899999997, 28.705904000000068], [98.66641700000012, 28.715706000000004], [98.67905400000015, 28.73097200000013], [98.68063099999998, 28.748383000000096], [98.68221963543687, 28.749404528106734], [98.68322500000002, 28.750051000000084], [98.68231200000007, 28.756710000000027], [98.67488599999999, 28.762181000000083], [98.67857400000005, 28.777136000000056], [98.66051500000012, 28.79328900000003], [98.66227000000019, 28.80976599999999], [98.65514499999998, 28.808549000000014], [98.65211200000002, 28.813305000000064], [98.65356499999999, 28.82665000000005], [98.66707700000002, 28.847085000000114], [98.6536800000001, 28.86111200000004], [98.64323100000017, 28.895276000000067], [98.64548900000013, 28.90144299999998], [98.65355399999996, 28.907226000000094], [98.65487300000004, 28.915059000000007], [98.64886099999998, 28.91639], [98.64852599999998, 28.92316299999996], [98.657567, 28.933356000000096], [98.64783100000002, 28.93291700000001], [98.6412700000001, 28.94243900000005], [98.63166500000003, 28.943667000000048], [98.63581500000012, 28.957652000000053], [98.6244669999999, 28.961551999999976], [98.62272300000011, 28.96801599999995], [98.62910499999995, 28.971788000000117], [98.628922, 28.978134000000097], [98.63591800000003, 28.9795510000001], [98.65410300000018, 28.979464000000007], [98.67138000000007, 28.972231], [98.70733700000012, 28.971580000000138], [98.71828099999996, 28.984522], [98.74824600000002, 28.995712000000026], [98.76031500000002, 29.009087000000008], [98.7623669999999, 29.00999300000001], [98.76461000000003, 29.00995199999999], [98.76666999999995, 29.009796999999956], [98.78830000000004, 28.99765500000003], [98.78911300000007, 28.995621000000135], [98.78934900000014, 28.99436200000006], [98.78930700000004, 28.993327000000043], [98.78527100000005, 28.98968200000008], [98.80384900000004, 28.97287899999997], [98.80619800000015, 28.961317000000072], [98.81495300000014, 28.95215600000006], [98.81067700000003, 28.931458000000084], [98.82198299999996, 28.923355000000036], [98.81810000000011, 28.91858399999999], [98.81741300000012, 28.89928000000007], [98.82831599999994, 28.884689000000016], [98.82717200000005, 28.883904999999984], [98.82518500000013, 28.883150000000043], [98.8235250000001, 28.882214999999952], [98.82254000000013, 28.880918000000108], [98.82212900000005, 28.87718299999998], [98.82668400000009, 28.861456000000082], [98.81836299999995, 28.853811999999998], [98.82860599999995, 28.849246000000036], [98.82756100000009, 28.82494000000014], [98.840451, 28.815180000000126], [98.84088599999993, 28.806818000000142], [98.85224600000006, 28.801818000000154], [98.8722500000001, 28.81169500000008], [98.89287200000008, 28.807371999999972], [98.89612199999996, 28.803071999999993], [98.91048899999996, 28.80385200000005], [98.92174200000014, 28.810265000000065], [98.92225700000003, 28.826698000000114], [98.92984800000008, 28.83448000000007], [98.94008300000004, 28.829716999999974], [98.94407000000015, 28.829800999999996], [98.94660300000012, 28.83006499999999], [98.94808700000007, 28.830403000000068], [98.95427800000002, 28.834725999999996], [98.96290699999989, 28.830480000000044], [98.96485200000015, 28.830779999999997], [98.96737000000012, 28.83150200000005], [98.970151, 28.832118000000037], [98.9716690000001, 28.837797000000073], [98.96470700000005, 28.854819000000006], [98.97297700000006, 28.863377000000042], [98.9732789999999, 28.86550799999997], [98.97321000000015, 28.86826000000012], [98.9721230000001, 28.870576999999983], [98.96611500000002, 28.877759000000033], [98.95080999999996, 28.874366000000137], [98.91759500000002, 28.890390000000096], [98.9110350000001, 28.913284000000047], [98.91907899999998, 28.922965000000097], [98.92268800000006, 28.944781000000027], [98.92041900000001, 28.95479300000011], [98.92563699999991, 28.969028000000016], [98.92565200000017, 28.981824000000053], [98.93245800000003, 28.987747000000027], [98.94996300000012, 28.988557999999983], [98.95355200000007, 29.000092999999957], [98.96288800000018, 29.005473000000123], [98.9643219999999, 29.012364000000076], [98.97564800000008, 29.02022300000001], [98.98298700000007, 29.021471000000062], [98.99117700000002, 29.028955000000053], [99.00443699999991, 29.03169799999999], [99.01461500000013, 29.045572999999955], [99.01471300000007, 29.055259000000063], [99.00536800000012, 29.075131000000084], [99.00113000000002, 29.092845000000075], [98.99307300000014, 29.10595800000005], [98.98047700000004, 29.11418900000003], [98.97562100000007, 29.12752200000009], [98.96689700000006, 29.131479000000112], [98.96317399999995, 29.14561300000001], [98.96086100000015, 29.17548300000002], [98.97384300000013, 29.18605599999998], [98.9758350000001, 29.207608000000093], [98.99563200000013, 29.205087999999954], [99.01154300000016, 29.19849099999999], [99.0135270000001, 29.19679400000009], [99.01658700000004, 29.19311900000013], [99.01814700000008, 29.191854999999997], [99.02345700000004, 29.191677000000013], [99.0270889999999, 29.20407699999997], [99.0293970000001, 29.206137000000062], [99.03196000000005, 29.208196999999977], [99.03413500000008, 29.209624000000098], [99.07377700000004, 29.213436000000023], [99.08922300000003, 29.22216600000008], [99.09483700000001, 29.23114099999998], [99.10367300000014, 29.237104000000066], [99.1066180000001, 29.250095999999978], [99.10978399999996, 29.251278999999982], [99.11458600000017, 29.244657000000082], [99.11457500000014, 29.228319000000077], [99.1100660000001, 29.215806000000008], [99.11715400000011, 29.207674000000047], [99.11757400000013, 29.205324000000118], [99.11761900000012, 29.201608000000142], [99.11208000000012, 29.193445000000104], [99.111325, 29.172826000000093], [99.10523300000008, 29.169705000000143], [99.1044850000001, 29.16558099999998], [99.11409400000005, 29.156878000000027], [99.11414000000003, 29.154124000000067], [99.11359100000008, 29.15056900000009], [99.11299599999998, 29.14913999999998], [99.10788400000004, 29.14339000000011], [99.11372800000005, 29.13342000000013], [99.113049, 29.11425100000001], [99.1166880000001, 29.10595499999998], [99.1125650000001, 29.077518000000055], [99.11747800000009, 29.057379000000147], [99.11774499999999, 29.037723000000057], [99.12529000000004, 29.023193000000077], [99.12133000000003, 28.999645000000015], [99.12379900000005, 28.983337000000006], [99.12988700000008, 28.97463600000004], [99.12495800000002, 28.960363000000008], [99.13272900000013, 28.952224], [99.12357800000005, 28.93546299999999], [99.12986800000002, 28.918742000000094], [99.11435699999996, 28.856282000000085], [99.10748278420851, 28.851893514623214], [99.10649200000015, 28.851261000000136], [99.10554199999999, 28.84779199999999], [99.10472600000006, 28.845729000000006], [99.10926500000008, 28.818543000000027], [99.10728900000001, 28.810010000000105], [99.11748200000015, 28.784884999999946], [99.11548300000013, 28.76551399999999], [99.12258200000007, 28.753160000000108], [99.1399579999999, 28.742397999999966], [99.14640900000003, 28.727622999999966], [99.14491000000008, 28.708957000000076], [99.13259897816611, 28.69606065094102], [99.13012400000005, 28.693467999999974], [99.12690000000012, 28.690092000000064], [99.12896399999991, 28.68360200000007], [99.13427800000004, 28.677565999999985], [99.133069, 28.669890000000095], [99.13297800000012, 28.66828000000011], [99.13474400000004, 28.659900999999962], [99.14400200000009, 28.62689100000003], [99.15224600000008, 28.61905900000002], [99.15597600000015, 28.605177000000012], [99.15855099999996, 28.595489000000093], [99.16092400000011, 28.586613000000035], [99.15910800000003, 28.582234000000092], [99.15373699999999, 28.573266999999966], [99.15638400000016, 28.561351999999992], [99.16187399999993, 28.54306000000014], [99.17269600000006, 28.5194350000001], [99.176842, 28.510029000000067], [99.1774980000001, 28.503360000000008], [99.17921099999998, 28.496937000000052], [99.18148500000011, 28.48938200000005], [99.17933299999996, 28.484856000000022], [99.17912300000008, 28.48063600000009], [99.17823500000006, 28.476147000000104], [99.1782309999999, 28.453584000000006], [99.16485200000002, 28.428490000000103], [99.17361500000007, 28.41919400000011], [99.17501900000015, 28.404367999999977], [99.20032600000009, 28.381113], [99.20190799999997, 28.368838000000082], [99.22470900000005, 28.349558000000016], [99.2376249999999, 28.318415000000016], [99.24907000000015, 28.312233000000106], [99.25584899999998, 28.306152000000026], [99.26186100000004, 28.300446000000065], [99.2798280000001, 28.28384499999997], [99.28044900000013, 28.273129999999988], [99.28229100000013, 28.271149000000037], [99.28277089842611, 28.270634811507097], [99.28524399999995, 28.26798500000008], [99.3011940000001, 28.26562400000013], [99.31146600000001, 28.247533999999938], [99.31926400000005, 28.239547999999978], [99.33713600000014, 28.222500000000025], [99.34565, 28.215690000000023], [99.35064700000001, 28.210497000000053], [99.35339400000001, 28.205929000000104], [99.36007800000007, 28.197339000000085], [99.39009500000007, 28.173165000000097], [99.39362400000003, 28.159467000000035], [99.4012420000001, 28.154077000000107], [99.40398400000012, 28.1598950000001], [99.38745199999997, 28.187831000000138], [99.38639900000007, 28.216102000000006], [99.40090199999995, 28.25932099999998], [99.40506499999995, 28.266233999999976], [99.41635999999997, 28.26968700000004], [99.41648899999998, 28.277869000000052], [99.41118000000009, 28.298720000000074], [99.39979300000002, 28.305191999999998], [99.39456199999992, 28.31693000000007], [99.40866100000004, 28.332325000000033], [99.40866100000004, 28.34819300000005], [99.4037410000001, 28.36916000000008], [99.39170200000017, 28.37620200000009], [99.39473000000007, 28.38494499999998], [99.38870700000015, 28.38551500000007], [99.38629200000018, 28.389660000000013], [99.3874440000001, 28.404657000000086], [99.39666400000003, 28.421189000000155], [99.39344799999995, 28.434619999999974], [99.40304200000017, 28.457226000000077], [99.39504000000014, 28.47540899999997], [99.38247300000003, 28.482061000000044], [99.37962300000012, 28.49336200000002], [99.37472500000004, 28.497191000000107], [99.3757820000001, 28.520040000000066], [99.38290400000008, 28.544620000000073], [99.3971480000001, 28.553193000000107], [99.41529100000007, 28.551469000000104], [99.42556399999998, 28.558585000000022], [99.43859099999995, 28.558006999999982], [99.44443600000014, 28.552950000000074], [99.46227000000002, 28.552546000000042], [99.46228399999993, 28.562970000000107], [99.4627530000001, 28.56473800000002], [99.46498600000004, 28.567576000000003], [99.46591300000009, 28.569056000000067], [99.46459600000017, 28.57778700000003], [99.47398800000012, 28.575690000000073], [99.49238600000004, 28.584254000000072], [99.50080500000004, 28.581428000000017], [99.5286760000001, 28.593224999999997], [99.52135100000012, 28.60439499999997], [99.53052599999998, 28.610615000000003], [99.53321900000012, 28.622664999999955], [99.54137100000005, 28.62901799999998], [99.53809799999996, 28.635539999999956], [99.54334400000013, 28.665380000000148], [99.54158100000011, 28.67410499999997], [99.53065900000004, 28.683437000000097], [99.54741700000008, 28.69763699999995], [99.55280300000013, 28.713936000000103], [99.56054700000013, 28.720382000000008], [99.56830700000003, 28.71686600000006], [99.59822500000011, 28.728994999999976], [99.60018599999992, 28.72995899999998], [99.60156600000015, 28.731205000000045], [99.60303099999996, 28.733425000000054], [99.6028020000001, 28.73577200000009], [99.60133000000016, 28.737279999999984], [99.60036899999997, 28.738494999999972], [99.61383900000007, 28.74379400000001], [99.6070250000001, 28.75836100000003], [99.60968399999993, 28.7666940000001], [99.60491300000015, 28.775053000000014], [99.609745, 28.789047000000053], [99.62239500000013, 28.800426999999992], [99.62341, 28.816742000000048], [99.63539900000015, 28.816392000000043], [99.64448300000001, 28.81978800000001], [99.6773650000001, 28.81366300000002], [99.68817200000014, 28.81777599999998], [99.69334100000007, 28.82374500000003], [99.69838800000005, 28.82054299999995], [99.70361000000011, 28.827688000000137], [99.70065400000013, 28.835225000000072], [99.71146100000009, 28.840021000000057], [99.71668599999995, 28.849593000000148], [99.722538, 28.814065000000063], [99.72011600000016, 28.80492199999994], [99.72338500000009, 28.784321], [99.72140500000005, 28.760908000000093], [99.73536700000002, 28.73810900000001], [99.73267000000007, 28.723586000000076], [99.74617500000014, 28.717869999999998], [99.75706100000006, 28.703703000000033], [99.79361000000007, 28.702157000000014], [99.83022700000002, 28.668752000000083], [99.8275990000001, 28.625856000000013], [99.83019300000005, 28.58917000000004], [99.83065100000002, 28.58812900000006], [99.83255100000011, 28.58682699999998], [99.83309999999997, 28.585862999999975], [99.83088000000005, 28.577937000000006], [99.84444100000015, 28.579759000000124], [99.86006600000005, 28.575484999999986], [99.87135000000004, 28.589149000000077], [99.87344399999992, 28.598408000000028], [99.87968499999991, 28.60584800000011], [99.88910700000011, 28.609634000000014], [99.90717399999991, 28.60595500000008], [99.9081269999999, 28.604853000000027], [99.90895500000002, 28.603355999999977], [99.91023700000014, 28.60225300000002], [99.91856399999998, 28.603190000000097], [99.91957900000003, 28.601916000000024], [99.92006699999999, 28.59996000000001], [99.92050199999991, 28.598523000000128], [99.93340000000013, 28.59223400000007], [99.93964100000014, 28.584244000000133], [99.9490290000001, 28.581676000000108], [99.95244600000002, 28.567119000000027], [99.96186500000007, 28.563668000000128], [99.96408899999997, 28.541981000000035], [99.969475, 28.537857000000052], [99.97741699999997, 28.539583999999948], [99.98514200000008, 28.530609000000048], [99.98710700000014, 28.515257999999996], [99.98144199999993, 28.505901000000108], [99.98708400000001, 28.4994430000001], [99.98634700000005, 28.492553999999956], [99.99212700000001, 28.476009000000055], [99.99976000000007, 28.468445000000017], [100.02262599999992, 28.461103999999956], [100.02922100000016, 28.454109000000102], [100.0389529999999, 28.45528500000006], [100.04398800000004, 28.449609000000095], [100.05964000000003, 28.451048000000142], [100.06403000000009, 28.43738900000011], [100.0734830000001, 28.428614999999965], [100.05965799999993, 28.409231], [100.06479300000015, 28.404601999999976], [100.05295200000009, 28.37996800000012], [100.05414600000003, 28.373823999999978], [100.09206500000015, 28.367953000000043], [100.09864100000007, 28.362706000000045], [100.13319800000001, 28.354960000000048], [100.13810400000003, 28.343380999999987], [100.14862100000008, 28.342175000000033], [100.15723899999992, 28.331852000000154], [100.16708400000013, 28.332271000000006], [100.17522900000009, 28.328199999999967], [100.17133800000002, 28.324522000000115], [100.16743200000005, 28.299726], [100.15336300000011, 28.29776600000001], [100.1462490000001, 28.292082000000093], [100.15347, 28.27983600000009], [100.16788199999999, 28.275884000000126], [100.18714200000008, 28.25698899999994], [100.17097200000003, 28.241627000000044], [100.16357100000008, 28.23922900000005], [100.16290000000006, 28.237977000000022], [100.16223200000005, 28.236846000000057], [100.16834400000002, 28.228776000000074], [100.16850300000011, 28.227516000000094], [100.16775600000013, 28.225751000000074], [100.16689000000005, 28.22410300000014], [100.14864800000008, 28.21057200000004], [100.10154000000003, 28.205098999999997], [100.09758800000006, 28.20155399999996], [100.09858700000004, 28.19592200000008], [100.087163, 28.18364600000008], [100.07783500000012, 28.185900999999966], [100.07702300000008, 28.187633000000098], [100.07613, 28.188674999999982], [100.075253, 28.190061000000085], [100.0607110000001, 28.197223999999984], [100.04902300000008, 28.18516300000001], [100.03208600000008, 28.188058999999996], [100.02983200000008, 28.184646000000043], [100.03226500000014, 28.176312000000067], [100.023155, 28.164426000000006], [100.02105800000012, 28.1487440000001], [100.03001100000016, 28.13643100000006], [100.04171800000015, 28.129686000000106], [100.0429690000001, 28.119466000000045], [100.05391299999994, 28.10388499999997], [100.06865000000008, 28.06144000000009], [100.08105100000003, 28.03916500000002], [100.08815800000018, 28.032928], [100.11526500000011, 28.023165999999996], [100.12471000000008, 28.016187000000045], [100.13851199999996, 27.997174000000044], [100.14624499999994, 27.99414000000001], [100.14967800000004, 27.986313999999965], [100.1904000000001, 27.949440000000067], [100.19354699999988, 27.941035000000078], [100.16864900000012, 27.91100899999995], [100.16762600000003, 27.907163000000054], [100.16679099999996, 27.90410100000001], [100.16748900000006, 27.900281000000135], [100.182289, 27.900903000000085], [100.20933200000005, 27.880653999999957], [100.22101600000009, 27.88129800000013], [100.23514600000001, 27.872587000000046], [100.24714300000002, 27.872866999999943], [100.25670999999997, 27.868403999999977], [100.27072199999989, 27.873162000000015], [100.28249800000017, 27.868195999999998], [100.29377800000002, 27.87302799999994], [100.30764400000012, 27.864328000000057], [100.30136500000017, 27.851765000000114], [100.30230000000009, 27.85047300000015], [100.30301638829438, 27.849868956491427], [100.304653, 27.84848899999995], [100.3074270000001, 27.833866000000093], [100.28885299999993, 27.82082100000006], [100.28490499999995, 27.809335000000054], [100.29180200000005, 27.79941100000015], [100.3016710000001, 27.7957800000001], [100.30338299999991, 27.793715000000127], [100.30376728495176, 27.7921081661974], [100.30378000000016, 27.79205500000009], [100.30008800000004, 27.773246000000093], [100.30139600000008, 27.770856999999957], [100.30322300000009, 27.767767000000084], [100.30433700000006, 27.765457999999995], [100.30598100000002, 27.75208199999993], [100.29834400000007, 27.739539000000043], [100.3024189999999, 27.740029000000085], [100.30441400000004, 27.73888200000004], [100.31298800000016, 27.72567400000002], [100.32855599999996, 27.723746000000013], [100.34341500000006, 27.737379000000026], [100.34365899999992, 27.747408000000092], [100.34954199999996, 27.759293999999976], [100.36015000000006, 27.762735000000113], [100.37394400000007, 27.757761000000144], [100.37639600000008, 27.778632000000044], [100.39085499999996, 27.790239000000113], [100.40485499999997, 27.808689000000072], [100.41208299999991, 27.822618999999968], [100.40942099999992, 27.830630999999947], [100.41170200000002, 27.84084100000007], [100.42950099999993, 27.853538000000086], [100.431187, 27.86842900000009], [100.44191400000008, 27.869549000000035], [100.47241300000016, 27.863003000000027], [100.49442700000006, 27.848071000000004], [100.50380799999996, 27.85517900000015], [100.51028100000006, 27.830306000000057], [100.51900500000008, 27.824928000000057], [100.53356600000004, 27.82897599999997], [100.54531099999988, 27.81214500000003], [100.55885800000007, 27.827690000000146], [100.57140800000009, 27.834400000000045], [100.57713400000003, 27.841129000000095], [100.58671200000016, 27.843548000000048], [100.59227400000012, 27.851957000000013], [100.60607600000007, 27.85965299999996], [100.60876900000014, 27.86592900000001], [100.60804500000009, 27.87988400000002], [100.62337499999992, 27.904321000000095], [100.63065400000009, 27.910621], [100.63212599999994, 27.918334000000108], [100.65339000000003, 27.914134000000054], [100.6604960000001, 27.922238000000007], [100.67961599999998, 27.92709900000004], [100.67929900000004, 27.917399000000017], [100.68887000000014, 27.913464999999945], [100.69350500000004, 27.898988000000088], [100.70324700000006, 27.890307], [100.69875800000008, 27.87269200000003], [100.71839200000014, 27.8617050000001], [100.71356700000005, 27.849940000000103], [100.70556300000003, 27.84255200000006], [100.70260299999998, 27.822691000000063], [100.7067920000001, 27.800911999999997], [100.71580599999996, 27.799150000000047], [100.73706100000001, 27.777499999999996], [100.75511599999996, 27.774153], [100.76076500000009, 27.75957899999993], [100.76995500000001, 27.75407600000007], [100.77448800000009, 27.74524200000011], [100.7802320000001, 27.697077], [100.78801800000011, 27.68774800000012], [100.82844600000007, 27.68713600000011], [100.83843700000003, 27.683372999999975], [100.84665000000011, 27.67545099999998], [100.83122300000016, 27.661585000000052], [100.83093300000016, 27.654647000000118], [100.83668600000001, 27.64887599999993], [100.82516499999994, 27.64114300000012], [100.82103800000007, 27.631895000000014], [100.82688900000004, 27.617342000000086], [100.83540400000007, 27.616071000000083], [100.845925, 27.625560999999962], [100.85632000000014, 27.6273210000001], [100.86029500000005, 27.62005199999996], [100.85989100000002, 27.602732999999965], [100.88049000000015, 27.60890400000003], [100.87766699999999, 27.59163999999997], [100.891651, 27.579082000000085], [100.893608, 27.56757800000001], [100.88689499999995, 27.563272999999974], [100.88754400000009, 27.559246000000023], [100.87897100000006, 27.549149000000014], [100.88588700000012, 27.542571000000024], [100.88742100000005, 27.536219999999986], [100.88266800000005, 27.51107600000003], [100.88656600000017, 27.502927000000085], [100.88446100000009, 27.483779000000105], [100.880165, 27.475524999999998], [100.88196600000006, 27.467269999999985], [100.895073, 27.46619100000006], [100.89836199999999, 27.457305000000062], [100.908646, 27.462810999999995], [100.91711100000008, 27.474103000000113], [100.9240500000001, 27.475764000000055], [100.93403300000008, 27.4730530000001], [100.9547279999999, 27.447878000000067], [100.9563640000001, 27.442818000000088], [100.95024200000007, 27.43283799999999], [100.96126200000006, 27.415036], [100.96235000000003, 27.406604999999992], [100.97348800000002, 27.400345000000023], [100.98254800000002, 27.38270099999996], [100.99048300000003, 27.377554000000067], [100.99487000000002, 27.368885000000084], [100.99498400000012, 27.359404999999967], [100.99941300000003, 27.353627999999993], [101.016355, 27.35038399999999], [101.02219100000005, 27.343682000000044], [101.02401800000005, 27.33978200000012], [101.02354900000014, 27.3387040000001], [101.01284099999995, 27.32758900000006], [101.00838100000014, 27.316191000000053], [101.02797000000001, 27.30128800000012], [101.04848599999994, 27.29237800000009], [101.05573000000007, 27.292904000000092], [101.04170300000013, 27.2464880000001], [101.04476200000002, 27.220802000000063], [101.05464299999991, 27.21576399999995], [101.05520000000008, 27.20440200000008], [101.07933500000004, 27.197181], [101.10122400000014, 27.209004], [101.11713099999994, 27.211553999999957], [101.13807000000004, 27.20671099999999], [101.1476630000001, 27.201126000000095], [101.16474200000013, 27.202029000000024], [101.16813300000004, 27.19943800000005], [101.16630999999992, 27.183001000000026], [101.168839, 27.17589100000007], [101.16151900000008, 27.156483999999978], [101.15952300000014, 27.155143000000045], [101.15778800000011, 27.15411900000005], [101.15702100000007, 27.15309], [101.15912600000016, 27.145636000000003], [101.15456800000014, 27.138717000000042], [101.15525800000003, 27.128970000000038], [101.151711, 27.12409999999997], [101.161667, 27.108468000000116], [101.15683800000002, 27.102069000000014], [101.15266800000015, 27.082086000000047], [101.14473400000004, 27.07706100000012], [101.14144100000007, 27.07051600000002], [101.13652799999991, 27.038146000000104], [101.14046500000015, 27.02800100000003], [101.19831500000001, 26.99767000000007], [101.21186800000007, 26.997756999999986], [101.22570800000015, 26.98792700000004], [101.22464800000003, 26.966293999999976], [101.23137699999998, 26.957370000000033], [101.26294400000016, 26.959061000000148], [101.26475200000002, 26.955294000000038], [101.26477500000013, 26.953516000000008], [101.25649000000013, 26.93914800000011], [101.25404800000004, 26.927462000000077], [101.26623200000007, 26.906556000000123], [101.27882400000001, 26.904724000000066], [101.2885140000001, 26.89956100000009], [101.30996000000006, 26.906421000000144], [101.32436800000008, 26.89065300000005], [101.346959, 26.891117999999977], [101.36368599999994, 26.887098999999978], [101.37157500000015, 26.870191000000062], [101.38243100000007, 26.8637400000001], [101.39779300000006, 26.841703000000003], [101.37986800000002, 26.81206100000003], [101.3708540000001, 26.80484100000003], [101.37813600000007, 26.789871999999967], [101.35560300000004, 26.77271599999996], [101.36606600000013, 26.769937000000063], [101.37512200000018, 26.75963099999999], [101.37599600000001, 26.753484000000135], [101.38336200000018, 26.755145000000077], [101.38379700000011, 26.74769100000008], [101.38554500000006, 26.746609000000085], [101.3879969999999, 26.74555900000007], [101.38848900000002, 26.728487000000086], [101.38921400000007, 26.727147999999964], [101.39140700000004, 26.725607000000004], [101.40801300000003, 26.72830299999996], [101.41602400000002, 26.725926000000108], [101.41784369086503, 26.726587224878248], [101.41808800000017, 26.72667599999999], [101.41953700000008, 26.72824300000015], [101.41984200000016, 26.736371000000133], [101.42685000000003, 26.74260700000007], [101.42968400000004, 26.74362200000003], [101.43244200000007, 26.744069000000067], [101.43428499999996, 26.743962000000096], [101.44226900000002, 26.738263000000003], [101.45651700000012, 26.745806999999985], [101.45170600000014, 26.76564900000001], [101.44416800000012, 26.77763100000002], [101.44890200000012, 26.784854999999993], [101.45885100000007, 26.789993999999936], [101.46244500000014, 26.790294000000067], [101.46251353724679, 26.790288380797275], [101.46405500000006, 26.79016199999998], [101.49552200000012, 26.773999000000067], [101.51234100000013, 26.772294000000038], [101.5081220000001, 26.757974000000026], [101.49746000000007, 26.76133600000002], [101.49644100000013, 26.75800900000008], [101.4934660000001, 26.753486000000123], [101.49208799999994, 26.751388000000084], [101.50076700000014, 26.74433199999998], [101.49980199999996, 26.739664000000104], [101.49362600000009, 26.734455000000054], [101.47388900000006, 26.72723100000008], [101.46742700000007, 26.709793000000012], [101.45274399999997, 26.707071000000035], [101.45230100000016, 26.694585000000068], [101.46017100000003, 26.689456000000064], [101.46218200000007, 26.689488999999952], [101.46495500000017, 26.69061799999993], [101.46648800000018, 26.691029000000007], [101.47745600000005, 26.678213000000092], [101.47094000000013, 26.6655850000001], [101.47053200000012, 26.662561000000004], [101.4707680000001, 26.659917000000085], [101.47028800000001, 26.656666000000037], [101.45930899999993, 26.644158000000026], [101.46420700000002, 26.632020000000075], [101.46307400000015, 26.613816999999948], [101.44917700000005, 26.602886000000034], [101.44339799999992, 26.603410000000046], [101.43485700000005, 26.60620399999994], [101.4288139999999, 26.607420000000012], [101.42620500000012, 26.606486000000004], [101.42451900000007, 26.60412399999997], [101.42042600000016, 26.604016000000094], [101.39597799999999, 26.608803000000044], [101.39454700000007, 26.605697999999997], [101.39476499999998, 26.599735000000088], [101.3931390000001, 26.594245000000058], [101.3932690000001, 26.590625999999936], [101.39340300000018, 26.586709000000027], [101.39344500000001, 26.585524000000035], [101.39465700000002, 26.58335699999997], [101.39580599999996, 26.581315000000124], [101.39814399999997, 26.578942999999974], [101.39740800000008, 26.572697000000097], [101.39715198871467, 26.57035613264734], [101.39664900000017, 26.565756999999998], [101.39926899999998, 26.560345000000027], [101.45360200000007, 26.533429000000005], [101.45487300000016, 26.51246600000013], [101.45106600000011, 26.5037170000001], [101.45671900000005, 26.498728000000135], [101.4668550000001, 26.50229800000011], [101.50722100000016, 26.500431], [101.50748400000008, 26.499960000000108], [101.50896499999996, 26.497349000000078], [101.50970099999992, 26.492630999999975], [101.51139200000013, 26.490337999999966], [101.51477500000009, 26.488868000000018], [101.51701800000004, 26.487431000000136], [101.52685200000005, 26.47166500000003], [101.54171100000016, 26.47037900000003], [101.55464199999992, 26.458319000000138], [101.562783, 26.45950900000001], [101.58647600000015, 26.429406000000085], [101.59776299999996, 26.42636899999998], [101.6116680000001, 26.416747000000015], [101.61907200000012, 26.416045000000018], [101.61697900000004, 26.399513000000127], [101.63578499999997, 26.398729000000095], [101.62925300000015, 26.362905000000033], [101.63187655491365, 26.36113312730471], [101.63430800000006, 26.359491], [101.63869999999994, 26.35694300000003], [101.65955800000009, 26.352475000000005], [101.66026400000007, 26.34989599999996], [101.65397299999992, 26.335809999999945], [101.65189000000007, 26.33334700000008], [101.65178700000016, 26.333224999999935], [101.65073100000009, 26.33193299999997], [101.6397680000001, 26.32935100000003], [101.63848999999996, 26.32239600000011], [101.65973799999998, 26.31229800000002], [101.64629800000003, 26.308286000000066], [101.62278000000006, 26.32016700000007], [101.62247100000016, 26.31783500000003], [101.62153999999995, 26.314920999999977], [101.6202319999999, 26.313247000000025], [101.60939800000003, 26.317941000000097], [101.5958709999999, 26.30725300000004], [101.5923010000001, 26.29744800000003], [101.59677200000002, 26.276589999999963], [101.59270899999993, 26.26557300000004], [101.61343400000001, 26.25686600000011], [101.61624900000012, 26.24310100000001], [101.62912000000016, 26.228054000000064], [101.65232200000011, 26.238576000000066], [101.66841200000002, 26.23507600000002], [101.69270400000008, 26.247923000000014], [101.70160700000007, 26.22795100000007], [101.70519300000004, 26.227154999999932], [101.716805, 26.226339000000095], [101.72621200000019, 26.222291000000006], [101.73268200000004, 26.219178000000007], [101.7462770000001, 26.21042800000007], [101.75209900000007, 26.19844800000005], [101.75258700000003, 26.198201999999945], [101.75352200000012, 26.197729000000066], [101.75587500000003, 26.19768299999999], [101.75900000000004, 26.19397900000012], [101.76270000000012, 26.188058000000133], [101.76533200000003, 26.18172400000008], [101.76561000000002, 26.17929500000001], [101.77626800000009, 26.18418600000004], [101.77116000000004, 26.170908999999995], [101.78079300000003, 26.170046], [101.78555299999996, 26.162726000000077], [101.78719000000015, 26.160306999999946], [101.79670000000007, 26.11387199999998], [101.81840899999995, 26.090459000000074], [101.83876500000005, 26.08519700000008], [101.8383910000001, 26.06613499999993], [101.8316240000001, 26.056390999999998], [101.83443100000001, 26.049137999999935], [101.84784400000004, 26.056200000000004], [101.862126, 26.055612000000025], [101.8635449999999, 26.058264999999977], [101.86506700000015, 26.06234500000005], [101.86670400000007, 26.065731999999983], [101.87575200000006, 26.072444000000047], [101.88700100000008, 26.094025000000073], [101.8976220000001, 26.106331999999973], [101.90811600000009, 26.107157000000022], [101.91687899999997, 26.112250000000067], [101.93710699999994, 26.10436900000009], [101.95826800000012, 26.088280000000083], [101.96088100000006, 26.088383999999984], [101.96444399999999, 26.088892000000094], [101.97107800000008, 26.095304000000027], [101.981484, 26.09003100000001], [101.98566900000013, 26.089641999999976], [101.98828956986765, 26.089814137692255], [101.98913999999999, 26.089870000000012], [102.02430400000007, 26.09972800000014], [102.02773700000009, 26.095083999999943], [102.04183300000003, 26.093329999999945], [102.03932599999999, 26.084581000000092], [102.05305899999993, 26.081764999999976], [102.05590800000002, 26.07650800000004], [102.06150100000005, 26.076061000000003], [102.07129699999993, 26.066863000000126], [102.08388899999997, 26.069585000000103], [102.09307499999991, 26.065802999999995], [102.1063310000001, 26.07121099999999], [102.11410599999991, 26.089072000000066], [102.1295370000001, 26.09026800000008], [102.1296429999999, 26.09862100000003], [102.13616199999998, 26.11300600000009], [102.15013500000006, 26.112872000000017], [102.17287900000012, 26.151423000000115], [102.18611200000008, 26.16136000000003], [102.20373200000003, 26.165577999999975], [102.23866700000016, 26.191361000000043], [102.24708600000005, 26.220020999999946], [102.25686700000003, 26.2248040000001], [102.28209000000012, 26.224297999999976], [102.31079099999997, 26.231332000000037], [102.314629, 26.235302999999973], [102.35021700000007, 26.249384000000106], [102.39108000000007, 26.30084500000008], [102.4492690000001, 26.310356000000098], [102.47016599999992, 26.31648900000004], [102.491315, 26.328298000000125], [102.50315600000008, 26.328155000000017], [102.52783200000002, 26.33542599999997], [102.53960400000007, 26.34167900000007], [102.54203100000015, 26.35923900000011], [102.54976699999995, 26.36615300000001], [102.56802400000001, 26.366596999999977], [102.59164100000001, 26.352457000000115], [102.61837800000005, 26.346393999999925], [102.6283960000001, 26.339154999999955], [102.63713900000008, 26.310328999999996], [102.60927200000006, 26.28602100000011], [102.60582699999995, 26.267035000000035], [102.59935400000003, 26.253910000000133], [102.60791100000016, 26.24942700000011], [102.61956499999994, 26.249564000000078], [102.62955900000004, 26.239390999999998], [102.6562200000001, 26.227700000000084], [102.6618320000001, 26.21273899999997], [102.67551500000016, 26.209556000000042], [102.69498500000006, 26.21859599999999], [102.70420499999997, 26.214001000000117], [102.71715600000013, 26.220136000000046], [102.72166500000017, 26.231491000000048], [102.72205400000004, 26.249431000000087], [102.73830500000012, 26.267532000000124], [102.74092600000009, 26.275685000000045], [102.75898800000002, 26.278319000000025], [102.7724949999999, 26.295559000000054], [102.78319600000006, 26.30259900000008], [102.80865900000012, 26.309170000000023], [102.83056000000008, 26.309484999999974], [102.83592999999993, 26.31619199999998], [102.83791400000004, 26.317438000000045], [102.84325499999991, 26.32014400000012], [102.84790900000014, 26.322777000000016], [102.85292499999994, 26.332353000000083], [102.866814, 26.343796000000083], [102.87834200000002, 26.36948500000001], [102.88875600000014, 26.361065000000025], [102.88472800000002, 26.35210700000011], [102.89313900000006, 26.341567999999945], [102.91438300000002, 26.345863000000044], [102.92478600000001, 26.338422000000058], [102.94181500000018, 26.344258000000117], [102.97488800000016, 26.344476000000036], [102.98273900000007, 26.34807700000009], [102.98869000000005, 26.35565700000003], [102.99027000000004, 26.366659000000134], [102.99688800000004, 26.37764800000005], [102.98659599999999, 26.414745000000103], [102.98975100000017, 26.435528000000005], [102.99722700000004, 26.453614000000044], [102.98767900000016, 26.485640000000096], [103.00095399999995, 26.48840000000002], [103.02021100000015, 26.486045000000033], [103.03169700000015, 26.489667000000047], [103.04127600000011, 26.503618999999986], [103.04255300000008, 26.5141810000001], [103.0506750000001, 26.516948999999975], [103.05520300000003, 26.525720999999955], [103.05490900000004, 26.549094000000103], [103.05053800000005, 26.558799000000008], [103.03496200000004, 26.558867000000127], [103.02808000000002, 26.578275000000126], [103.017167, 26.595162999999985], [103.02791200000016, 26.60519899999992], [103.02694699999998, 26.631773000000067], [103.02293100000006, 26.64311600000014], [103.02680699999993, 26.66277600000003], [103.02137400000001, 26.67048400000008], [103.00384200000006, 26.6818070000001], [103.00251800000004, 26.690821000000028], [103.0083240000001, 26.707632999999994], [103.00521500000016, 26.715997000000144], [102.99521700000017, 26.72736600000006], [103.00106099999991, 26.732304999999975], [103.00068700000006, 26.739299000000102], [102.99289000000002, 26.743545000000054], [102.99086799999995, 26.753874000000074], [102.98207100000005, 26.769280999999964], [102.99014700000006, 26.77829500000007], [102.97878699999993, 26.794903000000033], [102.97788599999998, 26.810266000000013], [102.9663669999999, 26.825198000000036], [102.96863600000015, 26.836112000000142], [102.96123900000008, 26.844231999999998], [102.94679700000009, 26.847453999999956], [102.93797300000008, 26.862161000000015], [102.9238970000001, 26.87602400000005], [102.90943600000006, 26.90481099999998], [102.8952370000001, 26.915124000000098], [102.89667900000003, 26.922838000000112], [102.88975900000017, 26.95327000000008], [102.89475700000017, 26.979237000000097], [102.89391000000009, 27.00583300000011], [102.87003800000004, 27.03025800000008], [102.87997900000002, 27.045984000000075], [102.88551000000015, 27.06526300000006], [102.89713300000012, 27.078288000000036], [102.89765300000008, 27.091649000000103], [102.9086080000001, 27.115965000000116], [102.91257899999997, 27.140738000000106], [102.90490400000006, 27.171024000000074], [102.90856200000003, 27.182570999999975], [102.90210400000002, 27.198064000000052], [102.90334800000002, 27.23021400000006], [102.89907100000008, 27.240942000000054], [102.88517399999998, 27.25358700000003], [102.88264500000007, 27.299925000000144], [102.89740400000008, 27.318620000000124], [102.92384400000006, 27.378692999999984], [102.93557000000003, 27.39211600000003], [102.939785, 27.403542000000044], [102.94358900000006, 27.41180600000009], [102.9463890000001, 27.41403900000011], [102.95173700000001, 27.416046999999985], [102.95386200000006, 27.41327099999998], [102.96941799999993, 27.381154000000038], [102.98569099999989, 27.371809000000077], [103.02407100000013, 27.38591600000005], [103.05840400000002, 27.414287000000023], [103.06003300000006, 27.414498000000073], [103.06211500000003, 27.414537000000102], [103.0649230000001, 27.4140260000001], [103.07751900000002, 27.401094], [103.09915900000013, 27.40071900000006], [103.11008100000001, 27.40419399999999], [103.13221400000006, 27.4192430000001], [103.13249700000003, 27.44156600000006], [103.14183900000009, 27.463909000000072], [103.21276100000001, 27.574425000000055], [103.22736800000015, 27.574094000000024], [103.23179700000006, 27.573989999999945], [103.23220722082687, 27.573613015455475], [103.23536400000005, 27.570711999999972], [103.25624900000004, 27.573119], [103.27941900000009, 27.565365999999955], [103.29403699999997, 27.569990000000097], [103.29278200000014, 27.58882099999996], [103.29719600000014, 27.604808000000055], [103.27844999999994, 27.62139100000008], [103.27822200000017, 27.636838000000083], [103.29296100000003, 27.638150000000103], [103.31472399999993, 27.660380000000004], [103.33719300000016, 27.677912000000035], [103.34991100000005, 27.68339500000002], [103.35601500000016, 27.697234000000023], [103.36951200000011, 27.712913000000036], [103.39344100000008, 27.71486900000005], [103.42033800000004, 27.748075000000036], [103.43920999999992, 27.755070999999973], [103.45324800000006, 27.783078000000025], [103.47532700000008, 27.79666300000015], [103.49306900000008, 27.81507600000007], [103.50705700000006, 27.84599000000013], [103.50025900000016, 27.86931600000012], [103.501453, 27.915545000000094], [103.53666, 27.955542000000108], [103.55941500000009, 27.961920999999975], [103.56244, 27.98001400000006], [103.55180400000015, 27.981499000000007], [103.53533600000006, 27.968491000000014], [103.51276900000008, 27.969795000000083], [103.49726600000005, 27.98766200000012], [103.49197900000003, 28.00864399999997], [103.494248, 28.02668899999999], [103.49014000000003, 28.033751999999964], [103.47561299999992, 28.037693000000083], [103.45966700000011, 28.025518999999996], [103.45315600000016, 28.025767999999992], [103.42961600000005, 28.046020000000013], [103.427666, 28.053116000000053], [103.43043200000007, 28.074450999999975], [103.44880299999997, 28.08829800000011], [103.45640300000005, 28.10241000000014], [103.45632200000003, 28.104186000000006], [103.45605900000001, 28.105677999999997], [103.45504100000008, 28.106950000000083], [103.44645700000011, 28.113547000000047], [103.44985700000005, 28.125235000000067], [103.46711800000004, 28.124722000000077], [103.47975200000018, 28.136753000000056], [103.50027500000006, 28.1440530000001], [103.50493200000008, 28.1543560000001], [103.529775, 28.170184000000006], [103.53994100000004, 28.186473000000042], [103.54952700000004, 28.193578000000116], [103.56160000000013, 28.211882000000074], [103.56684199999998, 28.230932000000116], [103.61313300000002, 28.245717000000056], [103.61546800000005, 28.24689200000011], [103.61712700000008, 28.247737000000036], [103.61961800000013, 28.254757000000005], [103.63409799999997, 28.264602000000124], [103.64449400000004, 28.262509000000144], [103.6566700000001, 28.25359500000014], [103.69056400000008, 28.195040000000112], [103.70803500000004, 28.187130000000046], [103.70996500000004, 28.186260000000004], [103.72679600000006, 28.187706000000098], [103.73473400000005, 28.197862000000015], [103.73720200000005, 28.22208200000008], [103.7375799999999, 28.22817900000006], [103.73953300000002, 28.232027000000123], [103.742809, 28.233724000000024], [103.74784099999997, 28.233890999999986], [103.7501609999999, 28.234182000000082], [103.76084200000018, 28.227685000000044], [103.76790700000006, 28.227271000000073], [103.77910700000011, 28.230361000000123], [103.79187100000016, 28.246906000000024], [103.79568500000008, 28.25348000000004], [103.82220100000004, 28.26766700000006], [103.8438800000001, 28.30277700000002], [103.872963, 28.31112500000009], [103.87442100000011, 28.32696200000003], [103.85172400000012, 28.3573480000001], [103.85713300000002, 28.38603100000013], [103.8499570000001, 28.407607000000098], [103.84236500000006, 28.419303999999975], [103.84183100000011, 28.420197000000144], [103.83785600000002, 28.428352000000054], [103.8377459999999, 28.434699000000116], [103.83689200000012, 28.457425000000022], [103.83436200000003, 28.463701999999977], [103.829647, 28.472527000000078], [103.82789300000009, 28.475148999999952], [103.81456800000015, 28.499397000000023], [103.80524499999999, 28.50309499999993], [103.80474200000019, 28.503456000000135], [103.7811250000001, 28.529562000000105], [103.80052700000013, 28.537923000000006], [103.79870700000001, 28.565099000000046], [103.81546100000006, 28.571747000000144], [103.83468000000013, 28.587214000000024], [103.83723500000016, 28.593140999999974], [103.83401099999995, 28.605832000000028], [103.83213800000013, 28.609504000000094], [103.83211600000001, 28.614179000000014], [103.83410700000016, 28.621239000000095], [103.83402700000002, 28.62401999999998], [103.83524000000003, 28.628262000000134], [103.84152600000002, 28.635367999999936], [103.83889000000013, 28.653667000000013], [103.84994200000003, 28.67042300000014], [103.86085200000007, 28.67137500000004], [103.865437, 28.66705899999998], [103.87202100000005, 28.65395199999997], [103.86968600000003, 28.633556000000112], [103.87675100000016, 28.626503000000078], [103.89428000000012, 28.622791000000078], [103.90438900000007, 28.63218100000003], [103.91243800000008, 28.634558000000062], [103.93367899999996, 28.62705799999999], [103.93517000000013, 28.625908999999957], [103.93677500000005, 28.624118000000095], [103.9376760000001, 28.622170999999938], [103.94054400000007, 28.60674599999998], [103.95254200000007, 28.604478000000086], [104.00952900000003, 28.622405000000114], [104.05702200000005, 28.630369999999935], [104.07548599999993, 28.620318000000097], [104.08277200000006, 28.609126999999987], [104.09507800000014, 28.606664000000123], [104.10809800000006, 28.616480000000152], [104.110196, 28.629736999999963], [104.1199159999999, 28.639213000000105], [104.1586110000001, 28.642220000000037], [104.16863300000013, 28.645602999999994], [104.19067400000003, 28.63724100000001], [104.20678000000001, 28.64080500000002], [104.22782600000001, 28.63923000000009], [104.23885400000013, 28.64554000000011], [104.23934899999998, 28.661582000000138], [104.24014300000002, 28.663751000000012], [104.24145500000004, 28.665585000000057], [104.2440040000001, 28.666491999999963], [104.25285700000003, 28.661338000000022], [104.27032899999998, 28.63703500000002], [104.29637600000004, 28.636482000000093], [104.30198400000015, 28.62153700000006], [104.30324600000003, 28.61964200000012], [104.30519200000012, 28.618716000000063], [104.30740100000018, 28.61824100000002], [104.31828400000003, 28.62150799999997], [104.33646100000014, 28.64098400000009], [104.36555900000005, 28.651338000000045], [104.37194100000008, 28.651944999999998], [104.38666600000002, 28.645353999999998], [104.40852400000014, 28.640947000000047], [104.42301600000017, 28.628420000000062], [104.41725300000012, 28.62260099999999], [104.41357100000002, 28.599862000000073], [104.38725699999989, 28.602786000000066], [104.37347500000007, 28.598209999999987], [104.36582200000014, 28.590158000000073], [104.35453800000015, 28.559762000000063], [104.34166000000008, 28.55752500000007], [104.327351, 28.547202000000013], [104.31429000000006, 28.539736999999995], [104.286256, 28.533846000000004], [104.26405000000013, 28.531400000000126], [104.24770400000008, 28.531827000000106], [104.24682700000008, 28.531296000000047], [104.24571699999998, 28.52615800000001], [104.24770400000008, 28.51216700000004], [104.25029799999996, 28.511691999999996], [104.25082137037366, 28.511627776132705], [104.25658100000012, 28.510920999999975], [104.25813468237196, 28.509530390300494], [104.2622880000001, 28.50581300000011], [104.26372200000017, 28.503406000000084], [104.25997600000002, 28.49176900000002], [104.26802899999993, 28.47334200000001], [104.25785100000004, 28.45434200000002], [104.26630400000002, 28.428751999999932], [104.25934600000002, 28.41738699999999], [104.25775199999995, 28.405701000000136], [104.26337100000008, 28.396631000000014], [104.27089000000004, 28.395979999999973], [104.27343100000004, 28.395341000000037], [104.27427800000014, 28.391960999999974], [104.2699779999999, 28.385274000000024], [104.26802100000006, 28.381829999999994], [104.27598999999995, 28.364404999999934], [104.27759300000015, 28.35567400000015], [104.27710000000005, 28.35234200000015], [104.27687900000005, 28.350200999999927], [104.28471500000003, 28.346427000000126], [104.28303600000002, 28.34214600000012], [104.28347100000005, 28.341022000000024], [104.28448900000016, 28.339024000000087], [104.28588899999991, 28.3376480000001], [104.29955000000002, 28.332691000000118], [104.28773900000013, 28.317064000000144], [104.29431500000013, 28.311580999999983], [104.31162000000003, 28.310025000000024], [104.32307900000004, 28.31612300000009], [104.32891499999991, 28.327246999999986], [104.34083200000013, 28.337431000000088], [104.35034600000004, 28.337523999999966], [104.35257399999992, 28.340155999999958], [104.35401200000015, 28.341295000000052], [104.35583900000015, 28.342262000000126], [104.36818000000002, 28.3404540000001], [104.38229400000003, 28.333432000000144], [104.3865549999999, 28.309073000000126], [104.39299500000001, 28.304042999999965], [104.39109100000005, 28.293222999999998], [104.40602900000012, 28.28526900000002], [104.40835999999999, 28.283524999999962], [104.4100960000001, 28.281249000000116], [104.41761500000004, 28.274342999999988], [104.42977200000016, 28.27757900000004], [104.44680400000001, 28.273252000000134], [104.4415440000001, 28.262519999999988], [104.45982400000011, 28.244955999999974], [104.4594890000001, 28.243186000000073], [104.45889000000003, 28.241469000000116], [104.4579130000001, 28.240152000000037], [104.44942900000015, 28.237827000000046], [104.44755599999999, 28.222822000000022], [104.43997600000013, 28.214836999999967], [104.41636300000002, 28.207388999999935], [104.39975100000008, 28.206134000000013], [104.39883099999999, 28.20471199999995], [104.39855700000005, 28.20287200000012], [104.40483100000003, 28.187755999999972], [104.40186400000012, 28.180429000000004], [104.40219199999999, 28.178672000000113], [104.4036276772949, 28.176801186738828], [104.40377900000011, 28.17660400000007], [104.42937900000014, 28.171406999999945], [104.44912400000013, 28.177360000000093], [104.45121800000001, 28.17685900000003], [104.45295400000012, 28.17554700000001], [104.45486500000007, 28.172714000000084], [104.45469000000006, 28.169845000000024], [104.44212800000011, 28.165337000000065], [104.44567200000014, 28.157288000000044], [104.44225000000009, 28.141439], [104.45048999999992, 28.129966000000003], [104.44675100000008, 28.117115000000034], [104.43122100000014, 28.117193999999998], [104.43000800000013, 28.116229999999995], [104.43059200000013, 28.109760999999963], [104.43032100000002, 28.108556999999998], [104.42532000000003, 28.10333600000002], [104.410828, 28.10131900000011], [104.39811800000015, 28.094745000000096], [104.39614200000008, 28.073437000000098], [104.39085900000012, 28.057465], [104.38400700000003, 28.05587399999999], [104.38287399999999, 28.056115000000034], [104.38144799999995, 28.05761600000006], [104.37973499999995, 28.058986000000083], [104.36694400000007, 28.054904000000022], [104.33903200000006, 28.061235000000003], [104.33179500000008, 28.057159000000084], [104.30529500000002, 28.055489000000108], [104.29731800000009, 28.05134300000008], [104.2958110000001, 28.048771999999985], [104.29651700000008, 28.047332000000033], [104.32263999999995, 28.03274400000005], [104.32388800000008, 28.030887999999962], [104.32426099999995, 28.02882299999999], [104.35371800000016, 28.021813000000137], [104.37628200000016, 27.996997000000142], [104.376454, 27.99590600000011], [104.37635800000005, 27.994875999999977], [104.37596200000016, 27.994422999999976], [104.36967100000001, 27.993282999999977], [104.38368699999992, 27.97977200000011], [104.38097400000007, 27.97202700000002], [104.38734200000009, 27.969075000000018], [104.39341000000016, 27.958129000000106], [104.41138199999992, 27.954609000000005], [104.42344, 27.94106399999999], [104.4298820000001, 27.940535000000096], [104.43748600000016, 27.93263800000004], [104.44853300000008, 27.930240000000047], [104.46242099999998, 27.915343999999983], [104.467049, 27.9150620000001], [104.46684300000001, 27.90904899999996], [104.49461399999998, 27.900046999999958], [104.50434500000009, 27.882312000000006], [104.51607200000004, 27.88338800000004], [104.52315599999989, 27.892714000000026], [104.5360540000001, 27.889981000000027], [104.54450599999998, 27.878030000000095], [104.54919900000007, 27.879726999999995], [104.5560760000001, 27.871484000000088], [104.5552300000001, 27.85676700000009], [104.56501400000005, 27.854751000000086], [104.56490000000012, 27.848102999999988], [104.57092300000002, 27.844186999999984], [104.5905230000001, 27.853467000000073], [104.59056099999995, 27.853510000000078], [104.58926100000005, 27.856092000000018], [104.589661, 27.85826400000014], [104.59252600000009, 27.856460999999996], [104.5966040000001, 27.857922999999992], [104.60028500000001, 27.85757899999995], [104.60272999999998, 27.859398], [104.60558800000011, 27.861938000000016], [104.62175800000007, 27.862633000000145], [104.63135600000001, 27.854517000000087], [104.67865499999996, 27.887223999999996], [104.69478600000016, 27.8894430000001], [104.74337799999998, 27.90668000000006], [104.74931400000006, 27.904826000000135], [104.7464420000001, 27.89601800000002], [104.7488980000001, 27.89044199999998], [104.76408000000012, 27.888163000000063], [104.77036700000009, 27.893861999999977], [104.78798300000014, 27.898730999999962], [104.79476999999994, 27.906220000000012], [104.79499525387966, 27.90582223461245], [104.79641000000001, 27.903324000000026], [104.81107, 27.905533000000013], [104.82125899999997, 27.90254700000004], [104.83156300000014, 27.908451000000042], [104.83811300000005, 27.902583], [104.8704000000001, 27.90951699999996], [104.88503700000005, 27.917459000000008], [104.88460200000011, 27.9314300000001], [104.88888599999993, 27.936679000000083], [104.91833499999993, 27.944716], [104.91405600000017, 27.951282000000063], [104.90195200000002, 27.95271299999998], [104.90089415443668, 27.95599431575758]], [[105.28069000000005, 27.94572599999999], [105.28135999999998, 27.94288099999996], [105.280799, 27.945265000000038], [105.28069000000005, 27.94572599999999]], [[104.78914999999998, 27.899192999999997], [104.79331000000002, 27.904059999999994], [104.79139300000003, 27.90181800000003], [104.78914999999998, 27.899192999999997]], [[104.38198199999998, 27.974583000000028], [104.38325, 27.97617900000001], [104.38155999999998, 27.97405199999997], [104.38198199999998, 27.974583000000028]], [[104.446091, 28.127193999999974], [104.44775999999999, 28.129239999999974], [104.44575999999998, 28.126789000000038], [104.446091, 28.127193999999974]], [[106.07477299999995, 23.503690999999968], [106.07450000000001, 23.503052000000032], [106.07505000000005, 23.504339000000027], [106.07477299999995, 23.503690999999968]], [[104.91832000000002, 27.973905999999968], [104.91852999999998, 27.97634900000004], [104.918441, 27.975316000000014], [104.91832000000002, 27.973905999999968]], [[105.26796999999999, 27.979624000000033], [105.26637999999997, 27.982370000000042], [105.26669600000001, 27.981823999999985], [105.26796999999999, 27.979624000000033]], [[104.92666999999999, 27.98349399999996], [104.93079, 27.983589000000006], [104.92769599999997, 27.983517999999993], [104.92666999999999, 27.98349399999996]]]}}]}