{"type": "FeatureCollection", "features": [{"type": "Feature", "properties": {"name": "昭通市", "kind": "0137", "admin_code": "530624", "code_1": 5306}, "geometry": {"type": "Polygon", "coordinates": [[[105.17381000000016, 28.07020500000006], [105.18317100000002, 28.056017000000132], [105.180531, 28.04365200000005], [105.166676, 28.031484000000106], [105.16546299999999, 28.029874000000035], [105.16434900000002, 28.02694699999997], [105.16456300000013, 28.024597000000128], [105.18123700000005, 27.99974999999997], [105.20399200000006, 27.995692000000027], [105.20638300000017, 27.99549899999996], [105.21296700000013, 27.99587699999997], [105.21939500000013, 27.996449000000133], [105.22855000000001, 28.00585800000006], [105.23496300000002, 28.006306000000002], [105.24478200000013, 28.012740000000157], [105.24630800000008, 28.005711000000154], [105.26824599999999, 28.000071000000148], [105.26605300000008, 27.984085999999955], [105.276501, 27.97314400000002], [105.27986499999999, 27.96451100000008], [105.28181500000004, 27.943203999999987], [105.27771000000003, 27.932562000000097], [105.269238, 27.92682900000012], [105.26184900000005, 27.91541099999997], [105.25150300000004, 27.918199000000165], [105.24501100000006, 27.91589900000011], [105.23019500000005, 27.899097000000083], [105.23012876005212, 27.898830979597932], [105.22950800000005, 27.89633799999998], [105.22964500000002, 27.895074000000108], [105.23820900000001, 27.879177000000176], [105.23705700000009, 27.871300000000176], [105.24359200000008, 27.86247499999999], [105.24210800000003, 27.85592700000008], [105.24700200000014, 27.84823200000004], [105.23799500000007, 27.834226000000072], [105.24104300000002, 27.826387000000018], [105.25660400000004, 27.83138800000009], [105.271226, 27.820544999999996], [105.28638099999992, 27.819278999999966], [105.30258200000003, 27.823759000000003], [105.31306500000001, 27.820444000000165], [105.3098910000001, 27.814160000000165], [105.287418, 27.81057700000018], [105.28420399999999, 27.79948000000003], [105.27388100000012, 27.79859000000011], [105.27141200000011, 27.79537200000013], [105.27578000000003, 27.78271499999996], [105.2900470000001, 27.773880000000098], [105.28577500000013, 27.76748], [105.29071500000012, 27.75582100000007], [105.28468800000007, 27.745778], [105.28806700000005, 27.73496800000006], [105.28718600000016, 27.718976999999903], [105.30625200000011, 27.713167000000126], [105.29589200000001, 27.697897000000026], [105.30522500000005, 27.676156000000084], [105.30665599999989, 27.65827700000012], [105.30066700000003, 27.643083999999995], [105.291787, 27.636550000000092], [105.30001100000013, 27.629660000000044], [105.30187700000015, 27.616942000000066], [105.27181300000007, 27.593145000000007], [105.254742, 27.586999000000056], [105.252007, 27.579932000000106], [105.24625800000004, 27.579554000000094], [105.24310400000002, 27.583427000000093], [105.23984600000003, 27.580558000000032], [105.24089100000006, 27.575933999999982], [105.24807400000002, 27.570313000000034], [105.23736299999993, 27.562085000000124], [105.23962100000014, 27.554585000000053], [105.22951500000002, 27.54607800000015], [105.235478, 27.543607999999978], [105.24443500000001, 27.548671000000112], [105.25386100000011, 27.544213000000028], [105.25008400000006, 27.539535000000036], [105.25749700000003, 27.519520000000085], [105.25204900000003, 27.510362000000143], [105.24635800000014, 27.507960999999995], [105.24490800000007, 27.497976000000016], [105.23138100000013, 27.492355999999887], [105.23053400000003, 27.47922100000013], [105.23621100000008, 27.471303000000113], [105.231842, 27.462484000000153], [105.23228437987983, 27.46047288556526], [105.23238400000017, 27.46002000000003], [105.23410500000008, 27.45263300000007], [105.22306396026765, 27.446048567352868], [105.22262200000016, 27.44578500000012], [105.229836, 27.438674000000084], [105.22272900000013, 27.4227420000001], [105.2019810000001, 27.39475400000002], [105.19259300000013, 27.38801500000003], [105.18886199999999, 27.37629100000005], [105.183686, 27.371755000000086], [105.17894400000004, 27.37104000000008], [105.17744900000017, 27.373778000000137], [105.18153800000009, 27.395711999999975], [105.1691440000001, 27.400536000000052], [105.16260600000004, 27.41298999999995], [105.150585, 27.40762100000007], [105.13172199999997, 27.419329999999967], [105.11826300000016, 27.421686000000122], [105.09620000000004, 27.414580999999963], [105.08392400000002, 27.422736000000135], [105.07063300000007, 27.422863000000163], [105.06409100000005, 27.421129000000043], [105.05461899999997, 27.412628000000105], [105.0436640000001, 27.41052699999991], [105.04243500000003, 27.399448999999912], [105.03645400000005, 27.40361500000008], [105.02858000000012, 27.403557000000077], [104.99514000000013, 27.37325699999993], [104.97546399999999, 27.364675999999946], [104.96158300000006, 27.362590000000097], [104.94123900000007, 27.350167000000013], [104.93146200000007, 27.338306000000067], [104.91066399999991, 27.33037000000016], [104.900593, 27.308760000000042], [104.89227400000001, 27.30957400000007], [104.88945899999999, 27.303334999999976], [104.87704900000008, 27.301095999999994], [104.87067100000013, 27.295511000000005], [104.84884700000006, 27.304682000000135], [104.84980100000013, 27.31555100000007], [104.84635600000001, 27.323815999999937], [104.85227300000003, 27.334409000000036], [104.85115900000005, 27.33810799999994], [104.84156100000004, 27.346523000000133], [104.83333700000018, 27.346932000000045], [104.819367, 27.356379000000096], [104.80728599999989, 27.358597999999937], [104.79326000000012, 27.33902300000006], [104.78656100000006, 27.32255800000003], [104.77124100000009, 27.31185200000008], [104.75671100000011, 27.319806000000057], [104.76429000000016, 27.33390500000008], [104.75180200000003, 27.348757000000056], [104.74227500000009, 27.345195000000032], [104.73471100000006, 27.33798400000007], [104.71881900000001, 27.346252999999997], [104.69626700000012, 27.340575000000044], [104.69040000000015, 27.32601500000007], [104.68136300000009, 27.320712000000057], [104.65453400000017, 27.326974000000014], [104.63640200000006, 27.327289000000142], [104.60768499999998, 27.309794999999973], [104.60185700000012, 27.315295000000027], [104.59393000000007, 27.31431400000004], [104.58615900000014, 27.326519000000026], [104.580071, 27.32705099999999], [104.56801300000011, 27.335203000000007], [104.54452200000014, 27.332997999999996], [104.53822400000004, 27.32970400000012], [104.53542700000008, 27.343588000000032], [104.51372600000008, 27.35779000000005], [104.51969147395792, 27.368170539090045], [104.51994000000015, 27.368602999999972], [104.51978000000005, 27.369748000000115], [104.50481500000015, 27.390025999999892], [104.51574800000004, 27.404641000000062], [104.497941, 27.398891000000013], [104.49604800000004, 27.40354500000015], [104.48889600000017, 27.40698100000005], [104.48946400000008, 27.41155200000007], [104.49552199999997, 27.415535000000112], [104.49324900000009, 27.419264000000098], [104.4818040000001, 27.416510000000137], [104.46322299999989, 27.418513000000047], [104.44240300000001, 27.430696000000076], [104.42356900000009, 27.43286000000007], [104.4130450000001, 27.439153000000104], [104.39883500000005, 27.459440999999998], [104.37585100000001, 27.467426999999958], [104.3685420000001, 27.465162000000042], [104.36080600000005, 27.470926000000098], [104.3429879999999, 27.466079000000065], [104.34589400000009, 27.463574000000015], [104.34191499999994, 27.456185000000154], [104.33054100000004, 27.448043999999896], [104.33941700000011, 27.438552000000115], [104.33839000000003, 27.435767000000077], [104.33814200000012, 27.433918000000034], [104.33737900000006, 27.43090399999997], [104.32985, 27.43457800000011], [104.33091800000015, 27.428806000000016], [104.32911800000008, 27.426704], [104.32704999999996, 27.42437700000002], [104.32524599999991, 27.421129000000043], [104.32633699999994, 27.41558100000001], [104.30638600000003, 27.410166999999966], [104.302502, 27.406438999999885], [104.290417, 27.377050999999966], [104.28653000000008, 27.374943000000073], [104.28445800000007, 27.373777000000054], [104.28131900000005, 27.37722800000013], [104.2777600000001, 27.36610300000015], [104.26609000000015, 27.364182000000106], [104.26585800000014, 27.360474000000167], [104.26431699999992, 27.356763000000072], [104.2575920000001, 27.353255999999895], [104.24782199999997, 27.339313000000075], [104.24775000000005, 27.338974999999913], [104.247262, 27.33671400000015], [104.24681900000012, 27.334677000000006], [104.25047400000003, 27.33076700000006], [104.24657100000002, 27.32388400000014], [104.25746600000016, 27.312846999999984], [104.24885600000007, 27.30424000000007], [104.25116800000006, 27.29599600000008], [104.24666999999997, 27.29528600000004], [104.24184100000016, 27.302829000000116], [104.22766900000015, 27.298831000000078], [104.21071299999991, 27.304025000000046], [104.20850500000009, 27.30027300000002], [104.21726700000013, 27.2876180000001], [104.21576000000013, 27.283470000000086], [104.20669300000009, 27.28287500000006], [104.18829400000008, 27.289140000000003], [104.18547500000008, 27.27796600000014], [104.17021999999997, 27.266866000000014], [104.14874300000002, 27.28491300000011], [104.13049799999997, 27.307573000000062], [104.12890700000014, 27.315039999999982], [104.13226800000005, 27.323926000000064], [104.13162700000012, 27.32551000000003], [104.1302039999999, 27.327659000000025], [104.12954800000006, 27.328379000000005], [104.11623100000008, 27.332677999999902], [104.10936000000001, 27.340708000000035], [104.08272600000005, 27.333397000000147], [104.07744600000017, 27.340851000000143], [104.05965500000002, 27.35032300000013], [104.05771300000009, 27.35232700000003], [104.05498600000007, 27.35647100000007], [104.05337999999998, 27.357764999999937], [104.02278200000003, 27.374265000000108], [104.01583900000003, 27.383992000000056], [104.01682000000002, 27.411251000000036], [104.00978900000004, 27.41918600000004], [104.00912499999998, 27.43324300000014], [104.00199600000005, 27.43168400000011], [103.99041000000013, 27.420830000000173], [103.97791000000007, 27.41965300000013], [103.97047500000005, 27.425925000000028], [103.9581079999999, 27.428368000000013], [103.95295400000003, 27.437730999999957], [103.94408100000004, 27.4366840000001], [103.93053500000005, 27.447488000000163], [103.92434000000003, 27.418064000000108], [103.91928900000008, 27.413167000000115], [103.9114230000001, 27.39317400000003], [103.90182900000015, 27.388853999999995], [103.90334000000011, 27.374611000000137], [103.90025000000006, 27.348401000000088], [103.87360799999998, 27.33509700000012], [103.87453500000012, 27.318018999999907], [103.86456800000002, 27.305036000000115], [103.86374400000005, 27.285409000000115], [103.86219900000012, 27.286767000000033], [103.85947800000005, 27.289585999999957], [103.844449, 27.291557000000054], [103.83916500000014, 27.286437], [103.84019900000007, 27.27746600000016], [103.83577400000004, 27.27059100000011], [103.82050700000002, 27.2672939999999], [103.807491, 27.270829999999904], [103.80435599999996, 27.267562000000133], [103.80268500000015, 27.254123000000007], [103.7978260000001, 27.25235700000008], [103.78829600000012, 27.256190999999966], [103.78872000000003, 27.24540400000015], [103.77738599999998, 27.232114000000095], [103.77605900000015, 27.226010000000066], [103.76805999999999, 27.22384800000006], [103.762303, 27.21763700000006], [103.74724200000004, 27.214598000000144], [103.73515300000005, 27.18849100000009], [103.72613600000005, 27.18259700000003], [103.718327, 27.16558199999988], [103.71449000000014, 27.162889000000078], [103.70573100000017, 27.163994000000024], [103.7083900000001, 27.141027000000072], [103.70483000000004, 27.13942300000005], [103.69899100000009, 27.142705], [103.69421000000011, 27.130178000000015], [103.68786300000005, 27.133934000000103], [103.67417600000002, 27.134939000000124], [103.65955800000003, 27.12657200000008], [103.63671900000001, 27.125746000000127], [103.62460700000008, 27.11870500000002], [103.61785100000012, 27.102071000000038], [103.63931000000017, 27.09356600000004], [103.65032700000009, 27.09730500000005], [103.65873800000004, 27.08147700000014], [103.65923800000002, 27.073612000000068], [103.64551200000014, 27.06976899999998], [103.6274260000001, 27.07538800000011], [103.61516200000003, 27.084109000000133], [103.61094700000015, 27.081245000000045], [103.60749499999999, 27.071026000000153], [103.60056299999994, 27.06664700000003], [103.61016100000012, 27.044280999999984], [103.6164060000001, 27.038637999999906], [103.622296, 27.038503000000013], [103.627194, 27.022373999999985], [103.611424, 27.010972000000002], [103.61309100000008, 27.000966999999967], [103.61255299999998, 26.999380000000016], [103.61122899999995, 26.99641600000009], [103.61029500000002, 26.995431000000124], [103.59840100000001, 26.99084100000013], [103.60083800000004, 26.991543000000128], [103.58112000000014, 26.99084199999995], [103.56783700000014, 26.996507000000157], [103.56309899999997, 27.007012999999993], [103.5520290000001, 27.009404000000025], [103.53347000000001, 27.004990000000028], [103.52295700000005, 26.996474000000006], [103.52168300000014, 26.996014000000045], [103.52153400000007, 26.995993000000084], [103.51714400000012, 26.996357000000003], [103.50023300000012, 27.004722000000058], [103.49538900000007, 27.01154699999997], [103.48403600000006, 27.011429000000064], [103.4724009999999, 26.998633000000027], [103.45149200000006, 26.98879100000007], [103.42439699999997, 27.00962400000011], [103.41724800000006, 27.002584000000084], [103.42227599999998, 26.99365200000001], [103.42305400000012, 26.988509000000093], [103.42296300000007, 26.98079500000008], [103.43665800000005, 26.962053999999938], [103.43746600000011, 26.95968599999994], [103.43741299999999, 26.95528300000005], [103.43697000000012, 26.952715000000026], [103.43018800000011, 26.93368500000004], [103.42033100000006, 26.92366600000009], [103.41667599999991, 26.90681300000002], [103.41135100000011, 26.900092000000008], [103.41213700000013, 26.896774000000015], [103.41293000000002, 26.89455900000015], [103.41291500000003, 26.893457999999917], [103.405831, 26.882520000000042], [103.4066320000001, 26.88067400000007], [103.40743300000011, 26.879194000000005], [103.40454100000011, 26.877762000000097], [103.40244300000006, 26.8741070000001], [103.40201600000009, 26.87190700000015], [103.4019860000001, 26.868968000000073], [103.40155099999998, 26.867134000000114], [103.38620100000001, 26.84929799999989], [103.38618600000001, 26.84782600000004], [103.38858900000007, 26.84302900000015], [103.38939400000007, 26.841182999999916], [103.3829130000001, 26.813339000000113], [103.3766290000001, 26.80090100000003], [103.35942100000005, 26.79816200000007], [103.34731000000002, 26.776973999999967], [103.34807200000002, 26.77438100000009], [103.35009000000001, 26.771780999999997], [103.35295100000012, 26.770288000000008], [103.37663700000004, 26.76526899999996], [103.39179700000011, 26.76548100000018], [103.39076299999999, 26.747120000000123], [103.39683600000012, 26.74081299999991], [103.39720999999999, 26.737867999999956], [103.3971490000001, 26.732355000000062], [103.39671800000013, 26.731255999999995], [103.39298700000016, 26.726887000000076], [103.38924900000015, 26.722881], [103.37566400000001, 26.71641800000002], [103.3733420000001, 26.727457000000165], [103.36562000000012, 26.732686000000093], [103.36275600000013, 26.732712000000113], [103.3606990000001, 26.73236099999994], [103.35825000000015, 26.730573000000057], [103.35240599999989, 26.72069899999994], [103.3331220000001, 26.717219000000036], [103.32861000000017, 26.71725700000016], [103.32574100000011, 26.717646000000016], [103.32370000000017, 26.718398999999884], [103.3027390000001, 26.729990999999956], [103.29127099999991, 26.728268000000035], [103.28025200000008, 26.731681999999893], [103.23926600000013, 26.72874700000014], [103.23803, 26.727654000000122], [103.23596200000013, 26.72546899999999], [103.23473400000013, 26.724380000000124], [103.231278, 26.70677900000007], [103.23773200000002, 26.698274000000154], [103.23445200000006, 26.696457000000095], [103.23279700000009, 26.695004999999952], [103.23156800000001, 26.69428000000009], [103.22267600000005, 26.678561999999964], [103.220975, 26.677065999999996], [103.21702299999995, 26.676598000000084], [103.21532500000005, 26.67509500000007], [103.22309900000005, 26.658251000000035], [103.21561900000003, 26.648756000000006], [103.21167100000005, 26.648289000000005], [103.20970999999997, 26.647059000000105], [103.208508, 26.645711000000126], [103.21279200000008, 26.63587099999998], [103.20827900000006, 26.629675000000063], [103.19533600000011, 26.621671000000035], [103.17055100000002, 26.614128999999956], [103.16634000000013, 26.622127000000106], [103.14550800000008, 26.629618999999963], [103.13992700000016, 26.634747000000146], [103.13711500000002, 26.635786999999958], [103.12081900000011, 26.64050800000004], [103.10727700000017, 26.637093000000014], [103.10781900000006, 26.63455500000007], [103.10834500000007, 26.63100500000015], [103.1025960000001, 26.619409000000104], [103.08464500000005, 26.618059000000137], [103.0758220000001, 26.616179000000017], [103.07048099999997, 26.61473500000009], [103.06871100000006, 26.612865999999904], [103.06700200000006, 26.6075280000001], [103.06688300000016, 26.599684000000167], [103.0651820000001, 26.59319100000002], [103.05114499999999, 26.57385299999995], [103.05069400000005, 26.569693000000093], [103.05256700000012, 26.56533400000003], [103.05624800000005, 26.56077600000002], [103.05970100000012, 26.55482600000012], [103.06290100000004, 26.537687999999918], [103.054867, 26.544555000000102], [103.05053800000012, 26.558799000000043], [103.03570600000002, 26.55828800000004], [103.03496200000009, 26.558867000000163], [103.03388200000009, 26.56029500000001], [103.03309299999992, 26.561277000000082], [103.02808, 26.57827500000016], [103.01716699999997, 26.59516300000002], [103.02791200000013, 26.605198999999956], [103.02694700000005, 26.631773000000102], [103.02293100000011, 26.643116000000177], [103.02680699999993, 26.66277599999998], [103.02137400000008, 26.670484000000116], [103.00384200000005, 26.681807000000134], [103.0025180000001, 26.690821000000064], [103.00879700000004, 26.7049620000001], [103.00600099999998, 26.714751000000113], [102.99521700000015, 26.727366000000096], [103.00106099999991, 26.73230500000001], [103.00068700000013, 26.739299000000138], [102.99288999999999, 26.743545000000005], [102.99086799999995, 26.753874000000025], [102.9820710000001, 26.769281], [102.98853000000003, 26.77475000000007], [102.98966700000014, 26.780072000000054], [102.978787, 26.79490300000007], [102.97788600000005, 26.81026600000005], [102.9663669999999, 26.82519800000007], [102.9691250000001, 26.833893000000074], [102.96677400000009, 26.83976400000001], [102.96479800000002, 26.841458000000017], [102.96302100000007, 26.843068000000095], [102.96123900000006, 26.84423199999995], [102.94679700000009, 26.847453999999992], [102.93797300000006, 26.86216100000005], [102.92389700000017, 26.876024], [102.90943600000003, 26.904811000000016], [102.8952370000001, 26.915124000000134], [102.89667900000003, 26.922838000000148], [102.88975900000017, 26.953270000000117], [102.89475700000017, 26.979237000000133], [102.89391000000006, 27.005833000000145], [102.87039600000016, 27.028212000000117], [102.87997900000009, 27.04598400000011], [102.88407600000015, 27.062692], [102.89713300000011, 27.07828800000007], [102.89765300000015, 27.09164900000014], [102.9086080000001, 27.115965000000152], [102.91257900000002, 27.14073800000014], [102.90490400000004, 27.17102400000011], [102.90856200000002, 27.18257100000001], [102.90210400000001, 27.198064000000088], [102.90334800000008, 27.23021400000001], [102.89907100000005, 27.24094200000009], [102.88517400000005, 27.253587000000067], [102.88264500000005, 27.29992500000018], [102.89740400000015, 27.31862000000016], [102.92384400000005, 27.37869300000002], [102.93557000000001, 27.392116000000065], [102.93978500000006, 27.40354200000008], [102.94358900000003, 27.41180600000004], [102.94638900000007, 27.414039000000145], [102.95173700000008, 27.41604700000002], [102.95386200000004, 27.413271000000016], [102.969418, 27.381154000000073], [102.98569099999996, 27.371809000000113], [103.02407100000012, 27.385916000000087], [103.0584040000001, 27.414286999999973], [103.06003300000006, 27.41449800000011], [103.062115, 27.414537000000138], [103.06492300000018, 27.414026000000135], [103.07751900000001, 27.401094000000036], [103.09915900000013, 27.40071900000001], [103.11008100000001, 27.404194000000025], [103.13221400000005, 27.419243000000137], [103.13249700000001, 27.441566000000094], [103.14183900000009, 27.463909000000022], [103.212761, 27.57442500000009], [103.22736800000013, 27.574093999999974], [103.23179700000013, 27.573989999999895], [103.23220722082687, 27.573613015455514], [103.23536400000003, 27.570711999999922], [103.25624900000003, 27.573119000000034], [103.27941900000008, 27.56536599999999], [103.29403699999997, 27.569990000000047], [103.29278200000013, 27.58882099999991], [103.29719600000013, 27.60480800000009], [103.27844999999994, 27.621391000000116], [103.27822200000016, 27.636838000000033], [103.29296100000002, 27.638150000000138], [103.31472399999993, 27.66038000000004], [103.33719300000014, 27.67791200000007], [103.34991100000012, 27.683395000000054], [103.35601500000016, 27.69723400000006], [103.3695120000001, 27.712912999999986], [103.39344100000007, 27.714869000000085], [103.42033800000011, 27.74807500000007], [103.43920999999992, 27.755071000000008], [103.45324800000012, 27.78307800000006], [103.47532700000014, 27.796663000000102], [103.49306900000013, 27.815076000000104], [103.50705700000003, 27.845990000000164], [103.50025900000014, 27.869316000000154], [103.501453, 27.91554500000013], [103.53665999999998, 27.955542000000058], [103.55941500000016, 27.961920999999926], [103.56243999999998, 27.98001400000001], [103.55180400000015, 27.981498999999957], [103.53533600000003, 27.96849100000005], [103.51276900000013, 27.96979500000012], [103.49726600000012, 27.987662000000157], [103.49197900000001, 28.00864399999992], [103.494248, 28.02668899999994], [103.49014000000008, 28.033752], [103.47561299999992, 28.037693000000118], [103.45966700000011, 28.025518999999946], [103.45315600000015, 28.025767999999943], [103.42961600000004, 28.046019999999963], [103.42766599999999, 28.053116000000088], [103.43043200000005, 28.074450999999925], [103.44880299999997, 28.088298000000144], [103.45640300000005, 28.102410000000177], [103.45632200000009, 28.10418600000004], [103.45605900000001, 28.105678000000033], [103.45504100000015, 28.10695000000012], [103.4464570000001, 28.113547000000082], [103.44984884930383, 28.125226194754774], [103.46711800000003, 28.124722000000112], [103.47975200000016, 28.13675300000009], [103.50027500000004, 28.144053000000135], [103.50493200000008, 28.154356000000135], [103.529775, 28.17018400000004], [103.53994100000003, 28.186473000000078], [103.54952700000004, 28.19357800000015], [103.56160000000011, 28.211882000000024], [103.56684200000005, 28.230932000000152], [103.613133, 28.24571700000009], [103.6154680000001, 28.246892000000145], [103.61712700000007, 28.247737000000072], [103.61961800000012, 28.254756999999955], [103.63409799999997, 28.26460200000016], [103.6444940000001, 28.26250900000018], [103.65667000000018, 28.253595000000175], [103.69056400000007, 28.195040000000148], [103.70803500000002, 28.187129999999996], [103.70996500000001, 28.18626000000004], [103.72679600000014, 28.187706000000134], [103.73473400000003, 28.19786200000005], [103.73720200000005, 28.22208200000003], [103.73757999999997, 28.228179000000097], [103.73953300000008, 28.23202700000016], [103.742809, 28.23372400000006], [103.74784099999997, 28.233890999999936], [103.75016099999998, 28.234182000000118], [103.76084200000017, 28.22768500000008], [103.76790700000012, 28.22727100000011], [103.7791070000001, 28.23036100000016], [103.79187100000016, 28.24690600000006], [103.79568500000006, 28.25347999999999], [103.82220100000004, 28.267667000000095], [103.84388000000017, 28.302777000000056], [103.872963, 28.311125000000125], [103.8744210000001, 28.326962000000066], [103.8517240000001, 28.357348000000137], [103.857133, 28.38603100000008], [103.8499570000001, 28.407607000000134], [103.84236500000006, 28.419303999999926], [103.8418310000001, 28.42019700000018], [103.83785600000002, 28.42835200000009], [103.83774599999997, 28.43469900000015], [103.83689200000018, 28.457424999999972], [103.83436200000003, 28.463701999999927], [103.829647, 28.472527000000113], [103.82789300000007, 28.475148999999902], [103.81456800000015, 28.49939700000006], [103.80524500000004, 28.50309499999988], [103.80474200000018, 28.50345600000017], [103.78112500000009, 28.52956200000014], [103.80052700000013, 28.537923000000042], [103.798707, 28.565098999999996], [103.81546100000006, 28.571747000000094], [103.83468000000013, 28.58721400000006], [103.83723500000013, 28.59314100000001], [103.83401100000002, 28.605832000000063], [103.83213800000013, 28.609504000000044], [103.83211600000007, 28.61417900000005], [103.83410700000015, 28.62123900000013], [103.83402700000002, 28.624020000000016], [103.8352400000001, 28.628262000000085], [103.84152600000009, 28.635367999999886], [103.83889000000012, 28.65366700000005], [103.8499420000001, 28.670423000000177], [103.86085200000005, 28.671375000000076], [103.86543699999999, 28.667059000000016], [103.87202100000012, 28.65395199999992], [103.869686, 28.633556000000148], [103.87675100000016, 28.626503000000113], [103.89428000000011, 28.622791000000028], [103.90438900000004, 28.632181000000067], [103.91243800000007, 28.634558000000098], [103.93367900000003, 28.62705799999994], [103.93517000000011, 28.625908999999993], [103.93677500000004, 28.62411800000013], [103.93767600000015, 28.622170999999888], [103.94054400000013, 28.606746000000015], [103.95254200000005, 28.60447800000012], [104.00952900000001, 28.62240500000015], [104.05702200000005, 28.630369999999886], [104.075486, 28.620318000000132], [104.08277200000012, 28.609127000000022], [104.09507800000011, 28.60666400000016], [104.10809800000004, 28.616480000000102], [104.110196, 28.629737], [104.1199159999999, 28.63921300000014], [104.15861100000009, 28.642220000000073], [104.16863300000011, 28.64560300000003], [104.190674, 28.637241000000046], [104.20678000000001, 28.640804999999972], [104.227826, 28.639230000000126], [104.23885400000012, 28.64554000000006], [104.23934900000003, 28.661582000000088], [104.24014300000002, 28.663750999999962], [104.24145500000003, 28.665585000000092], [104.24400400000007, 28.666491999999913], [104.252857, 28.661337999999972], [104.27032899999998, 28.637035000000054], [104.29637600000004, 28.63648200000013], [104.30198400000015, 28.62153700000001], [104.30324600000003, 28.619642000000155], [104.30519200000018, 28.6187160000001], [104.30740100000017, 28.618241000000054], [104.31828400000002, 28.62150799999992], [104.33646100000013, 28.640984000000124], [104.36757700000003, 28.651731999999996], [104.40314600000013, 28.643516000000012], [104.4225730000001, 28.630025000000025], [104.4172530000001, 28.62260099999994], [104.41357100000002, 28.59986200000011], [104.38725699999989, 28.6027860000001], [104.37347500000007, 28.598210000000023], [104.36582200000012, 28.59015800000011], [104.35453800000013, 28.5597620000001], [104.34166000000006, 28.55752500000002], [104.327351, 28.54720200000005], [104.31429000000006, 28.53973700000003], [104.28625599999998, 28.533845999999954], [104.26405000000011, 28.53140000000016], [104.24770400000016, 28.531827000000142], [104.24682700000007, 28.531296000000083], [104.24625799999998, 28.514005000000097], [104.25658100000012, 28.51092100000001], [104.25813468237203, 28.50953039030044], [104.26228800000015, 28.505813000000146], [104.26372200000014, 28.50340600000012], [104.259976, 28.491769000000055], [104.268029, 28.473342000000045], [104.25785100000004, 28.45434199999997], [104.26630400000009, 28.428751999999882], [104.25934600000002, 28.417387000000026], [104.25775200000001, 28.40570100000017], [104.26337100000006, 28.39663100000005], [104.27089000000011, 28.395979999999923], [104.27343100000003, 28.395341000000073], [104.27427800000012, 28.39196100000001], [104.26997799999997, 28.38527400000006], [104.26802100000005, 28.381829999999944], [104.27599000000002, 28.364404999999884], [104.27759300000014, 28.3556740000001], [104.27710000000002, 28.3523420000001], [104.27687900000004, 28.350200999999878], [104.28471500000002, 28.346427000000162], [104.28303600000001, 28.342146000000156], [104.28347100000012, 28.341021999999974], [104.28448900000015, 28.339024000000123], [104.28588899999991, 28.337648000000137], [104.29955000000001, 28.332691000000153], [104.28773900000012, 28.317064000000094], [104.29431500000013, 28.311581000000018], [104.31162000000002, 28.31002500000006], [104.32307900000009, 28.316123000000125], [104.32891499999998, 28.32724700000002], [104.34083200000012, 28.337431000000123], [104.35034600000003, 28.337524000000002], [104.35257399999999, 28.340155999999993], [104.35401200000013, 28.341295000000088], [104.35583900000013, 28.34226200000016], [104.36818, 28.34045400000005], [104.38229400000003, 28.333432000000094], [104.38655499999997, 28.30907300000016], [104.39299500000001, 28.304043], [104.39109100000012, 28.293223000000033], [104.4060290000001, 28.285269000000056], [104.40836000000006, 28.283524999999912], [104.41009600000017, 28.28124900000015], [104.41761500000004, 28.274343000000023], [104.42977200000013, 28.277579000000074], [104.44680400000001, 28.27325200000017], [104.44154400000018, 28.262520000000023], [104.45982400000011, 28.24495600000001], [104.4594890000001, 28.243186000000108], [104.4588900000001, 28.24146900000015], [104.45791300000008, 28.240151999999988], [104.44942900000012, 28.23782700000008], [104.44755600000005, 28.222821999999972], [104.43997600000012, 28.214837000000003], [104.416363, 28.207388999999885], [104.39975100000007, 28.20613400000005], [104.39883099999997, 28.204711999999986], [104.39855700000004, 28.202872000000156], [104.4048310000001, 28.187756000000007], [104.4018640000001, 28.18042900000004], [104.40219199999999, 28.178672000000148], [104.40362767729479, 28.176801186738864], [104.4037790000001, 28.17660400000002], [104.42937900000013, 28.171406999999896], [104.44912400000013, 28.177360000000043], [104.45121800000001, 28.176859000000064], [104.45295400000012, 28.17554699999996], [104.45486500000013, 28.17271400000012], [104.45469000000004, 28.169844999999974], [104.44212800000018, 28.1653370000001], [104.44567200000014, 28.15728800000008], [104.44225000000014, 28.141439000000034], [104.45048999999999, 28.12996600000004], [104.44675100000006, 28.117114999999984], [104.43122100000012, 28.117193999999948], [104.43000800000013, 28.116229999999945], [104.43059200000013, 28.109761], [104.43032100000008, 28.108557000000033], [104.42532000000001, 28.103336000000056], [104.41082799999998, 28.101319000000146], [104.39811800000012, 28.09474500000013], [104.39614200000005, 28.073437000000133], [104.3908590000001, 28.05746499999995], [104.384007, 28.055874000000024], [104.38287400000004, 28.05611500000007], [104.381448, 28.057616000000095], [104.37973499999995, 28.058986000000033], [104.36694400000005, 28.054904000000057], [104.33903200000005, 28.06123500000004], [104.33179500000006, 28.057159000000034], [104.305295, 28.055489000000144], [104.29581100000009, 28.04877200000002], [104.30621000000004, 28.03971800000007], [104.32264, 28.032744], [104.32388800000007, 28.030887999999912], [104.32426100000002, 28.028823000000024], [104.35371800000014, 28.021813000000087], [104.37628200000015, 27.996997000000178], [104.376454, 27.995906000000147], [104.37635800000004, 27.994876000000012], [104.37596200000013, 27.994423000000012], [104.36967100000001, 27.993282999999927], [104.383687, 27.979772000000146], [104.38097400000005, 27.972027000000054], [104.38734200000007, 27.969075000000053], [104.39341000000015, 27.95812900000014], [104.41138199999999, 27.95460900000004], [104.42344000000007, 27.941064000000026], [104.42988200000018, 27.940535000000132], [104.43748600000015, 27.932638000000075], [104.44853300000007, 27.930239999999998], [104.46242100000003, 27.91534400000002], [104.46704899999997, 27.915062000000134], [104.46684299999998, 27.909048999999996], [104.49461400000006, 27.900046999999994], [104.50434500000016, 27.88231200000004], [104.51607200000004, 27.88338799999999], [104.52315599999989, 27.892713999999977], [104.53605400000009, 27.889981000000063], [104.54450599999998, 27.878030000000045], [104.54919900000004, 27.87972700000003], [104.55607600000009, 27.871484000000038], [104.55492500000007, 27.85740800000005], [104.56501400000005, 27.85475100000012], [104.56490000000011, 27.848103000000023], [104.56837099999998, 27.845038999999993], [104.57675300000002, 27.844922000000082], [104.59052300000008, 27.85346700000011], [104.59056099999995, 27.853510000000114], [104.5892610000001, 27.856092000000054], [104.58966099999999, 27.858264000000176], [104.59252600000008, 27.85646100000003], [104.59660400000016, 27.857922999999943], [104.60028500000008, 27.8575789999999], [104.60272999999998, 27.859398000000034], [104.6055880000001, 27.861938000000052], [104.62175800000006, 27.862633000000095], [104.63135599999998, 27.854517000000122], [104.67865500000003, 27.88722400000003], [104.69478600000014, 27.88944300000005], [104.74337799999998, 27.906680000000094], [104.74931400000004, 27.90482600000017], [104.74644200000009, 27.896018000000055], [104.74889800000008, 27.890442000000014], [104.76408000000018, 27.888163000000098], [104.77036700000008, 27.893861999999928], [104.78798300000014, 27.898730999999913], [104.79477, 27.906220000000047], [104.79499525387965, 27.905822234612486], [104.79640999999998, 27.90332400000006], [104.81107000000006, 27.905532999999963], [104.82125899999997, 27.90254699999999], [104.83156300000013, 27.908451000000078], [104.8381130000001, 27.902583000000035], [104.87040000000009, 27.90951699999991], [104.88277100000013, 27.915590000000037], [104.88567399999991, 27.919099000000024], [104.88664300000005, 27.935019000000082], [104.918335, 27.944716000000035], [104.91405600000016, 27.951282000000013], [104.90125, 27.95301900000011], [104.902524, 27.967837000000117], [104.9164320000001, 27.97255700000003], [104.92429800000008, 27.983320999999897], [104.93896600000011, 27.985847], [104.94427500000009, 27.99846300000015], [104.95546800000001, 28.006318000000107], [104.95813500000006, 28.015915000000135], [104.97087500000008, 28.02068200000003], [104.969121, 28.036974000000136], [104.9760750000001, 28.06491600000014], [105.00819400000003, 28.070189000000155], [105.03685000000013, 28.090284000000153], [105.0422750000001, 28.101545000000016], [105.056046, 28.101459000000006], [105.058457, 28.10016499999997], [105.05835800000015, 28.097299000000064], [105.05963500000004, 28.094754000000165], [105.06969899999999, 28.092841000000156], [105.07510400000017, 28.086619999999954], [105.08560299999996, 28.089396000000043], [105.10309200000006, 28.085023999999883], [105.11641800000008, 28.075502000000107], [105.14094999999995, 28.06994400000005], [105.16310599999994, 28.07528800000008], [105.16750000000013, 28.069907999999913], [105.17381000000016, 28.07020500000006]]]}}, {"type": "Feature", "properties": {"name": "曲靖市", "kind": "0137", "admin_code": "530328", "code_1": 5303}, "geometry": {"type": "Polygon", "coordinates": [[[104.57197600000009, 26.547864999999973], [104.56702800000014, 26.539201999999953], [104.569534, 26.528019000000057], [104.58150200000003, 26.52886600000015], [104.60027399999998, 26.52208800000013], [104.614548, 26.511168000000062], [104.63751700000012, 26.481447000000124], [104.631165, 26.455505000000045], [104.63988600000002, 26.44287299999999], [104.66403200000018, 26.437216], [104.66676699999991, 26.41282700000007], [104.66321600000016, 26.402944000000005], [104.67269500000002, 26.388002000000043], [104.68319300000016, 26.381252000000032], [104.68186200000017, 26.372069000000153], [104.681042, 26.370207000000015], [104.67992400000006, 26.368341000000072], [104.67847900000004, 26.367343999999918], [104.66861399999996, 26.36809600000005], [104.65920300000013, 26.360671000000146], [104.65724200000005, 26.354502000000068], [104.660305, 26.345576999999956], [104.65589600000007, 26.33830100000003], [104.63519300000003, 26.331603000000058], [104.62212800000012, 26.33134300000004], [104.6120610000001, 26.32576800000008], [104.59008000000003, 26.320357000000016], [104.57949199999999, 26.296568], [104.55571, 26.277105000000155], [104.54674200000015, 26.261342000000035], [104.54515100000006, 26.259628000000056], [104.541638, 26.25691400000003], [104.5400430000001, 26.256062000000057], [104.54564700000014, 26.232082999999953], [104.55058300000016, 26.22750500000015], [104.54830600000005, 26.219477000000005], [104.54051200000018, 26.216912000000136], [104.53892200000007, 26.215196999999904], [104.53765100000007, 26.213191000000016], [104.53701800000002, 26.21191199999997], [104.53887600000017, 26.202712999999925], [104.53004500000011, 26.182505999999897], [104.51760500000003, 26.169621000000042], [104.51822700000017, 26.134630999999978], [104.52718800000015, 26.116696000000083], [104.52457500000006, 26.102089999999947], [104.51592300000013, 26.089609000000124], [104.50654200000004, 26.085327000000035], [104.49737199999998, 26.073812999999937], [104.47701699999998, 26.080634000000046], [104.46719800000005, 26.093191000000026], [104.45312499999997, 26.080071000000004], [104.45525, 26.074043000000046], [104.46588500000013, 26.06532400000001], [104.46560300000007, 26.05999300000017], [104.46016800000015, 26.05839599999993], [104.46531400000013, 26.04364300000006], [104.45914800000013, 26.037493999999953], [104.46814399999991, 26.01260200000015], [104.45979700000001, 25.999936000000034], [104.45967900000001, 25.98773000000014], [104.43965500000002, 25.958116000000174], [104.43912900000002, 25.951936999999894], [104.43983500000017, 25.94992500000013], [104.44248199999998, 25.948547000000154], [104.44414900000007, 25.94590699999995], [104.44113600000017, 25.935319000000078], [104.42709400000007, 25.923562000000032], [104.41785900000015, 25.92153600000009], [104.41232700000002, 25.914901], [104.41555100000014, 25.899052000000133], [104.42318400000002, 25.896767000000075], [104.42799800000009, 25.895668000000093], [104.42881400000002, 25.895332000000003], [104.43941500000005, 25.873141000000132], [104.42726500000018, 25.860983000000125], [104.42434000000011, 25.854735000000083], [104.42117800000014, 25.84512400000014], [104.42813900000002, 25.832011999999985], [104.42617800000014, 25.83111400000002], [104.42003000000001, 25.82773400000005], [104.416612, 25.82238100000007], [104.4091, 25.79987700000006], [104.39704899999997, 25.802243999999888], [104.3962520000001, 25.798353000000084], [104.39016400000015, 25.79482600000003], [104.38392299999998, 25.77507399999999], [104.38943500000005, 25.76893299999992], [104.38938200000011, 25.767471000000008], [104.38914500000004, 25.765777], [104.38884000000003, 25.764079000000017], [104.3812300000001, 25.74566900000017], [104.37077700000012, 25.734479000000142], [104.36314800000002, 25.733488000000037], [104.35049900000007, 25.741623000000068], [104.35084600000002, 25.74866200000001], [104.32527600000016, 25.762077000000104], [104.32242999999997, 25.751977000000025], [104.32536, 25.740073000000073], [104.32436400000002, 25.738996999999955], [104.32299500000008, 25.737808999999977], [104.32009600000002, 25.7356700000001], [104.32183100000005, 25.728232000000006], [104.318009, 25.72083000000005], [104.32060700000002, 25.70554500000013], [104.31489200000003, 25.690680000000143], [104.31279100000009, 25.66928000000017], [104.30634800000009, 25.663525000000064], [104.30850199999996, 25.65100199999997], [104.3218810000001, 25.646347000000013], [104.32245699999997, 25.645047000000098], [104.32252500000001, 25.643638000000045], [104.3138130000001, 25.636774000000017], [104.3102190000001, 25.63758200000008], [104.32883500000011, 25.618531000000047], [104.32925500000005, 25.602714999999975], [104.33057100000005, 25.601873000000033], [104.33263500000011, 25.601036000000143], [104.33425600000012, 25.60064700000011], [104.35534300000012, 25.603114000000126], [104.36662700000011, 25.59749200000001], [104.36349900000012, 25.579295000000023], [104.37289500000003, 25.587385999999967], [104.37943700000007, 25.58876400000012], [104.38673399999996, 25.59827100000016], [104.42033500000002, 25.586496000000047], [104.42662499999999, 25.57743299999997], [104.42076500000007, 25.566565000000118], [104.43184300000007, 25.55824400000015], [104.43003100000007, 25.547176000000007], [104.43048200000008, 25.545529000000066], [104.43342300000006, 25.541020000000024], [104.43394100000003, 25.539442000000022], [104.43155299999998, 25.532488000000008], [104.43375800000007, 25.523215999999962], [104.42924100000008, 25.507003000000083], [104.41626400000015, 25.50208099999989], [104.43105300000008, 25.486979000000098], [104.42836799999996, 25.48453000000015], [104.42745418433603, 25.480481910361455], [104.42716300000009, 25.479192000000083], [104.43233100000012, 25.474962000000033], [104.43272853708214, 25.474937628005037], [104.43552799999989, 25.474765999999896], [104.43821400000016, 25.47632500000001], [104.43893500000013, 25.480331999999997], [104.440888, 25.481225000000073], [104.44310100000004, 25.479446999999958], [104.44408100000012, 25.479226000000054], [104.44864300000003, 25.499709000000003], [104.48124000000016, 25.49765299999998], [104.49710100000013, 25.510124000000033], [104.50550899999993, 25.512585000000087], [104.51831500000017, 25.528145000000023], [104.52995300000013, 25.522916000000095], [104.54335400000014, 25.52958900000013], [104.55037700000017, 25.52379099999993], [104.55370000000013, 25.50889700000012], [104.5490730000001, 25.476879000000018], [104.54097000000006, 25.464641000000057], [104.543099, 25.434148000000015], [104.54148500000004, 25.42020200000004], [104.53668700000006, 25.41314400000003], [104.53838400000015, 25.40575100000011], [104.55515000000003, 25.39715800000002], [104.56470200000007, 25.405724000000006], [104.57221700000014, 25.405006000000107], [104.57679400000012, 25.398943000000095], [104.589981, 25.391873000000075], [104.58910400000009, 25.387260000000047], [104.59662700000011, 25.380254999999984], [104.61325799999995, 25.368678000000088], [104.63532300000013, 25.36912199999997], [104.63655200000002, 25.361784000000064], [104.64568400000013, 25.34928100000011], [104.6458940000001, 25.347810999999986], [104.64560800000007, 25.346736000000035], [104.6450659999999, 25.34505300000005], [104.63935100000016, 25.341335000000086], [104.63990800000006, 25.330987999999998], [104.65068100000005, 25.308042000000007], [104.63791400000011, 25.302015999999952], [104.63886000000004, 25.297895999999945], [104.66093900000006, 25.291194000000083], [104.66783599999997, 25.296252000000074], [104.68150300000013, 25.29783400000005], [104.69014000000013, 25.30620599999989], [104.69751099999993, 25.297075000000135], [104.70151200000012, 25.301073999999993], [104.70200800000012, 25.30100600000005], [104.703858, 25.30051000000013], [104.704777, 25.300039000000062], [104.70720700000007, 25.284684000000034], [104.71868100000015, 25.282914000000133], [104.72314500000002, 25.27336099999993], [104.754726, 25.269256000000006], [104.75172399999988, 25.278815000000087], [104.77255999999998, 25.28280100000002], [104.78735000000016, 25.255388999999994], [104.78858200000013, 25.255388999999994], [104.790944, 25.255956000000012], [104.79278200000002, 25.256599000000016], [104.80149100000003, 25.265752999999982], [104.81698599999999, 25.25945799999996], [104.82621500000013, 25.241085000000062], [104.80763700000006, 25.234646000000026], [104.80468800000013, 25.22696300000009], [104.81351900000001, 25.201580000000078], [104.80637799999998, 25.19093200000013], [104.82045400000005, 25.173173000000148], [104.81536900000006, 25.169629000000015], [104.8137670000001, 25.165946000000105], [104.81444900000005, 25.164744999999947], [104.81541400000013, 25.163929000000017], [104.8161999999999, 25.16311800000006], [104.81279400000007, 25.159142000000067], [104.81026500000007, 25.163723000000026], [104.80225500000009, 25.164579999999972], [104.77557800000011, 25.188387000000056], [104.76295100000003, 25.209131999999926], [104.75119500000007, 25.217073000000156], [104.74495300000017, 25.217005000000036], [104.73677099999998, 25.208168000000008], [104.72951500000002, 25.207881000000064], [104.7221950000001, 25.198612999999995], [104.72220199999997, 25.195486000000166], [104.73184600000016, 25.18851800000006], [104.73171599999998, 25.174065000000056], [104.71692300000016, 25.15585399999989], [104.71583600000011, 25.143966000000106], [104.69417300000005, 25.12629500000012], [104.69180700000004, 25.108413000000084], [104.68449399999999, 25.09708300000002], [104.68404800000003, 25.07917500000014], [104.64682100000006, 25.07006100000011], [104.61051200000001, 25.066057000000022], [104.61255700000011, 25.060887], [104.64977700000003, 25.064802000000007], [104.67012100000002, 25.063261000000047], [104.68335700000006, 25.055655999999907], [104.69765100000005, 25.04164100000017], [104.70395300000004, 25.01605699999996], [104.71238400000013, 24.99997100000011], [104.69712199999998, 24.99647300000005], [104.68317000000005, 24.989155000000117], [104.68189199999999, 24.985740000000177], [104.68588700000014, 24.978862000000056], [104.66261000000011, 24.967145000000038], [104.66261000000011, 24.95558900000001], [104.65028799999996, 24.944332000000124], [104.64989500000003, 24.937468000000095], [104.63721100000002, 24.920980000000114], [104.63357200000002, 24.90661500000011], [104.62156800000014, 24.897652000000136], [104.60781900000012, 24.89642200000015], [104.5941130000001, 24.886253000000046], [104.57363500000005, 24.859952999999926], [104.57201099999989, 24.85737100000007], [104.57275500000006, 24.85398600000004], [104.5388150000001, 24.819545999999917], [104.53440900000005, 24.798319999999954], [104.53843400000002, 24.78379500000012], [104.5398658301923, 24.782896210830188], [104.54367200000016, 24.78050700000003], [104.54453700000013, 24.77881600000009], [104.53845999999996, 24.76979100000014], [104.54110400000013, 24.760846000000058], [104.52951400000005, 24.744511000000124], [104.52741300000011, 24.734559000000033], [104.51735700000012, 24.72952900000005], [104.51246300000003, 24.707771000000122], [104.50193, 24.692926000000014], [104.50110300000014, 24.681010000000136], [104.49173400000015, 24.659386000000104], [104.47402600000012, 24.653039000000042], [104.46536300000011, 24.643735000000014], [104.4485700000001, 24.646580000000128], [104.44779199999996, 24.6433400000001], [104.44852400000003, 24.641097000000144], [104.45126700000014, 24.63978500000004], [104.4540060000001, 24.63912899999994], [104.45652800000006, 24.63939300000002], [104.45949900000004, 24.635375000000103], [104.462968, 24.636590999999996], [104.46569900000001, 24.637321], [104.46944099999993, 24.637919000000096], [104.472234, 24.64187400000013], [104.47257700000014, 24.645368000000033], [104.4730230000001, 24.64797800000016], [104.48373900000016, 24.647823000000038], [104.485783, 24.64108300000005], [104.50275800000011, 24.631324000000035], [104.50097700000002, 24.594895000000093], [104.50740800000003, 24.57512100000001], [104.51287899999998, 24.568078000000092], [104.51924200000005, 24.538180000000075], [104.52785500000002, 24.534093000000134], [104.53432100000006, 24.53555200000006], [104.54746300000012, 24.522768999999947], [104.54700499999998, 24.51337400000002], [104.53917000000015, 24.509630000000037], [104.54399899999996, 24.503965000000093], [104.55062500000008, 24.483635000000014], [104.56552500000012, 24.475798000000125], [104.56469400000012, 24.4651920000001], [104.57169399999995, 24.450317], [104.56995400000012, 24.448520999999992], [104.55876200000003, 24.457143999999985], [104.55032000000008, 24.45718200000011], [104.54530799999998, 24.446628999999945], [104.53584000000015, 24.44031400000013], [104.52318700000004, 24.438139000000113], [104.50334200000012, 24.444835000000097], [104.46929600000001, 24.438641000000082], [104.46299000000005, 24.44300300000004], [104.41840100000005, 24.426040000000015], [104.41769799999997, 24.41580900000011], [104.41055700000013, 24.412578000000117], [104.41286100000015, 24.403362000000172], [104.40681100000015, 24.40144500000001], [104.40492, 24.394914], [104.4085280000001, 24.3827279999999], [104.39916300000009, 24.377019000000047], [104.39402400000014, 24.381570000000096], [104.39228900000012, 24.381708000000145], [104.39026700000015, 24.381275000000024], [104.38768400000012, 24.38088599999999], [104.36984300000003, 24.38819199999991], [104.36395000000013, 24.38265400000008], [104.35650699999998, 24.38389000000003], [104.34449400000007, 24.38011299999998], [104.34446400000007, 24.37875700000005], [104.34518500000004, 24.377360999999922], [104.34590200000004, 24.375736000000025], [104.34555100000013, 24.37505200000001], [104.34422800000009, 24.37333300000015], [104.34192300000015, 24.370968000000047], [104.33284400000016, 24.369390000000045], [104.31825300000011, 24.358379000000085], [104.30761400000003, 24.359538000000057], [104.29173000000011, 24.35049800000011], [104.28944900000002, 24.350749999999913], [104.28787300000002, 24.351803000000082], [104.28555, 24.353168000000046], [104.2791490000001, 24.362705000000084], [104.26375700000003, 24.36184500000016], [104.25909100000014, 24.35553000000008], [104.25202300000011, 24.362397], [104.24416800000014, 24.35776600000017], [104.2347409999999, 24.364127999999965], [104.23232999999998, 24.36436500000012], [104.2256890000001, 24.36373400000005], [104.22420100000008, 24.364098000000055], [104.22368300000004, 24.3656149999999], [104.2232630000001, 24.367584000000008], [104.21257000000017, 24.36115500000009], [104.20662700000005, 24.36695299999994], [104.207085, 24.383454000000015], [104.21991000000014, 24.388621999999962], [104.23310100000018, 24.404016999999925], [104.22610900000004, 24.42060199999994], [104.21251300000006, 24.424028999999983], [104.21163600000015, 24.43268700000003], [104.202587, 24.44137400000008], [104.19947900000005, 24.450522], [104.18929400000005, 24.44754000000009], [104.17644500000006, 24.458021000000073], [104.15672000000012, 24.45503700000009], [104.13926000000001, 24.460458000000095], [104.12865500000007, 24.453135000000103], [104.11058900000009, 24.44890900000003], [104.05470700000006, 24.424064000000122], [104.05218100000015, 24.42376199999992], [104.04916800000007, 24.423777], [104.04693600000013, 24.423773000000025], [104.02965300000002, 24.44361700000004], [104.01504900000003, 24.450079000000024], [104.00348400000007, 24.451400999999983], [104.0069860000001, 24.461090000000162], [104.0186350000001, 24.456848000000008], [104.01841800000008, 24.460840000000083], [104.01455300000003, 24.466231999999998], [104.01071200000001, 24.46852000000004], [104.00727600000012, 24.47067900000006], [104.00487900000003, 24.47480200000014], [104.006974, 24.485786000000175], [104.00861500000006, 24.485468000000154], [104.01131100000002, 24.485292000000157], [104.02703100000005, 24.49652200000012], [104.03049099999998, 24.496723000000053], [104.03341700000014, 24.495752000000003], [104.0355420000001, 24.49639700000008], [104.03462700000007, 24.503070000000115], [104.03566000000009, 24.50536500000011], [104.03875000000015, 24.50671999999996], [104.04037900000012, 24.508059999999986], [104.03928000000005, 24.50855100000011], [104.03818500000011, 24.508706000000146], [104.03653800000009, 24.50919100000013], [104.03762099999992, 24.510364000000017], [104.03923900000011, 24.513034000000133], [104.03651000000008, 24.528570000000038], [104.02580000000016, 24.52883900000009], [104.02247700000001, 24.538976000000034], [104.00649400000007, 24.56077600000006], [104.0024730000001, 24.561897000000087], [103.99708200000008, 24.557736000000062], [103.9847, 24.584549999999993], [103.97255000000013, 24.58214200000006], [103.96989500000001, 24.593743999999987], [103.97169200000002, 24.59688500000008], [103.97293200000004, 24.60154400000001], [103.97520800000015, 24.605673000000053], [103.977543, 24.611175999999915], [103.979702, 24.614851000000137], [103.98551814018859, 24.616724421938166], [103.99020000000016, 24.619231999999982], [103.99200500000003, 24.62140900000007], [103.99253100000011, 24.624074000000128], [103.99159999999992, 24.626721000000117], [103.98957500000014, 24.629021000000172], [103.98503900000017, 24.630513000000164], [103.98465299999995, 24.633165000000034], [103.98550800000007, 24.635626999999907], [103.9853479999999, 24.637156000000026], [103.98260899999994, 24.63795900000003], [103.9800530000001, 24.638432000000087], [103.97748199999992, 24.64039800000004], [103.97764200000009, 24.644059], [103.97961000000004, 24.647894000000136], [103.98030499999999, 24.651885000000128], [103.97918300000006, 24.655356000000083], [103.97624200000007, 24.65815100000006], [103.97135200000005, 24.660634999999978], [103.96733199999997, 24.66209200000018], [103.96241800000007, 24.66055100000004], [103.95790100000008, 24.657207999999933], [103.95539500000004, 24.651707000000144], [103.95308800000011, 24.64504700000012], [103.9523860000001, 24.641720000000177], [103.94057500000004, 24.641464999999954], [103.93327699999998, 24.64606300000016], [103.92876499999997, 24.64928500000012], [103.92638000000007, 24.651424000000176], [103.92615900000007, 24.654079000000117], [103.93665, 24.66113200000015], [103.935845, 24.669920000000033], [103.92034600000014, 24.67462399999996], [103.91868299999996, 24.677101], [103.91666900000001, 24.679744000000014], [103.89732000000011, 24.673958000000006], [103.88131799999994, 24.684773000000092], [103.87371500000012, 24.68239800000005], [103.8740240000001, 24.687715000000154], [103.85703300000009, 24.69303200000008], [103.84978500000008, 24.691328000000134], [103.84793500000012, 24.691958000000035], [103.85440100000008, 24.702976000000042], [103.85223000000005, 24.701800999999904], [103.84844199999998, 24.69928799999999], [103.84533800000001, 24.698087], [103.841893, 24.69756799999996], [103.83844100000002, 24.697713000000142], [103.83668200000004, 24.698578000000126], [103.82523000000018, 24.71791300000004], [103.81666200000004, 24.720996000000042], [103.810017, 24.728399999999986], [103.81076500000007, 24.729934000000164], [103.81111200000001, 24.73176000000008], [103.80398600000015, 24.73218200000018], [103.80092300000003, 24.730169999999973], [103.79822599999999, 24.72716600000011], [103.79297300000002, 24.725468999999947], [103.79113800000007, 24.72728200000003], [103.79111200000006, 24.730096000000067], [103.78892600000002, 24.730577000000075], [103.78656500000007, 24.730561000000172], [103.78618300000008, 24.732553000000145], [103.7879760000001, 24.73472800000016], [103.78724400000011, 24.73572000000017], [103.76998200000004, 24.715990999999995], [103.76876500000006, 24.71000900000002], [103.769185, 24.70436800000011], [103.76920699999997, 24.701878000000143], [103.76720900000011, 24.701863000000145], [103.76394300000007, 24.700841000000054], [103.76233, 24.698672000000087], [103.76272200000011, 24.69569000000009], [103.7434089999999, 24.700022000000054], [103.72873800000005, 24.711771000000148], [103.71760600000003, 24.71515500000001], [103.71758000000001, 24.717645000000154], [103.72900099999997, 24.739495000000055], [103.73118300000003, 24.739849000000035], [103.73282300000001, 24.739531000000014], [103.7386980000001, 24.733101000000012], [103.73861400000007, 24.741064000000023], [103.74041800000012, 24.742740000000055], [103.743317, 24.74392700000012], [103.74638800000008, 24.746610000000068], [103.75309500000009, 24.76724500000016], [103.73792300000011, 24.75566499999993], [103.70601300000006, 24.756991000000127], [103.693322, 24.741965999999962], [103.67527800000006, 24.741338999999954], [103.67031099999988, 24.730969], [103.67170800000008, 24.739803999999957], [103.66385300000013, 24.74039200000002], [103.6626740000001, 24.740816000000024], [103.66220900000017, 24.741786999999896], [103.66201000000005, 24.743148000000147], [103.66886100000008, 24.760535999999988], [103.65463300000003, 24.780331000000032], [103.64753699999991, 24.80210800000011], [103.64951000000016, 24.819420000000058], [103.65670500000004, 24.82557200000015], [103.65081099999999, 24.835204000000054], [103.65367900000015, 24.850091000000084], [103.66388300000013, 24.86817100000016], [103.65498000000014, 24.878287000000142], [103.64602000000006, 24.882655000000064], [103.62629000000007, 24.88175300000004], [103.61845100000002, 24.888392999999922], [103.59988800000012, 24.88052899999993], [103.59696700000002, 24.886648000000044], [103.58934499999998, 24.89051799999997], [103.57909900000007, 24.872887000000013], [103.58341300000015, 24.862180000000066], [103.582765, 24.8576919999999], [103.58154000000007, 24.85556100000006], [103.580266, 24.85470599999993], [103.56140200000007, 24.85670200000014], [103.54827600000009, 24.8649950000001], [103.52850000000001, 24.839330000000025], [103.51956600000014, 24.839322000000074], [103.51892899999993, 24.83414100000003], [103.50023300000012, 24.835359000000004], [103.49227600000007, 24.842975999999986], [103.47882600000011, 24.849227000000006], [103.48477599999993, 24.865710000000107], [103.46021000000009, 24.872346000000014], [103.46289100000004, 24.887022999999985], [103.44377600000013, 24.893806000000062], [103.45122600000016, 24.908316999999982], [103.44784600000008, 24.91892500000008], [103.441911, 24.925617000000088], [103.45081000000002, 24.95308000000007], [103.44818900000004, 24.967115000000128], [103.46096100000005, 24.97971400000003], [103.46541999999997, 24.993571000000102], [103.45924800000007, 25.003943000000127], [103.44870799999993, 25.00917000000007], [103.45605099999997, 25.02921499999993], [103.43887800000006, 25.04207300000003], [103.414422, 25.043210999999957], [103.40287500000011, 25.049601000000024], [103.420766, 25.06992300000006], [103.42878000000015, 25.0725219999999], [103.45187400000012, 25.071475000000042], [103.46529099999995, 25.08921600000005], [103.47552600000009, 25.095766999999938], [103.48865600000005, 25.092735000000154], [103.48956000000007, 25.111086000000093], [103.47579700000013, 25.123345000000107], [103.473802, 25.12436500000004], [103.47124900000006, 25.123027], [103.46923500000004, 25.121276000000158], [103.46847200000015, 25.123615000000065], [103.46761400000003, 25.125674000000075], [103.47265300000005, 25.14602500000003], [103.46840300000012, 25.146511000000004], [103.46501200000003, 25.145967000000113], [103.46158999999997, 25.14800200000009], [103.45927499999999, 25.150291999999943], [103.46978800000014, 25.17209700000003], [103.468426, 25.172196999999954], [103.46725500000016, 25.17393900000011], [103.46647300000012, 25.174984000000066], [103.46606900000009, 25.17673299999992], [103.46641599999995, 25.179534000000125], [103.46598900000005, 25.183033000000087], [103.46443599999998, 25.184418000000022], [103.46250600000016, 25.185102000000036], [103.457154, 25.181538000000025], [103.4440359999999, 25.185264000000117], [103.44286799999989, 25.1866550000001], [103.44206700000012, 25.189098999999906], [103.44049900000007, 25.190837999999992], [103.43781000000016, 25.190814999999958], [103.43359399999994, 25.189710000000012], [103.43362900000008, 25.18690799999999], [103.42395399999998, 25.191015999999976], [103.41403300000016, 25.185318000000144], [103.41365900000011, 25.18461400000016], [103.41330000000008, 25.182504000000016], [103.41333400000005, 25.180051999999996], [103.40712100000006, 25.184557999999967], [103.40004799999997, 25.16661499999995], [103.40483200000003, 25.15475700000016], [103.39326900000005, 25.156747999999965], [103.39289100000003, 25.15604300000016], [103.39292200000011, 25.153943000000048], [103.392575, 25.151488000000043], [103.3824470000001, 25.160834000000087], [103.36378900000015, 25.160776000000084], [103.34122900000013, 25.167485999999982], [103.32772500000013, 25.166544000000023], [103.3248950000001, 25.14634199999997], [103.32096899999998, 25.139754999999944], [103.30771300000006, 25.146540000000094], [103.31135600000005, 25.165654000000103], [103.3094910000001, 25.177883000000037], [103.285424, 25.189748000000044], [103.28496600000003, 25.191060000000064], [103.28527100000004, 25.192742000000145], [103.28613000000006, 25.19462900000005], [103.29382800000016, 25.20222999999995], [103.29412500000005, 25.209558000000087], [103.27126700000005, 25.212085000000094], [103.264508, 25.21993000000011], [103.26351200000002, 25.22059600000015], [103.2609479999999, 25.221282999999886], [103.25681700000013, 25.222013999999973], [103.27194700000001, 25.260772000000053], [103.29438900000005, 25.265154000000067], [103.29681100000008, 25.270988000000138], [103.28802499999992, 25.270543000000004], [103.28726300000001, 25.27336099999993], [103.28011400000003, 25.274938000000112], [103.2845160000001, 25.287457000000146], [103.28989100000003, 25.294990000000105], [103.29892000000012, 25.288782999999995], [103.30212400000002, 25.295471000000113], [103.30632400000007, 25.29652400000002], [103.30437100000013, 25.30496900000012], [103.30873100000011, 25.307685000000134], [103.30395900000015, 25.308288000000026], [103.30291400000002, 25.31774100000004], [103.30363499999999, 25.318415000000115], [103.3045510000001, 25.3185930000001], [103.30528300000009, 25.31860400000012], [103.30568000000008, 25.316282000000022], [103.30627100000012, 25.314136000000097], [103.30847600000014, 25.3136680000001], [103.31021499999989, 25.31982900000005], [103.316083, 25.319374999999965], [103.31666300000003, 25.3211650000001], [103.31685300000012, 25.323207000000124], [103.31715100000008, 25.32460900000013], [103.31410700000012, 25.32903100000008], [103.32021400000004, 25.33661499999991], [103.3112000000001, 25.341467000000172], [103.29491900000002, 25.343147999999992], [103.28597300000004, 25.339869000000114], [103.27021400000015, 25.34367900000005], [103.27528099999992, 25.359691000000083], [103.27418599999999, 25.366836999999997], [103.290379, 25.382721999999916], [103.29098200000006, 25.390038000000125], [103.29656299999998, 25.394987999999977], [103.30114500000002, 25.406777000000005], [103.34025300000002, 25.427123000000073], [103.34639400000009, 25.433751000000115], [103.346494, 25.435159999999904], [103.34599000000006, 25.4387810000001], [103.34652400000002, 25.439895000000078], [103.36809200000002, 25.454895000000043], [103.35611399999999, 25.474867000000167], [103.36120600000012, 25.479118], [103.35934800000005, 25.486135999999895], [103.36069099999997, 25.486414000000067], [103.36216000000002, 25.485646000000116], [103.36326199999999, 25.484992000000005], [103.36724500000011, 25.492457000000023], [103.3699419999999, 25.487197000000016], [103.37933799999999, 25.493304000000116], [103.38665399999994, 25.49072899999996], [103.39442500000013, 25.493856999999956], [103.4138650000001, 25.493644000000003], [103.42026200000004, 25.49903600000001], [103.42265000000009, 25.492840000000093], [103.4231310000001, 25.496713999999912], [103.423119, 25.49768300000006], [103.4260449999999, 25.49819600000005], [103.42789199999996, 25.499905000000055], [103.43131300000012, 25.513694000000008], [103.42337900000001, 25.523914999999974], [103.42207400000004, 25.53354800000014], [103.432954, 25.54486400000011], [103.43484500000014, 25.557230000000096], [103.42569800000004, 25.565953000000107], [103.42703300000002, 25.57088699999988], [103.4364740000001, 25.576287000000008], [103.44469500000014, 25.565086000000136], [103.46876900000004, 25.565018000000016], [103.46800300000007, 25.55093900000005], [103.47464800000009, 25.55933700000017], [103.48564200000007, 25.558368000000108], [103.50023300000012, 25.56476900000002], [103.51272600000013, 25.576722000000117], [103.53251300000005, 25.574569999999966], [103.53343600000004, 25.581610000000076], [103.54315600000004, 25.586887999999973], [103.53503100000003, 25.59940500000002], [103.52842400000011, 25.601268999999974], [103.52916800000004, 25.607151000000016], [103.52326300000013, 25.612130000000043], [103.51079199999998, 25.60685800000011], [103.4939729999999, 25.611186000000096], [103.49109, 25.614268000000017], [103.48993400000009, 25.61688800000008], [103.48780499999998, 25.633447000000075], [103.491631, 25.64190699999991], [103.49043699999997, 25.654594000000074], [103.49809299999998, 25.659693000000082], [103.50442100000006, 25.675715000000054], [103.512982, 25.678813000000055], [103.51384800000007, 25.680534999999985], [103.51475200000007, 25.682698999999978], [103.50962800000013, 25.691992000000162], [103.51202800000011, 25.69665300000017], [103.50815300000014, 25.700407000000006], [103.51609100000002, 25.707111000000026], [103.52267900000012, 25.707816000000008], [103.52416299999999, 25.708358999999994], [103.52406400000015, 25.710665999999918], [103.52324000000002, 25.711729000000027], [103.52206000000007, 25.714707000000047], [103.52531500000009, 25.71798400000003], [103.528359, 25.720715000000126], [103.52925200000007, 25.72187200000011], [103.52397600000015, 25.73207600000009], [103.51226900000016, 25.74271799999999], [103.51216999999988, 25.750791000000127], [103.5312320000001, 25.76719600000017], [103.54147300000014, 25.76870300000016], [103.55429900000016, 25.78168400000005], [103.55550399999996, 25.786658000000017], [103.54008600000012, 25.802315999999983], [103.53984899999998, 25.806068000000003], [103.54622700000002, 25.813162000000055], [103.54241599999992, 25.821175000000117], [103.536278, 25.823330999999982], [103.51727300000013, 25.81105599999998], [103.50901899999994, 25.81039100000011], [103.50338099999999, 25.816627000000047], [103.50500100000002, 25.82346100000008], [103.50188100000005, 25.824507000000118], [103.50137000000005, 25.827063000000038], [103.50024400000015, 25.83266399999993], [103.49585800000015, 25.835332999999963], [103.49594899999997, 25.826925000000166], [103.49232499999997, 25.827386000000118], [103.48993699999991, 25.82854500000009], [103.48827000000009, 25.828874999999954], [103.47822600000002, 25.819937000000003], [103.46833500000018, 25.820376999999993], [103.46311300000012, 25.828558000000015], [103.470967, 25.840112000000047], [103.46952100000007, 25.859629000000005], [103.45831000000001, 25.868136999999905], [103.457856, 25.867295000000134], [103.45649000000006, 25.865603999999934], [103.4555900000001, 25.86391800000014], [103.44354300000003, 25.863375000000154], [103.44355900000012, 25.86211600000008], [103.44312799999999, 25.859593000000046], [103.44128500000008, 25.85873200000004], [103.43851600000013, 25.85786699999997], [103.43769900000004, 25.850711000000025], [103.42806300000015, 25.840947000000035], [103.40494900000012, 25.835262000000036], [103.39930000000007, 25.8362890000001], [103.39843000000003, 25.836447000000028], [103.39285000000001, 25.837514000000027], [103.38256799999998, 25.84552200000003], [103.38839400000009, 25.858606999999914], [103.37308599999997, 25.857176999999986], [103.35978700000014, 25.848225000000035], [103.341206, 25.861811999999972], [103.34149200000004, 25.86102600000013], [103.32988800000004, 25.86047000000005], [103.32616100000004, 25.860419999999998], [103.32864100000006, 25.849953000000014], [103.31620400000007, 25.842662000000004], [103.31059700000013, 25.844265000000036], [103.31013900000008, 25.845966999999995], [103.31057500000009, 25.8484920000001], [103.30916300000014, 25.849733000000107], [103.30730900000003, 25.849287999999973], [103.30253300000011, 25.849026000000052], [103.31010200000003, 25.85232999999996], [103.30242599999988, 25.858205000000133], [103.288476, 25.858398999999935], [103.29252300000002, 25.863281000000015], [103.290436, 25.865476000000086], [103.29020400000016, 25.86677399999993], [103.29937800000002, 25.87058900000001], [103.28945600000009, 25.876409000000166], [103.29177099999997, 25.901107000000167], [103.301804, 25.901227999999968], [103.29733700000007, 25.91434200000011], [103.31060800000014, 25.916529000000054], [103.31257300000001, 25.922496000000116], [103.30025200000003, 25.924018000000018], [103.30471800000007, 25.95065400000005], [103.28714100000005, 25.956592000000022], [103.28677400000005, 25.970735999999953], [103.29134100000002, 25.971090000000018], [103.29148900000008, 25.9721329999999], [103.29047100000005, 25.974918000000024], [103.28996000000005, 25.97638300000009], [103.3029450000001, 25.981106000000075], [103.3019340000001, 25.98315600000005], [103.28417600000003, 25.981473000000065], [103.27277400000006, 25.991797000000027], [103.27319300000008, 25.995037000000053], [103.27343400000012, 26.00000899999995], [103.28047200000016, 26.00492800000007], [103.30392499999999, 26.05655300000003], [103.30104100000011, 26.05996700000015], [103.29776800000002, 26.064898999999933], [103.29696700000001, 26.06753700000015], [103.29405300000013, 26.069068000000172], [103.290726, 26.070600999999918], [103.28823500000014, 26.072137000000083], [103.28458000000006, 26.080836000000062], [103.28291300000015, 26.081227000000084], [103.27957200000012, 26.08125500000009], [103.27874000000003, 26.082015999999996], [103.28087199999996, 26.08576600000012], [103.270955, 26.094146000000173], [103.26760600000001, 26.093797000000073], [103.26567500000012, 26.107748999999927], [103.25125900000015, 26.12597200000002], [103.255566, 26.137976999999893], [103.25520000000009, 26.14287700000004], [103.25482600000007, 26.14664599999996], [103.24447700000016, 26.156159000000144], [103.24284800000002, 26.15918800000012], [103.24247000000001, 26.16257200000016], [103.25342599999996, 26.1777999999999], [103.24354999999994, 26.18553300000015], [103.24232200000003, 26.187804000000114], [103.24236000000015, 26.191571000000046], [103.2224470000001, 26.204932000000113], [103.21089600000005, 26.217484000000034], [103.20755800000009, 26.219379000000153], [103.20590300000012, 26.220905000000116], [103.201333, 26.22170899999994], [103.19541900000006, 26.221792999999963], [103.188255, 26.216885000000033], [103.18464400000008, 26.201988000000064], [103.18388800000005, 26.20159900000003], [103.18307900000009, 26.201495000000044], [103.18226700000005, 26.201838000000087], [103.16664100000017, 26.21645200000009], [103.16320399999992, 26.227766000000074], [103.15130300000013, 26.230072999999912], [103.15118100000015, 26.250591], [103.14250300000013, 26.251277000000094], [103.1315920000001, 26.246979000000103], [103.12195600000004, 26.251103000000086], [103.10941700000012, 26.273479000000165], [103.10973799999996, 26.297242999999895], [103.10725100000015, 26.30778899999993], [103.09927400000004, 26.309757999999952], [103.09991500000015, 26.325027000000055], [103.09502100000005, 26.346833000000046], [103.09687900000011, 26.36970900000002], [103.08903600000009, 26.384021000000168], [103.090031, 26.398818000000034], [103.08225300000001, 26.415689000000086], [103.08474400000006, 26.423356000000034], [103.08229199999997, 26.437916000000094], [103.071323, 26.46759300000012], [103.07151400000001, 26.483404000000043], [103.06416700000015, 26.48979899999999], [103.063489, 26.499571000000024], [103.05701100000013, 26.508704000000115], [103.06476300000008, 26.536518000000008], [103.05114499999999, 26.57385299999995], [103.0651820000001, 26.59319100000002], [103.07048099999997, 26.61473500000009], [103.1025960000001, 26.619409000000104], [103.10834500000007, 26.63100500000015], [103.10781900000006, 26.63455500000007], [103.10727700000017, 26.637093000000014], [103.11177900000015, 26.63806100000008], [103.11404400000016, 26.639557000000046], [103.12476000000005, 26.639973000000005], [103.13992700000016, 26.634747000000146], [103.14550800000008, 26.629618999999963], [103.16634000000013, 26.622127000000106], [103.17055100000002, 26.614128999999956], [103.19533600000011, 26.621671000000035], [103.20827900000006, 26.629675000000063], [103.21279200000008, 26.63587099999998], [103.208508, 26.645711000000126], [103.20970999999997, 26.647059000000105], [103.21167100000005, 26.648289000000005], [103.21561900000003, 26.648756000000006], [103.22309900000005, 26.658251000000035], [103.21532500000005, 26.67509500000007], [103.21702299999995, 26.676598000000084], [103.220975, 26.677065999999996], [103.22267600000005, 26.678561999999964], [103.23156800000001, 26.69428000000009], [103.23279700000009, 26.695004999999952], [103.23445200000006, 26.696457000000095], [103.23773200000002, 26.698274000000154], [103.231278, 26.70677900000007], [103.23473400000013, 26.724380000000124], [103.23596200000013, 26.72546899999999], [103.23803, 26.727654000000122], [103.23926600000013, 26.72874700000014], [103.28025200000008, 26.731681999999893], [103.29127099999991, 26.728268000000035], [103.3027390000001, 26.729990999999956], [103.32370000000017, 26.718398999999884], [103.32574100000011, 26.717646000000016], [103.32861000000017, 26.71725700000016], [103.3331220000001, 26.717219000000036], [103.35240599999989, 26.72069899999994], [103.35825000000015, 26.730573000000057], [103.3606990000001, 26.73236099999994], [103.36275600000013, 26.732712000000113], [103.36562000000012, 26.732686000000093], [103.36766100000007, 26.73193099999989], [103.36970600000016, 26.730812000000114], [103.37215100000006, 26.72931900000004], [103.37485600000005, 26.71715800000014], [103.37503900000017, 26.716990000000095], [103.37566400000001, 26.71641800000002], [103.37771300000009, 26.716034000000043], [103.39298700000016, 26.726887000000076], [103.39671800000013, 26.731255999999995], [103.3971490000001, 26.732355000000062], [103.39720999999999, 26.737867999999956], [103.39076299999999, 26.747120000000123], [103.39179700000011, 26.76548100000018], [103.37663700000004, 26.76526899999996], [103.35295100000012, 26.770288000000008], [103.35009000000001, 26.771780999999997], [103.34807200000002, 26.77438100000009], [103.34731000000002, 26.776973999999967], [103.35942100000005, 26.79816200000007], [103.3766290000001, 26.80090100000003], [103.3829130000001, 26.813339000000113], [103.38939400000007, 26.841182999999916], [103.38858900000007, 26.84302900000015], [103.38618600000001, 26.84782600000004], [103.38620100000001, 26.84929799999989], [103.40155099999998, 26.867134000000114], [103.4019860000001, 26.868968000000073], [103.40201600000009, 26.87190700000015], [103.40244300000006, 26.8741070000001], [103.40454100000011, 26.877762000000097], [103.40743300000011, 26.879194000000005], [103.4066320000001, 26.88067400000007], [103.405831, 26.882520000000042], [103.41291500000003, 26.893457999999917], [103.41293000000002, 26.89455900000015], [103.41213700000013, 26.896774000000015], [103.41135100000011, 26.900092000000008], [103.41667599999991, 26.90681300000002], [103.42033100000006, 26.92366600000009], [103.43018800000011, 26.93368500000004], [103.43697000000012, 26.952715000000026], [103.43741299999999, 26.95528300000005], [103.43746600000011, 26.95968599999994], [103.43665800000005, 26.962053999999938], [103.42296300000007, 26.98079500000008], [103.42305400000012, 26.988509000000093], [103.42227599999998, 26.99365200000001], [103.416573, 27.00063800000001], [103.42439699999997, 27.00962400000011], [103.45149200000006, 26.98879100000007], [103.4724009999999, 26.998633000000027], [103.48403600000006, 27.011429000000064], [103.49392799999998, 27.011805999999993], [103.50023300000012, 27.004722000000058], [103.51714400000012, 26.996357000000003], [103.52153400000007, 26.995993000000084], [103.52168300000014, 26.996014000000045], [103.52295700000005, 26.996474000000006], [103.53347000000001, 27.004990000000028], [103.5520290000001, 27.009404000000025], [103.56309899999997, 27.007012999999993], [103.56783700000014, 26.996507000000157], [103.58112000000014, 26.99084199999995], [103.60078799999998, 26.991255000000102], [103.61122899999995, 26.99641600000009], [103.61172500000004, 27.00938299999998], [103.63648300000003, 27.01778099999992], [103.65242800000001, 27.027495000000123], [103.65467500000014, 27.037356000000145], [103.67047600000004, 27.053916000000044], [103.67845200000014, 27.055790000000023], [103.70373900000001, 27.053448000000046], [103.71080800000013, 27.041835000000013], [103.7297560000001, 27.02325600000004], [103.7300760000001, 27.015236999999928], [103.74121500000017, 27.00001900000013], [103.75159500000015, 26.967074000000068], [103.77513900000005, 26.949069999999978], [103.77516200000018, 26.938469000000097], [103.76355100000013, 26.920517000000046], [103.76117000000013, 26.910624000000126], [103.7673, 26.89128900000013], [103.77644000000005, 26.880559000000147], [103.77628000000013, 26.87597300000013], [103.76928800000017, 26.869369000000034], [103.76002900000005, 26.869056000000157], [103.74167700000002, 26.860830000000057], [103.72046000000009, 26.856189000000107], [103.72051300000004, 26.844287000000143], [103.71511100000001, 26.836530999999944], [103.70536500000009, 26.83249200000015], [103.7001460000001, 26.81554600000011], [103.70211800000001, 26.799928000000172], [103.71815900000013, 26.77662700000012], [103.71693500000012, 26.763297000000044], [103.72254299999996, 26.756583000000077], [103.72463699999994, 26.7433970000001], [103.74381600000008, 26.728829000000175], [103.74845899999994, 26.72998399999991], [103.7576680000001, 26.740339000000034], [103.76628500000004, 26.73835900000008], [103.77077600000001, 26.723315000000113], [103.76603300000015, 26.713124999999962], [103.76572900000005, 26.701371000000073], [103.7573209999999, 26.693316999999993], [103.75934300000013, 26.654051000000067], [103.75092000000006, 26.641692000000127], [103.7472920000001, 26.626358999999965], [103.75976200000017, 26.617498000000083], [103.76775400000008, 26.60490499999988], [103.76371400000012, 26.590123999999918], [103.766087, 26.586863000000015], [103.76860400000007, 26.583396000000036], [103.79649400000002, 26.57083700000007], [103.81260800000015, 26.555545000000016], [103.80973900000009, 26.54763100000006], [103.81231800000015, 26.540781999999943], [103.838296, 26.536259999999977], [103.86303000000014, 26.51624400000012], [103.8851020000001, 26.520035000000085], [103.91485700000001, 26.51690599999992], [103.9532510000001, 26.525210000000165], [103.97049000000004, 26.520051000000166], [103.99647200000005, 26.52435200000005], [104.00423900000001, 26.519130999999987], [104.03340200000014, 26.530997000000077], [104.04487300000015, 26.524023000000007], [104.04651700000011, 26.524082000000092], [104.04942400000012, 26.524866000000124], [104.05629800000008, 26.52753299999999], [104.06532000000014, 26.539968000000002], [104.06594900000013, 26.54778099999995], [104.06084900000005, 26.56255200000006], [104.06688, 26.578241000000013], [104.07804600000007, 26.58455800000008], [104.09620300000012, 26.608801000000092], [104.10114000000004, 26.61081200000004], [104.10210900000011, 26.617974000000032], [104.11101999999997, 26.626148999999913], [104.12475600000005, 26.647368000000093], [104.14291800000017, 26.645790999999996], [104.15581199999988, 26.65123000000007], [104.17253600000011, 26.64003700000015], [104.18850700000004, 26.642774999999943], [104.20108100000009, 26.630435999999882], [104.22895499999997, 26.62426500000008], [104.229435, 26.624834000000085], [104.23056500000013, 26.62698800000014], [104.23279600000016, 26.629135000000147], [104.24157699999992, 26.63129100000001], [104.25002000000003, 26.629303000000014], [104.25226300000007, 26.627567999999904], [104.254674, 26.625269000000017], [104.25737500000008, 26.622975000000018], [104.26351999999996, 26.624753000000133], [104.2700740000001, 26.62856300000007], [104.27194600000009, 26.63673900000012], [104.27277400000003, 26.63720399999996], [104.27538300000006, 26.637489000000002], [104.27928900000013, 26.637613999999957], [104.29839800000008, 26.633705000000084], [104.30688500000011, 26.622614000000077], [104.32865900000012, 26.624969000000064], [104.34023700000009, 26.626377000000033], [104.35148999999993, 26.625341000000113], [104.36042800000004, 26.63651500000006], [104.36395300000002, 26.646830000000165], [104.37702600000006, 26.651828999999985], [104.38076800000006, 26.66667900000006], [104.38631500000001, 26.67001000000007], [104.39121000000002, 26.672957000000096], [104.396985, 26.711722000000137], [104.40798600000002, 26.71513200000002], [104.4203960000001, 26.712952000000122], [104.4227839999999, 26.706224000000155], [104.44105200000016, 26.686690000000034], [104.44054800000019, 26.675662000000088], [104.45422000000005, 26.666301000000047], [104.46516900000003, 26.652960000000036], [104.45632300000015, 26.61307500000005], [104.46071200000003, 26.600366000000108], [104.4843180000001, 26.583247000000057], [104.49892399999997, 26.592834000000053], [104.5400130000001, 26.58929800000005], [104.55277699999998, 26.594145999999988], [104.55421900000002, 26.594141000000015], [104.55532100000015, 26.593853999999986], [104.5583390000001, 26.59255200000017], [104.56929400000004, 26.58221300000003], [104.57196000000002, 26.571868000000023], [104.5785070000001, 26.571169000000005], [104.5797350000001, 26.559829999999998], [104.57197600000009, 26.547864999999973]]]}}, {"type": "Feature", "properties": {"name": "昆明市", "kind": "0137", "admin_code": "530129", "code_1": 5301}, "geometry": {"type": "Polygon", "coordinates": [[[103.06290100000004, 26.537687999999918], [103.06475100000016, 26.53645199999997], [103.05713300000009, 26.50808300000007], [103.063489, 26.499571000000024], [103.06416700000015, 26.48979899999999], [103.07151400000001, 26.483404000000043], [103.071323, 26.46759300000012], [103.07737099999994, 26.45551100000001], [103.08467200000015, 26.42482299999991], [103.08225300000001, 26.415689000000086], [103.09022199999998, 26.39774700000006], [103.08903600000009, 26.384021000000168], [103.09687900000011, 26.36970900000002], [103.09502100000005, 26.346833000000046], [103.09991500000015, 26.325027000000055], [103.09927400000004, 26.309757999999952], [103.10725100000015, 26.30778899999993], [103.10981400000011, 26.296112000000015], [103.1077270000001, 26.27859099999992], [103.11884300000004, 26.25465099999993], [103.13076500000005, 26.2469940000001], [103.14250300000013, 26.251277000000094], [103.15118100000015, 26.250591], [103.15130300000013, 26.230072999999912], [103.16320399999992, 26.227766000000074], [103.16664100000017, 26.21645200000009], [103.18226700000005, 26.201838000000087], [103.18307900000009, 26.201495000000044], [103.18388800000005, 26.20159900000003], [103.18464400000008, 26.201988000000064], [103.188255, 26.216885000000033], [103.19541900000006, 26.221792999999963], [103.201333, 26.22170899999994], [103.20590300000012, 26.220905000000116], [103.20755800000009, 26.219379000000153], [103.21089600000005, 26.217484000000034], [103.2224470000001, 26.204932000000113], [103.24236000000015, 26.191571000000046], [103.24232200000003, 26.187804000000114], [103.24354999999994, 26.18553300000015], [103.25342599999996, 26.1777999999999], [103.24247000000001, 26.16257200000016], [103.24284800000002, 26.15918800000012], [103.24447700000016, 26.156159000000144], [103.25482600000007, 26.14664599999996], [103.25520000000009, 26.14287700000004], [103.255566, 26.137976999999893], [103.25125900000015, 26.12597200000002], [103.26567500000012, 26.107748999999927], [103.26760600000001, 26.093797000000073], [103.270955, 26.094146000000173], [103.28087199999996, 26.08576600000012], [103.27874000000003, 26.082015999999996], [103.27957200000012, 26.08125500000009], [103.28291300000015, 26.081227000000084], [103.28458000000006, 26.080836000000062], [103.28823500000014, 26.072137000000083], [103.290726, 26.070600999999918], [103.29405300000013, 26.069068000000172], [103.29696700000001, 26.06753700000015], [103.29776800000002, 26.064898999999933], [103.30104100000011, 26.05996700000015], [103.30392499999999, 26.05655300000003], [103.28047200000016, 26.00492800000007], [103.27343400000012, 26.00000899999995], [103.27319300000008, 25.995037000000053], [103.27277400000006, 25.991797000000027], [103.28417600000003, 25.981473000000065], [103.3019340000001, 25.98315600000005], [103.3029450000001, 25.981106000000075], [103.28996000000005, 25.97638300000009], [103.29047100000005, 25.974918000000024], [103.29148900000008, 25.9721329999999], [103.29134100000002, 25.971090000000018], [103.28677400000005, 25.970735999999953], [103.28714100000005, 25.956592000000022], [103.30471800000007, 25.95065400000005], [103.30025200000003, 25.924018000000018], [103.31257300000001, 25.922496000000116], [103.31060800000014, 25.916529000000054], [103.29733700000007, 25.91434200000011], [103.301804, 25.901227999999968], [103.29177099999997, 25.901107000000167], [103.28945600000009, 25.876409000000166], [103.29937800000002, 25.87058900000001], [103.29020400000016, 25.86677399999993], [103.290436, 25.865476000000086], [103.29252300000002, 25.863281000000015], [103.288476, 25.858398999999935], [103.30242599999988, 25.858205000000133], [103.31010200000003, 25.85232999999996], [103.30253300000011, 25.849026000000052], [103.30730900000003, 25.849287999999973], [103.30916300000014, 25.849733000000107], [103.31057500000009, 25.8484920000001], [103.31013900000008, 25.845966999999995], [103.31059700000013, 25.844265000000036], [103.31620400000007, 25.842662000000004], [103.32864100000006, 25.849953000000014], [103.32616100000004, 25.860419999999998], [103.32988800000004, 25.86047000000005], [103.34149200000004, 25.86102600000013], [103.341206, 25.861811999999972], [103.35978700000014, 25.848225000000035], [103.37308599999997, 25.857176999999986], [103.38839400000009, 25.858606999999914], [103.38256799999998, 25.84552200000003], [103.39285000000001, 25.837514000000027], [103.39843000000003, 25.836447000000028], [103.39930000000007, 25.8362890000001], [103.40494900000012, 25.835262000000036], [103.42806300000015, 25.840947000000035], [103.43769900000004, 25.850711000000025], [103.43851600000013, 25.85786699999997], [103.44128500000008, 25.85873200000004], [103.44312799999999, 25.859593000000046], [103.44355900000012, 25.86211600000008], [103.44354300000003, 25.863375000000154], [103.4555900000001, 25.86391800000014], [103.45649000000006, 25.865603999999934], [103.457856, 25.867295000000134], [103.45831000000001, 25.868136999999905], [103.46952100000007, 25.859629000000005], [103.470967, 25.840112000000047], [103.46311300000012, 25.828558000000015], [103.46833500000018, 25.820376999999993], [103.47822600000002, 25.819937000000003], [103.48827000000009, 25.828874999999954], [103.48993699999991, 25.82854500000009], [103.49232499999997, 25.827386000000118], [103.49594899999997, 25.826925000000166], [103.49678100000014, 25.835340000000095], [103.50500100000002, 25.82346100000008], [103.50436900000003, 25.81438400000009], [103.50901899999994, 25.81039100000011], [103.51727300000013, 25.81105599999998], [103.536278, 25.823330999999982], [103.54567700000015, 25.816806000000113], [103.54609700000009, 25.81253100000007], [103.53959000000012, 25.80364900000005], [103.55463800000015, 25.789189000000178], [103.55567599999998, 25.78447899999994], [103.54147300000014, 25.76870300000016], [103.5312320000001, 25.76719600000017], [103.51216999999988, 25.750791000000127], [103.51226900000016, 25.74271799999999], [103.52397600000015, 25.73207600000009], [103.52925200000007, 25.72187200000011], [103.528359, 25.720715000000126], [103.52531500000009, 25.71798400000003], [103.52206000000007, 25.714707000000047], [103.52324000000002, 25.711729000000027], [103.52406400000015, 25.710665999999918], [103.52416299999999, 25.708358999999994], [103.52267900000012, 25.707816000000008], [103.51609100000002, 25.707111000000026], [103.50815300000014, 25.700407000000006], [103.51202800000011, 25.69665300000017], [103.50962800000013, 25.691992000000162], [103.51475200000007, 25.682698999999978], [103.51384800000007, 25.680534999999985], [103.512982, 25.678813000000055], [103.50442100000006, 25.675715000000054], [103.49809299999998, 25.659693000000082], [103.49043699999997, 25.654594000000074], [103.491631, 25.64190699999991], [103.48780499999998, 25.633447000000075], [103.48993400000009, 25.61688800000008], [103.49109, 25.614268000000017], [103.4939729999999, 25.611186000000096], [103.51079199999998, 25.60685800000011], [103.52326300000013, 25.612130000000043], [103.52916800000004, 25.607151000000016], [103.52842400000011, 25.601268999999974], [103.53503100000003, 25.59940500000002], [103.54315600000004, 25.586887999999973], [103.53343600000004, 25.581610000000076], [103.53251300000005, 25.574569999999966], [103.51272600000013, 25.576722000000117], [103.50023300000012, 25.56476900000002], [103.48564200000007, 25.558368000000108], [103.47464800000009, 25.55933700000017], [103.46800300000007, 25.55093900000005], [103.46876900000004, 25.565018000000016], [103.44469500000014, 25.565086000000136], [103.4364740000001, 25.576287000000008], [103.42703300000002, 25.57088699999988], [103.42569800000004, 25.565953000000107], [103.43484500000014, 25.557230000000096], [103.432954, 25.54486400000011], [103.42207400000004, 25.53354800000014], [103.42337900000001, 25.523914999999974], [103.43131300000012, 25.513694000000008], [103.42789199999996, 25.499905000000055], [103.4260449999999, 25.49819600000005], [103.423119, 25.49768300000006], [103.4231310000001, 25.496713999999912], [103.42265000000009, 25.492840000000093], [103.42026200000004, 25.49903600000001], [103.4138650000001, 25.493644000000003], [103.39442500000013, 25.493856999999956], [103.38665399999994, 25.49072899999996], [103.37933799999999, 25.493304000000116], [103.3699419999999, 25.487197000000016], [103.36724500000011, 25.492457000000023], [103.36326199999999, 25.484992000000005], [103.36216000000002, 25.485646000000116], [103.36069099999997, 25.486414000000067], [103.35934800000005, 25.486135999999895], [103.36120600000012, 25.479118], [103.35611399999999, 25.474867000000167], [103.36809200000002, 25.454895000000043], [103.34652400000002, 25.439895000000078], [103.34599000000006, 25.4387810000001], [103.346494, 25.435159999999904], [103.34639400000009, 25.433751000000115], [103.34025300000002, 25.427123000000073], [103.30114500000002, 25.406777000000005], [103.29656299999998, 25.394987999999977], [103.29098200000006, 25.390038000000125], [103.290379, 25.382721999999916], [103.27418599999999, 25.366836999999997], [103.27528099999992, 25.359691000000083], [103.27021400000015, 25.34367900000005], [103.28597300000004, 25.339869000000114], [103.29491900000002, 25.343147999999992], [103.3112000000001, 25.341467000000172], [103.32021400000004, 25.33661499999991], [103.31410700000012, 25.32903100000008], [103.31715100000008, 25.32460900000013], [103.31685300000012, 25.323207000000124], [103.31666300000003, 25.3211650000001], [103.316083, 25.319374999999965], [103.31021499999989, 25.31982900000005], [103.30847600000014, 25.3136680000001], [103.30627100000012, 25.314136000000097], [103.30568000000008, 25.316282000000022], [103.30528300000009, 25.31860400000012], [103.3045510000001, 25.3185930000001], [103.30363499999999, 25.318415000000115], [103.30291400000002, 25.31774100000004], [103.30395900000015, 25.308288000000026], [103.30873100000011, 25.307685000000134], [103.30437100000013, 25.30496900000012], [103.30632400000007, 25.29652400000002], [103.30212400000002, 25.295471000000113], [103.29892000000012, 25.288782999999995], [103.28989100000003, 25.294990000000105], [103.2845160000001, 25.287457000000146], [103.28011400000003, 25.274938000000112], [103.28726300000001, 25.27336099999993], [103.28802499999992, 25.270543000000004], [103.29681100000008, 25.270988000000138], [103.29438900000005, 25.265154000000067], [103.27194700000001, 25.260772000000053], [103.25681700000013, 25.222013999999973], [103.2609479999999, 25.221282999999886], [103.26351200000002, 25.22059600000015], [103.264508, 25.21993000000011], [103.27126700000005, 25.212085000000094], [103.29412500000005, 25.209558000000087], [103.29382800000016, 25.20222999999995], [103.28613000000006, 25.19462900000005], [103.28527100000004, 25.192742000000145], [103.28496600000003, 25.191060000000064], [103.285424, 25.189748000000044], [103.3094910000001, 25.177883000000037], [103.31135600000005, 25.165654000000103], [103.30771300000006, 25.146540000000094], [103.32096899999998, 25.139754999999944], [103.3248950000001, 25.14634199999997], [103.32772500000013, 25.166544000000023], [103.34122900000013, 25.167485999999982], [103.36378900000015, 25.160776000000084], [103.3824470000001, 25.160834000000087], [103.392575, 25.151488000000043], [103.39292200000011, 25.153943000000048], [103.39289100000003, 25.15604300000016], [103.39326900000005, 25.156747999999965], [103.40483200000003, 25.15475700000016], [103.40004799999997, 25.16661499999995], [103.40712100000006, 25.184557999999967], [103.41333400000005, 25.180051999999996], [103.41330000000008, 25.182504000000016], [103.41365900000011, 25.18461400000016], [103.41403300000016, 25.185318000000144], [103.42395399999998, 25.191015999999976], [103.43362900000008, 25.18690799999999], [103.43359399999994, 25.189710000000012], [103.43781000000016, 25.190814999999958], [103.44049900000007, 25.190837999999992], [103.44206700000012, 25.189098999999906], [103.44286799999989, 25.1866550000001], [103.4440359999999, 25.185264000000117], [103.457154, 25.181538000000025], [103.46250600000016, 25.185102000000036], [103.46443599999998, 25.184418000000022], [103.46598900000005, 25.183033000000087], [103.46641599999995, 25.179534000000125], [103.46606900000009, 25.17673299999992], [103.46647300000012, 25.174984000000066], [103.46725500000016, 25.17393900000011], [103.468426, 25.172196999999954], [103.46978800000014, 25.17209700000003], [103.45927499999999, 25.150291999999943], [103.46158999999997, 25.14800200000009], [103.46501200000003, 25.145967000000113], [103.46840300000012, 25.146511000000004], [103.47265300000005, 25.14602500000003], [103.46761400000003, 25.125674000000075], [103.46847200000015, 25.123615000000065], [103.46923500000004, 25.121276000000158], [103.47124900000006, 25.123027], [103.473802, 25.12436500000004], [103.47579700000013, 25.123345000000107], [103.48956000000007, 25.111086000000093], [103.48865600000005, 25.092735000000154], [103.47552600000009, 25.095766999999938], [103.46529099999995, 25.08921600000005], [103.45187400000012, 25.071475000000042], [103.42878000000015, 25.0725219999999], [103.420766, 25.06992300000006], [103.40287500000011, 25.049601000000024], [103.414422, 25.043210999999957], [103.43887800000006, 25.04207300000003], [103.45265599999999, 25.033279000000007], [103.45642500000008, 25.027177999999964], [103.44899099999989, 25.008200000000016], [103.45761900000011, 25.00534700000012], [103.46511899999993, 24.99660000000008], [103.46096100000005, 24.97971400000003], [103.44818900000004, 24.967115000000128], [103.45081000000002, 24.95308000000007], [103.441911, 24.925617000000088], [103.44784600000008, 24.91892500000008], [103.45122600000016, 24.908316999999982], [103.44431800000004, 24.89248600000009], [103.46289100000004, 24.887022999999985], [103.46021000000009, 24.872346000000014], [103.48477599999993, 24.865710000000107], [103.47882600000011, 24.849227000000006], [103.501496, 24.83503300000003], [103.51990900000001, 24.834231000000017], [103.51956600000014, 24.839322000000074], [103.52850000000001, 24.839330000000025], [103.54827600000009, 24.8649950000001], [103.56140200000007, 24.85670200000014], [103.580266, 24.85470599999993], [103.58154000000007, 24.85556100000006], [103.582765, 24.8576919999999], [103.58341300000015, 24.862180000000066], [103.57909900000007, 24.872887000000013], [103.58816200000015, 24.890213000000138], [103.59425100000001, 24.889036000000097], [103.59988800000012, 24.88052899999993], [103.61845100000002, 24.888392999999922], [103.62629000000007, 24.88175300000004], [103.64602000000006, 24.882655000000064], [103.65498000000014, 24.878287000000142], [103.66388300000013, 24.86817100000016], [103.65367900000015, 24.850091000000084], [103.65081099999999, 24.835204000000054], [103.65670500000004, 24.82557200000015], [103.64951000000016, 24.819420000000058], [103.64753699999991, 24.80210800000011], [103.65463300000003, 24.780331000000032], [103.66886100000008, 24.760535999999988], [103.6619870000001, 24.744615000000024], [103.66201000000005, 24.743148000000147], [103.66220900000017, 24.741786999999896], [103.6626740000001, 24.740816000000024], [103.67170800000008, 24.739803999999957], [103.66793500000001, 24.7260860000001], [103.66823200000007, 24.709851000000093], [103.65623900000004, 24.693449000000122], [103.638619, 24.685870000000087], [103.62824699999999, 24.674302000000047], [103.63229800000015, 24.665059], [103.64103700000007, 24.66353400000012], [103.63269400000004, 24.6474320000001], [103.622223, 24.646862000000013], [103.62404999999993, 24.635967000000058], [103.61841300000006, 24.631148000000124], [103.62661100000017, 24.628840999999937], [103.6297040000001, 24.616506000000115], [103.6228190000001, 24.605460000000015], [103.61067200000005, 24.595257000000025], [103.610825, 24.594490999999977], [103.61125300000006, 24.593255000000028], [103.61157700000004, 24.591943000000093], [103.58541900000003, 24.577866000000114], [103.58126100000008, 24.570974000000078], [103.570885, 24.56733800000015], [103.56386600000002, 24.559517000000163], [103.54262600000014, 24.557905000000012], [103.53772799999999, 24.540527000000026], [103.52907200000001, 24.52690200000005], [103.51669800000016, 24.51901500000011], [103.50533400000012, 24.526194000000004], [103.5002220000001, 24.51608400000007], [103.47289300000001, 24.50193400000009], [103.46299799999994, 24.51068300000012], [103.45106499999997, 24.514128000000056], [103.45032200000014, 24.51784099999996], [103.45087500000007, 24.519099999999952], [103.45211100000002, 24.520158000000002], [103.45346500000014, 24.520822000000052], [103.470147, 24.522757000000105], [103.48089700000004, 24.533549000000065], [103.48035500000006, 24.53789900000001], [103.47552899999998, 24.54367900000014], [103.47112700000008, 24.544709000000097], [103.46992100000014, 24.546153000000025], [103.47305700000008, 24.551654000000077], [103.48533700000006, 24.552107000000078], [103.49042900000002, 24.559445999999888], [103.48842300000013, 24.561249000000117], [103.45380400000012, 24.56598300000004], [103.45254900000002, 24.571791000000175], [103.44773900000004, 24.57391300000007], [103.44689600000001, 24.578259000000124], [103.43736300000012, 24.578902000000035], [103.42130000000013, 24.594375000000056], [103.40977900000007, 24.594630000000016], [103.40013500000006, 24.60288300000004], [103.39462000000009, 24.601016999999928], [103.38823399999993, 24.602763999999965], [103.38458700000005, 24.609278000000167], [103.37821200000016, 24.60956800000018], [103.375374, 24.613528000000095], [103.3698470000001, 24.612032000000127], [103.3642200000001, 24.615960000000058], [103.35898700000003, 24.62209600000007], [103.3510100000001, 24.62272400000016], [103.34818400000005, 24.625594999999947], [103.34423500000015, 24.625200000000035], [103.337071, 24.624381000000128], [103.33151000000012, 24.625411000000085], [103.32786300000001, 24.63008799999991], [103.32777900000016, 24.636260000000142], [103.32698500000001, 24.63588700000001], [103.32421600000005, 24.634396000000102], [103.32026700000016, 24.63400500000008], [103.32017899999998, 24.640178000000134], [103.31775700000006, 24.642688000000156], [103.31929400000004, 24.647071000000075], [103.31408300000008, 24.649185000000017], [103.31403800000001, 24.65245300000005], [103.31005600000013, 24.65460700000002], [103.30692799999996, 24.650196], [103.30256399999993, 24.64868800000002], [103.29578500000008, 24.650071000000054], [103.29079099999998, 24.658819999999906], [103.28397400000001, 24.660297000000163], [103.2789920000001, 24.657702000000036], [103.28097600000004, 24.643325000000104], [103.26810500000009, 24.637645999999982], [103.26828, 24.634048000000085], [103.27299500000004, 24.633412000000042], [103.27984700000013, 24.63360400000012], [103.28188800000008, 24.63305000000011], [103.27948000000015, 24.619643999999965], [103.28308500000017, 24.610317999999978], [103.28195600000002, 24.608723000000076], [103.27973999999999, 24.607611000000084], [103.27774500000012, 24.607250000000057], [103.26086900000001, 24.608189000000124], [103.25896499999996, 24.58832200000016], [103.24744100000001, 24.579813000000094], [103.25221300000004, 24.57779899999999], [103.25538300000014, 24.56426300000001], [103.24864700000003, 24.55476000000003], [103.25027200000002, 24.546359000000017], [103.23616800000012, 24.539256999999928], [103.23681300000001, 24.51728400000006], [103.23974200000006, 24.515256000000043], [103.2407300000001, 24.51379300000005], [103.24028800000005, 24.510691000000072], [103.22183200000003, 24.507568999999954], [103.21504200000008, 24.51776800000014], [103.21364200000006, 24.52601200000013], [103.20929799999999, 24.524333000000034], [103.20514000000004, 24.522077000000152], [103.20208000000017, 24.522193999999978], [103.19980300000006, 24.523939000000027], [103.19985599999993, 24.53086800000002], [103.19722799999991, 24.533318000000136], [103.18609300000007, 24.5237660000001], [103.1775100000001, 24.528497000000037], [103.17440800000011, 24.526821000000012], [103.17187900000013, 24.522292], [103.16958600000012, 24.520851000000143], [103.16673700000011, 24.522236000000163], [103.1654550000001, 24.521987000000166], [103.1649550000001, 24.521039000000066], [103.16627100000002, 24.518697000000003], [103.16759100000007, 24.516591000000098], [103.16347900000002, 24.516310999999938], [103.16215199999999, 24.51936100000014], [103.16132800000003, 24.52288699999994], [103.16098900000006, 24.528067999999983], [103.16266299999992, 24.536809000000147], [103.15623900000014, 24.53506800000016], [103.15570500000001, 24.536477000000033], [103.15541499999992, 24.53859300000014], [103.13955000000004, 24.53179599999997], [103.13779099999999, 24.528950000000037], [103.13404200000005, 24.520894999999967], [103.12792700000008, 24.51658400000005], [103.11760000000004, 24.518102000000063], [103.1130190000001, 24.51498699999999], [103.1078150000001, 24.51033100000013], [103.10592300000005, 24.52343800000014], [103.11092100000005, 24.54230700000013], [103.11233600000006, 24.5684860000001], [103.09818699999991, 24.566032999999912], [103.08358800000016, 24.555602000000064], [103.07165500000012, 24.55943500000013], [103.05139900000012, 24.557740000000038], [103.04129100000009, 24.569909000000067], [103.04283500000012, 24.577038000000172], [103.0402950000001, 24.58318899999992], [103.04440400000001, 24.58986000000005], [103.04120599999999, 24.596017000000025], [103.0425770000001, 24.60524900000005], [103.03598500000001, 24.61170100000001], [103.033254, 24.62106099999997], [103.03548099999998, 24.63193600000013], [103.0320830000001, 24.655323000000017], [103.04409500000011, 24.700822000000166], [103.0532300000001, 24.706478000000075], [103.05801400000016, 24.71424600000003], [103.07249100000001, 24.757651000000024], [103.06504500000014, 24.76551899999999], [103.05209400000007, 24.765336000000126], [103.04168700000017, 24.77505400000004], [103.0251400000001, 24.75775400000002], [103.01392000000008, 24.765237999999925], [103.01229900000007, 24.76986100000007], [103.01195900000002, 24.771654000000098], [103.01589600000015, 24.795938999999947], [103.01435900000017, 24.800729000000054], [103.01264599999993, 24.805506999999885], [103.01259300000007, 24.808988000000042], [103.01492700000009, 24.8113460000001], [103.01674700000004, 24.81210400000011], [103.02174800000012, 24.814187000000153], [103.025712, 24.82765600000001], [103.0209320000001, 24.839546000000134], [103.02530399999992, 24.845565000000057], [103.02902700000001, 24.866897000000087], [103.01910399999994, 24.893677000000046], [103.02172100000001, 24.912400000000034], [103.01787999999999, 24.91661900000006], [102.99951299999998, 24.923518000000144], [102.99610200000001, 24.89441699999999], [102.98107200000005, 24.88547800000005], [102.9700140000001, 24.89215800000013], [102.96654600000005, 24.89039000000004], [102.964669, 24.890850999999905], [102.9636010000001, 24.890100000000025], [102.9640090000001, 24.881567000000103], [102.95671100000004, 24.87001299999998], [102.95728000000005, 24.868069999999975], [102.95999200000008, 24.86616199999994], [102.93701600000011, 24.862889000000024], [102.93633300000008, 24.855564000000044], [102.93477600000004, 24.85433600000013], [102.930443, 24.857438000000023], [102.929363, 24.857666999999964], [102.92947000000014, 24.851328999999936], [102.92659000000006, 24.847627000000138], [102.9247169999999, 24.847354000000024], [102.92414900000006, 24.849541000000052], [102.92485400000012, 24.855162000000085], [102.9229430000001, 24.85732900000015], [102.92201300000008, 24.86560999999992], [102.91901800000007, 24.868484000000123], [102.91449400000002, 24.86695500000009], [102.91218200000004, 24.86107599999994], [102.90873400000004, 24.85980600000002], [102.90751700000007, 24.836868000000067], [102.91425800000005, 24.833305000000138], [102.90424100000007, 24.829079000000064], [102.90034600000004, 24.813261000000097], [102.90513299999998, 24.801809000000063], [102.90527000000013, 24.789939999999987], [102.917161, 24.783028000000073], [102.91241100000016, 24.777852000000088], [102.91331900000014, 24.77030900000001], [102.898145, 24.766434000000025], [102.89745400000002, 24.764021000000035], [102.89751799999999, 24.760168000000093], [102.89752700000003, 24.75930000000004], [102.88800500000016, 24.75464100000002], [102.88935600000003, 24.74851100000015], [102.8748780000001, 24.738701000000084], [102.8669560000001, 24.7514130000001], [102.85706400000001, 24.747752000000055], [102.84670299999999, 24.75206400000014], [102.84550499999992, 24.750773999999986], [102.84520700000003, 24.74998399999999], [102.84483699999997, 24.74901700000001], [102.83849000000001, 24.753869000000094], [102.84193800000008, 24.745634000000138], [102.84108000000015, 24.744987999999893], [102.83812000000003, 24.74511000000004], [102.83692200000002, 24.743663000000126], [102.85174599999999, 24.729732000000148], [102.855313, 24.709954000000003], [102.84658400000009, 24.69239700000012], [102.82674900000012, 24.674266000000088], [102.81987400000007, 24.64174300000004], [102.80392900000007, 24.63314800000005], [102.81158500000001, 24.623475999999947], [102.81362600000003, 24.614033000000134], [102.80315099999993, 24.604415000000145], [102.80416900000003, 24.599364000000023], [102.79646000000008, 24.596527999999942], [102.79647500000007, 24.588473000000043], [102.79999600000008, 24.584929000000088], [102.78925400000017, 24.55794100000015], [102.79298900000012, 24.54444300000003], [102.8031930000001, 24.537782000000007], [102.80709500000002, 24.52718999999999], [102.81205399999999, 24.524837999999896], [102.81427800000014, 24.51493300000005], [102.79237800000001, 24.50714200000006], [102.79096300000018, 24.505676999999906], [102.79013100000009, 24.50298500000001], [102.78920400000013, 24.499999000000038], [102.78448100000014, 24.49740400000009], [102.7739220000001, 24.500275000000137], [102.76082300000004, 24.4773119999999], [102.74804700000006, 24.483928000000013], [102.73322000000002, 24.48538300000005], [102.73157600000006, 24.48505000000003], [102.73003400000002, 24.484794999999984], [102.72906200000006, 24.48432700000007], [102.72614300000012, 24.478789000000155], [102.71167400000004, 24.473076000000148], [102.70254500000001, 24.4752030000001], [102.6963200000001, 24.465839000000166], [102.683579, 24.47591400000013], [102.67849100000001, 24.4852870000001], [102.67940200000007, 24.49048000000007], [102.68412100000008, 24.492226000000116], [102.68484200000005, 24.49282399999995], [102.685273, 24.49370899999999], [102.66870499999997, 24.506472000000045], [102.65331700000006, 24.506289000000002], [102.64574900000005, 24.49952600000016], [102.61349100000015, 24.494451000000183], [102.60069300000013, 24.502256999999993], [102.58726600000011, 24.504324000000132], [102.58574800000011, 24.50557300000009], [102.5873990000001, 24.508227999999946], [102.59645200000006, 24.51396000000001], [102.60498900000013, 24.5167119999999], [102.60878400000007, 24.517997999999984], [102.593468, 24.525695000000013], [102.59343300000003, 24.527442000000143], [102.59643599999998, 24.5297580000001], [102.598466, 24.53345799999991], [102.59819400000013, 24.537988], [102.59278199999999, 24.54122700000012], [102.5876050000001, 24.542369000000107], [102.58135700000005, 24.53928500000002], [102.5773900000001, 24.53730700000014], [102.57560400000011, 24.54076400000018], [102.57407900000005, 24.54074300000004], [102.572159, 24.539818000000068], [102.57007599999996, 24.53891499999996], [102.56580400000016, 24.543215000000117], [102.56083000000001, 24.543462000000126], [102.55818600000009, 24.542201000000063], [102.55562999999992, 24.535879000000115], [102.55259400000016, 24.53531000000011], [102.54972100000012, 24.53614100000012], [102.54727200000016, 24.53381400000014], [102.55246400000006, 24.532164000000044], [102.55210200000013, 24.53111400000003], [102.54982800000009, 24.53072999999997], [102.54741300000003, 24.52613299999993], [102.5369490000001, 24.525810000000114], [102.53697600000004, 24.52441400000007], [102.53987100000012, 24.522356000000144], [102.54108500000002, 24.518888999999987], [102.54090500000005, 24.518187000000168], [102.53711000000011, 24.517610000000033], [102.53809800000015, 24.515705000000153], [102.53927999999999, 24.513618000000136], [102.53891399999998, 24.51291600000014], [102.53237600000003, 24.51418600000006], [102.52590600000016, 24.51427000000008], [102.52265600000003, 24.513502000000045], [102.52206500000015, 24.514715000000045], [102.52335799999994, 24.51665100000009], [102.52390700000015, 24.51878599999999], [102.5145610000001, 24.52353100000002], [102.5142260000001, 24.52540000000012], [102.521039, 24.527787999999994], [102.52880500000005, 24.53159300000005], [102.52837400000001, 24.53403200000006], [102.52647100000002, 24.534179999999964], [102.52437600000005, 24.53415400000003], [102.52547100000007, 24.53661300000001], [102.52489100000003, 24.53712899999998], [102.51655300000007, 24.533663999999902], [102.51067000000003, 24.531455], [102.498707, 24.51087500000002], [102.48796899999999, 24.503362000000116], [102.48380399999999, 24.502885000000084], [102.48053800000002, 24.50253200000001], [102.47299600000002, 24.50745200000013], [102.47233600000013, 24.51163800000009], [102.46070100000006, 24.51179400000003], [102.45164600000011, 24.516726000000077], [102.43490599999998, 24.5143439999999], [102.42775000000003, 24.510044000000008], [102.427243, 24.506886000000016], [102.44034600000003, 24.49776999999991], [102.44159699999999, 24.48917999999989], [102.43786999999999, 24.485449000000003], [102.41995700000005, 24.485299000000026], [102.4083519999999, 24.479828999999967], [102.40877200000008, 24.487189000000086], [102.40693299999998, 24.490525000000062], [102.403992, 24.493405999999965], [102.40305700000009, 24.499840000000027], [102.38002100000011, 24.49025100000013], [102.37575200000003, 24.48351700000002], [102.38089100000016, 24.473716000000167], [102.37926500000009, 24.466669000000095], [102.3714610000001, 24.455621000000093], [102.37081999999998, 24.455463000000165], [102.36745900000008, 24.455254000000103], [102.36525000000009, 24.454321], [102.35453100000012, 24.444590000000076], [102.3570409999999, 24.438873999999913], [102.360822, 24.439087000000036], [102.3661390000001, 24.43945200000004], [102.371636, 24.440425000000076], [102.37238400000007, 24.434959999999897], [102.37065899999999, 24.43435300000003], [102.36717300000004, 24.435294000000084], [102.36440400000008, 24.432503000000082], [102.36266000000002, 24.425411000000018], [102.35992500000003, 24.421202000000022], [102.36362200000003, 24.409295000000085], [102.36007699999999, 24.406371000000007], [102.350869, 24.409948000000114], [102.34946500000001, 24.40876200000004], [102.34624200000015, 24.40598000000007], [102.34406000000008, 24.404787000000127], [102.335729, 24.405512000000073], [102.33390500000007, 24.401880000000034], [102.31607800000015, 24.39565100000005], [102.31578800000014, 24.39449399999998], [102.3161890000001, 24.390466000000032], [102.313092, 24.388095000000142], [102.31238600000003, 24.38831800000012], [102.31233300000008, 24.38833600000001], [102.31010500000012, 24.38907699999995], [102.30811700000012, 24.39233900000002], [102.30836100000006, 24.392560000000095], [102.30608000000015, 24.39496100000016], [102.30295600000014, 24.394902000000073], [102.29721100000015, 24.396319000000076], [102.29610500000004, 24.39753800000004], [102.293274, 24.400877], [102.29076, 24.40492600000008], [102.29033299999995, 24.41060000000006], [102.30117000000016, 24.416069000000128], [102.30130800000003, 24.41669499999997], [102.30194900000012, 24.419592000000122], [102.30198300000009, 24.419752000000038], [102.29302300000002, 24.422447999999996], [102.29596699999999, 24.431071999999986], [102.29093300000011, 24.436684000000163], [102.28608000000003, 24.43455400000014], [102.28203200000011, 24.43610800000011], [102.27744000000013, 24.44213999999996], [102.27259500000018, 24.440428999999966], [102.270768, 24.442019999999978], [102.26589600000013, 24.440706000000056], [102.26270700000006, 24.443907000000053], [102.25155700000013, 24.444520000000146], [102.25040099999998, 24.451272000000145], [102.25037100000006, 24.451448000000056], [102.25002700000002, 24.4534570000001], [102.24859699999993, 24.454809000000054], [102.24501100000013, 24.458253000000084], [102.23906400000013, 24.465074000000108], [102.22777600000016, 24.47179500000003], [102.22180200000005, 24.47941899999997], [102.21098000000009, 24.484921000000014], [102.19685, 24.512683000000045], [102.203396, 24.509033000000024], [102.208729, 24.51854100000015], [102.20959500000008, 24.520088999999892], [102.21319600000012, 24.52438499999998], [102.21464200000005, 24.521455000000024], [102.21560700000013, 24.51936400000003], [102.22019600000004, 24.51986500000001], [102.22235499999998, 24.526229000000143], [102.22226800000007, 24.529973000000126], [102.22227900000009, 24.530019000000024], [102.22230999999991, 24.529980999999992], [102.22374000000018, 24.52711100000011], [102.22653599999998, 24.525476000000012], [102.22964500000009, 24.53101000000013], [102.23363100000002, 24.537827], [102.24858900000007, 24.540396000000108], [102.25002000000015, 24.54065700000003], [102.25019499999999, 24.540687000000027], [102.25053500000013, 24.54617300000008], [102.25001200000003, 24.54975700000015], [102.24992400000002, 24.549938000000026], [102.26734200000004, 24.557440000000085], [102.26406500000016, 24.559911000000078], [102.26586199999997, 24.562050000000134], [102.26627800000011, 24.564166000000064], [102.26575100000002, 24.567105000000055], [102.27634800000001, 24.567293999999976], [102.27507000000014, 24.562220999999987], [102.27603900000003, 24.56013000000008], [102.2932020000001, 24.577307000000047], [102.29372000000014, 24.58337199999996], [102.29396800000005, 24.58630399999999], [102.294678, 24.5946160000001], [102.29133300000017, 24.599610000000126], [102.28981899999995, 24.605480000000156], [102.2862789999999, 24.641237000000004], [102.27170300000009, 24.65362400000013], [102.27021500000008, 24.658235000000083], [102.27300299999993, 24.657441000000027], [102.27528100000002, 24.658740000000122], [102.27764200000016, 24.65625600000012], [102.27898900000005, 24.657970000000006], [102.2807930000001, 24.660113000000038], [102.28356300000013, 24.660168999999968], [102.28914299999997, 24.65857499999997], [102.29087100000012, 24.66408600000014], [102.28421899999998, 24.672396999999904], [102.28153700000001, 24.689626999999994], [102.28517199999996, 24.692224000000017], [102.28737300000007, 24.697743000000138], [102.29009600000013, 24.699902000000073], [102.29092900000013, 24.703709000000032], [102.29133300000017, 24.706666], [102.28757200000001, 24.70954600000008], [102.28656500000001, 24.713319999999975], [102.29673100000005, 24.756087000000115], [102.29576199999998, 24.758175000000037], [102.291943, 24.76358500000002], [102.29131000000004, 24.77157900000011], [102.29297700000012, 24.78003900000003], [102.29110000000007, 24.781267000000028], [102.28690399999999, 24.782872000000133], [102.28490900000013, 24.789581000000126], [102.28503100000009, 24.80518500000015], [102.28732300000001, 24.80563500000008], [102.30441400000015, 24.80595200000002], [102.30293699999999, 24.80971400000007], [102.30333400000015, 24.812672000000035], [102.30746899999997, 24.81401700000012], [102.30974200000011, 24.815753999999956], [102.30920100000012, 24.81953800000005], [102.30816700000017, 24.824997000000003], [102.30583600000004, 24.825796000000032], [102.30114000000016, 24.828647000000025], [102.29791700000013, 24.83337800000014], [102.29590700000008, 24.836298000000156], [102.29399900000013, 24.839070000000007], [102.29248900000007, 24.844510999999983], [102.29337000000012, 24.846637000000115], [102.29509000000016, 24.852572000000016], [102.2922940000001, 24.8537860000001], [102.28948300000005, 24.855418999999948], [102.28759100000016, 24.857489000000065], [102.29104300000014, 24.868932000000065], [102.28698800000001, 24.8705190000001], [102.2868730000001, 24.88309600000005], [102.27393400000012, 24.882559000000114], [102.26160500000017, 24.89243600000004], [102.25421600000006, 24.912740000000014], [102.25936200000004, 24.921750000000053], [102.24909699999999, 24.921824000000136], [102.22571600000006, 24.912706000000043], [102.2286490000001, 24.943884000000182], [102.2349330000001, 24.950955000000107], [102.23918499999994, 24.958271000000053], [102.24477100000017, 24.970399000000064], [102.24625400000005, 24.98559200000001], [102.22978300000014, 24.98981499999993], [102.22767400000006, 24.992454000000052], [102.22684200000015, 24.994292999999978], [102.22767299999998, 24.99741000000013], [102.22985899999995, 24.999960999999992], [102.22767699999989, 25.003112000000115], [102.20233599999997, 24.994438000000073], [102.190846, 24.99993099999991], [102.18716099999992, 25.0114590000001], [102.17752900000009, 25.02134199999999], [102.18122200000012, 25.037282000000104], [102.17149400000008, 25.045477000000126], [102.16707700000002, 25.061592000000154], [102.18429600000009, 25.077435999999963], [102.18739300000001, 25.08772500000005], [102.19944800000002, 25.088731000000152], [102.19859800000003, 25.070196000000088], [102.19911300000001, 25.068548000000156], [102.20037200000009, 25.06654700000015], [102.20193900000007, 25.06475400000012], [102.20362900000009, 25.0629160000001], [102.20608200000002, 25.061900999999963], [102.20817600000001, 25.06157800000006], [102.22051699999996, 25.06715600000009], [102.23037799999997, 25.067249999999966], [102.2371830000001, 25.059344000000138], [102.23193500000002, 25.053122000000116], [102.23133200000004, 25.04860400000004], [102.23162200000006, 25.04353100000005], [102.23259100000004, 25.039681], [102.23802599999996, 25.038345000000128], [102.2434090000001, 25.038441999999982], [102.27986900000002, 25.051755999999983], [102.30034300000011, 25.07064900000009], [102.30849900000011, 25.068915000000146], [102.31020400000014, 25.067587000000046], [102.31233600000016, 25.064922000000166], [102.31401100000001, 25.062470000000147], [102.33389700000012, 25.065142000000073], [102.33732300000008, 25.06394700000014], [102.33907799999999, 25.06225500000012], [102.34415500000013, 25.070490000000078], [102.34645899999998, 25.070836000000106], [102.34879400000008, 25.071551000000028], [102.34988400000003, 25.092642000000097], [102.37242199999994, 25.124736999999996], [102.36814900000014, 25.13835400000002], [102.35834200000015, 25.152840000000175], [102.36736400000004, 25.159646000000023], [102.37763300000006, 25.189943000000014], [102.37491300000008, 25.195415000000153], [102.38738300000014, 25.213212000000084], [102.39852900000008, 25.210091000000133], [102.40632700000012, 25.211790000000022], [102.40685300000011, 25.21290900000006], [102.40691400000019, 25.21539800000012], [102.40702900000011, 25.217762999999962], [102.39908600000015, 25.220184000000167], [102.40986300000012, 25.227066], [102.41402899999994, 25.245034000000132], [102.41204500000018, 25.25313400000011], [102.40445300000013, 25.261876000000093], [102.405323, 25.272828999999966], [102.40659800000014, 25.28147900000006], [102.4012000000001, 25.27806600000011], [102.39506600000007, 25.275974000000033], [102.38453700000002, 25.273142000000014], [102.37834900000016, 25.272362999999956], [102.37500400000013, 25.274103000000125], [102.37465700000003, 25.27428400000018], [102.37125000000003, 25.297784999999998], [102.36902299999998, 25.299400000000126], [102.36569200000007, 25.301325000000062], [102.36455599999996, 25.303626000000023], [102.36106500000002, 25.325099000000172], [102.36707799999999, 25.339156000000095], [102.36377400000018, 25.339754000000013], [102.357857, 25.34176199999998], [102.34752400000016, 25.352320000000027], [102.3594020000001, 25.36080700000005], [102.35756700000016, 25.375740000000157], [102.37087700000009, 25.39864000000007], [102.37820500000014, 25.40518600000008], [102.38198100000002, 25.404150999999978], [102.3796430000001, 25.396518], [102.38553300000001, 25.393606000000112], [102.38933999999998, 25.390645000000077], [102.39516800000015, 25.37111399999994], [102.42076900000009, 25.377010999999897], [102.43371200000004, 25.384253000000022], [102.4350890000001, 25.394383000000097], [102.42988600000001, 25.40340900000013], [102.43138900000002, 25.40518700000016], [102.43253300000018, 25.405904000000156], [102.43406300000012, 25.406278000000015], [102.43523800000017, 25.40559800000006], [102.43527200000014, 25.40384600000005], [102.43647100000005, 25.40248200000017], [102.43759200000008, 25.40425200000007], [102.4379400000001, 25.40600900000014], [102.43868000000003, 25.407426000000143], [102.44021300000006, 25.40779700000011], [102.44291000000001, 25.407840000000114], [102.44481800000004, 25.40857000000012], [102.44667899999993, 25.41175400000013], [102.44897500000009, 25.413567000000036], [102.45208400000011, 25.412211000000106], [102.45362900000005, 25.411885999999953], [102.455406, 25.41891899999993], [102.46003300000004, 25.418635999999964], [102.46477600000007, 25.437416000000134], [102.4720500000001, 25.441645000000015], [102.46545100000014, 25.455898999999896], [102.46735100000015, 25.456978000000085], [102.47313000000011, 25.456713000000008], [102.47818100000005, 25.455762000000014], [102.47732300000011, 25.460314999999966], [102.47643700000017, 25.46555300000002], [102.47789100000003, 25.469780000000085], [102.48077100000012, 25.47929000000002], [102.47866500000012, 25.488025000000135], [102.47591099999991, 25.49405700000007], [102.45869500000018, 25.50476700000017], [102.46218100000013, 25.52914600000007], [102.45173700000001, 25.53246300000007], [102.44477900000001, 25.540274000000032], [102.45330800000013, 25.571458000000135], [102.45260600000015, 25.582765999999978], [102.44716399999999, 25.584504000000074], [102.42755199999999, 25.576402000000108], [102.41994500000013, 25.591616000000016], [102.4082570000001, 25.591806000000105], [102.39988700000018, 25.59863000000002], [102.39486800000003, 25.61194899999999], [102.38101600000002, 25.61330199999994], [102.3760770000001, 25.633866999999924], [102.36417099999998, 25.638394000000034], [102.36730700000011, 25.649509000000158], [102.37867399999996, 25.66416200000001], [102.37735400000007, 25.67954100000007], [102.3842480000001, 25.703271000000093], [102.36201900000009, 25.705400000000033], [102.36006900000004, 25.714364999999994], [102.34974700000006, 25.729778000000024], [102.34948800000014, 25.742366000000082], [102.35805900000018, 25.751011000000034], [102.36613599999995, 25.78434000000007], [102.37947500000006, 25.787901000000012], [102.37621700000014, 25.792127999999906], [102.37500400000013, 25.794001999999885], [102.37348600000013, 25.79636000000003], [102.37382600000001, 25.804943], [102.37341400000003, 25.804895000000116], [102.37017900000006, 25.804414000000108], [102.37818200000001, 25.822660999999968], [102.37588200000013, 25.83118800000002], [102.36461300000013, 25.841473000000036], [102.35876900000014, 25.844230999999887], [102.35394300000016, 25.847478000000045], [102.347142, 25.8468990000001], [102.33866200000003, 25.848633000000042], [102.33229500000009, 25.85137600000016], [102.32743900000011, 25.856044000000033], [102.32683600000013, 25.859369000000164], [102.32828199999997, 25.865587000000033], [102.32086600000018, 25.891197], [102.32495600000001, 25.896010000000146], [102.32904800000001, 25.901333000000037], [102.33221500000005, 25.901399999999988], [102.33643000000009, 25.900988000000005], [102.33745600000007, 25.902436999999992], [102.33213100000002, 25.905213999999987], [102.32997499999998, 25.90707500000005], [102.32780899999992, 25.909889000000085], [102.331829, 25.918539000000095], [102.33022300000007, 25.919460000000093], [102.32759900000002, 25.918931000000022], [102.32601599999997, 25.918898000000134], [102.32599300000001, 25.91978299999991], [102.32597000000007, 25.92080000000012], [102.32642, 25.92462699999996], [102.34153000000018, 25.929545000000175], [102.34158300000013, 25.9311650000001], [102.34139300000004, 25.933467000000142], [102.34163699999998, 25.936013000000123], [102.32640500000018, 25.952878000000034], [102.32035100000002, 25.968646000000128], [102.33405700000003, 25.991210000000045], [102.33096300000001, 26.007512000000176], [102.34204899999996, 26.027008000000173], [102.3429760000001, 26.048879000000035], [102.34799199999999, 26.05570300000013], [102.34474999999998, 26.060991000000143], [102.35123100000011, 26.063288000000128], [102.35863100000009, 26.075381000000085], [102.35114300000012, 26.07659699999998], [102.33509500000012, 26.086615000000023], [102.3230400000001, 26.087212000000036], [102.31316400000009, 26.091777000000008], [102.30924299999995, 26.10118199999996], [102.29773800000005, 26.111304999999987], [102.25842299999998, 26.130761000000135], [102.26192100000003, 26.135325999999928], [102.26195200000004, 26.146199000000102], [102.24732300000011, 26.16014800000015], [102.24707100000005, 26.1691730000001], [102.23497100000004, 26.18717300000013], [102.24212300000002, 26.196852000000014], [102.24432400000013, 26.217188000000057], [102.25686700000003, 26.224804000000134], [102.28209000000012, 26.22429800000001], [102.31079100000004, 26.231332000000073], [102.31462899999998, 26.23530300000001], [102.3478860000001, 26.24825900000014], [102.39108000000013, 26.300845000000116], [102.44926900000007, 26.310356000000134], [102.47016599999992, 26.316489000000075], [102.49131499999999, 26.32829800000016], [102.50315600000005, 26.328155000000052], [102.52783200000002, 26.335426000000005], [102.53960400000005, 26.34167900000002], [102.54430800000006, 26.3622570000001], [102.54559400000007, 26.36330999999992], [102.54786400000012, 26.364982999999967], [102.54976700000002, 26.36615299999996], [102.56211200000004, 26.3672550000001], [102.56605200000007, 26.367051999999916], [102.568024, 26.366596999999928], [102.59164100000008, 26.35245700000015], [102.61926300000007, 26.346033000000112], [102.62839600000008, 26.33915499999999], [102.63482699999999, 26.321625000000125], [102.636433, 26.308727999999995], [102.60927200000013, 26.286021000000147], [102.60014000000004, 26.252748000000125], [102.60791100000014, 26.249427000000146], [102.61956499999994, 26.249564000000113], [102.62955900000003, 26.239391000000033], [102.65622000000009, 26.22770000000012], [102.66380400000018, 26.211755000000124], [102.67996600000001, 26.210159000000054], [102.69606800000003, 26.218861000000103], [102.70420499999997, 26.214001000000152], [102.70845500000016, 26.21469000000014], [102.71138500000004, 26.21572600000006], [102.71715600000013, 26.220135999999997], [102.721253, 26.229093000000006], [102.72205400000001, 26.249431000000037], [102.73930000000001, 26.268946000000092], [102.73944600000002, 26.274449000000132], [102.76037599999992, 26.279206999999992], [102.77249499999998, 26.29555900000009], [102.78319600000005, 26.302599000000114], [102.8086590000001, 26.30917000000006], [102.83204700000007, 26.310270000000124], [102.83592999999993, 26.316192000000015], [102.84971299999992, 26.32438500000005], [102.85292499999994, 26.332353000000033], [102.86681400000008, 26.34379600000012], [102.878342, 26.369484999999962], [102.88875600000013, 26.36106500000006], [102.8847280000001, 26.352107000000146], [102.89215499999999, 26.34175400000001], [102.91438300000007, 26.34586300000008], [102.92596900000001, 26.338503000000046], [102.94181500000016, 26.344258000000153], [102.97488800000016, 26.34447600000007], [102.98273900000014, 26.348077000000124], [102.98869000000012, 26.35565699999998], [102.99027000000011, 26.36665900000017], [102.99688800000004, 26.377648000000086], [102.98667200000013, 26.411727000000006], [102.98975100000015, 26.43552800000004], [102.99721999999997, 26.452455000000107], [102.98767900000013, 26.48564000000013], [103.00095400000001, 26.488400000000055], [103.02021100000013, 26.48604500000007], [103.03169700000014, 26.489667000000082], [103.0412760000001, 26.503619000000022], [103.04255300000005, 26.514181000000136], [103.05067500000008, 26.516948999999926], [103.05520300000009, 26.52572099999999], [103.05420400000004, 26.546105999999916], [103.06290100000004, 26.537687999999918]]]}}, {"type": "Feature", "properties": {"name": "楚雄彝族自治州", "kind": "0137", "admin_code": "532326", "code_1": 5323}, "geometry": {"type": "Polygon", "coordinates": [[[101.83876500000012, 26.085197000000115], [101.83839100000009, 26.066134999999882], [101.83162400000009, 26.056391000000033], [101.834431, 26.049137999999886], [101.8478440000001, 26.056199999999954], [101.86212599999999, 26.05561200000006], [101.8635449999999, 26.058265000000013], [101.86506700000015, 26.062345000000086], [101.86670400000006, 26.065731999999933], [101.87575200000013, 26.072444000000083], [101.88700100000007, 26.09402500000011], [101.8976220000001, 26.106331999999924], [101.90811600000009, 26.107157000000058], [101.91687900000002, 26.112250000000103], [101.93711519320311, 26.104358793741], [101.95826800000012, 26.08828000000012], [101.96088100000013, 26.088383999999934], [101.96444400000006, 26.08889200000013], [101.97107800000006, 26.095304000000063], [101.98148400000005, 26.090031000000046], [101.98566900000012, 26.089642000000012], [101.98828956986807, 26.089814137692294], [101.98913999999999, 26.089870000000047], [102.02504400000001, 26.099542000000064], [102.02773700000006, 26.095083999999893], [102.04183300000003, 26.093329999999895], [102.03932599999999, 26.084581000000043], [102.053059, 26.081764999999926], [102.05590800000002, 26.076508000000075], [102.06150100000004, 26.076060999999953], [102.07006900000002, 26.06745300000013], [102.08388900000004, 26.06958500000014], [102.09433400000006, 26.065996000000013], [102.10633100000007, 26.071211000000027], [102.11410599999991, 26.089072000000016], [102.12953700000008, 26.090268000000115], [102.13496900000011, 26.111755000000002], [102.13616200000006, 26.113006000000127], [102.1376310000001, 26.113888000000095], [102.14058000000003, 26.114323000000027], [102.15013500000013, 26.112872000000053], [102.17287900000011, 26.15142300000015], [102.18611200000007, 26.161360000000066], [102.20373200000009, 26.16557800000001], [102.23503900000017, 26.189416000000087], [102.24707100000005, 26.1691730000001], [102.24732300000011, 26.16014800000015], [102.26195200000004, 26.146199000000102], [102.26192100000003, 26.135325999999928], [102.25842299999998, 26.130761000000135], [102.29773800000005, 26.111304999999987], [102.30924299999995, 26.10118199999996], [102.31316400000009, 26.091777000000008], [102.3230400000001, 26.087212000000036], [102.33509500000012, 26.086615000000023], [102.35114300000012, 26.07659699999998], [102.3579830000001, 26.076164000000034], [102.35210500000014, 26.06426200000007], [102.34474999999998, 26.060991000000143], [102.34799199999999, 26.05570300000013], [102.3429760000001, 26.048879000000035], [102.34204899999996, 26.027008000000173], [102.33096300000001, 26.007512000000176], [102.33405700000003, 25.991210000000045], [102.32035100000002, 25.968646000000128], [102.32640500000018, 25.952878000000034], [102.34163699999998, 25.936013000000123], [102.34139300000004, 25.933467000000142], [102.34158300000013, 25.9311650000001], [102.34153000000018, 25.929545000000175], [102.32642, 25.92462699999996], [102.32597000000007, 25.92080000000012], [102.32599300000001, 25.91978299999991], [102.32601599999997, 25.918898000000134], [102.32759900000002, 25.918931000000022], [102.33022300000007, 25.919460000000093], [102.331829, 25.918539000000095], [102.32780899999992, 25.909889000000085], [102.32997499999998, 25.90707500000005], [102.33213100000002, 25.905213999999987], [102.33745600000007, 25.902436999999992], [102.33643000000009, 25.900988000000005], [102.33221500000005, 25.901399999999988], [102.32904800000001, 25.901333000000037], [102.32495600000001, 25.896010000000146], [102.32086600000018, 25.891197], [102.32828199999997, 25.865587000000033], [102.32683600000013, 25.859369000000164], [102.32743900000011, 25.856044000000033], [102.33229500000009, 25.85137600000016], [102.33866200000003, 25.848633000000042], [102.347142, 25.8468990000001], [102.35394300000016, 25.847478000000045], [102.35876900000014, 25.844230999999887], [102.36461300000013, 25.841473000000036], [102.37588200000013, 25.83118800000002], [102.37818200000001, 25.822660999999968], [102.37017900000006, 25.804414000000108], [102.37341400000003, 25.804895000000116], [102.37382600000001, 25.804943], [102.37348600000013, 25.79636000000003], [102.37500400000013, 25.794001999999885], [102.37621700000014, 25.792127999999906], [102.37947500000006, 25.787901000000012], [102.36613599999995, 25.78434000000007], [102.35805900000018, 25.751011000000034], [102.34948800000014, 25.742366000000082], [102.34974700000006, 25.729778000000024], [102.36006900000004, 25.714364999999994], [102.36201900000009, 25.705400000000033], [102.3842480000001, 25.703271000000093], [102.37735400000007, 25.67954100000007], [102.37867399999996, 25.66416200000001], [102.36730700000011, 25.649509000000158], [102.36417099999998, 25.638394000000034], [102.3760770000001, 25.633866999999924], [102.38101600000002, 25.61330199999994], [102.39486800000003, 25.61194899999999], [102.39988700000018, 25.59863000000002], [102.4082570000001, 25.591806000000105], [102.41994500000013, 25.591616000000016], [102.42755199999999, 25.576402000000108], [102.44716399999999, 25.584504000000074], [102.45260600000015, 25.582765999999978], [102.45330800000013, 25.571458000000135], [102.44477900000001, 25.540274000000032], [102.45173700000001, 25.53246300000007], [102.46218100000013, 25.52914600000007], [102.45869500000018, 25.50476700000017], [102.47591099999991, 25.49405700000007], [102.47866500000012, 25.488025000000135], [102.48077100000012, 25.47929000000002], [102.47789100000003, 25.469780000000085], [102.47643700000017, 25.46555300000002], [102.47732300000011, 25.460314999999966], [102.47818100000005, 25.455762000000014], [102.47313000000011, 25.456713000000008], [102.46735100000015, 25.456978000000085], [102.46545100000014, 25.455898999999896], [102.4720500000001, 25.441645000000015], [102.46477600000007, 25.437416000000134], [102.46003300000004, 25.418635999999964], [102.455406, 25.41891899999993], [102.45362900000005, 25.411885999999953], [102.45208400000011, 25.412211000000106], [102.44897500000009, 25.413567000000036], [102.44667899999993, 25.41175400000013], [102.44481800000004, 25.40857000000012], [102.44291000000001, 25.407840000000114], [102.44021300000006, 25.40779700000011], [102.43868000000003, 25.407426000000143], [102.4379400000001, 25.40600900000014], [102.43759200000008, 25.40425200000007], [102.43647100000005, 25.40248200000017], [102.43527200000014, 25.40384600000005], [102.43523800000017, 25.40559800000006], [102.43406300000012, 25.406278000000015], [102.43253300000018, 25.405904000000156], [102.43138900000002, 25.40518700000016], [102.42988600000001, 25.40340900000013], [102.4350890000001, 25.394383000000097], [102.43371200000004, 25.384253000000022], [102.42076900000009, 25.377010999999897], [102.39516800000015, 25.37111399999994], [102.38933999999998, 25.390645000000077], [102.38553300000001, 25.393606000000112], [102.3796430000001, 25.396518], [102.38198100000002, 25.404150999999978], [102.37820500000014, 25.40518600000008], [102.37087700000009, 25.39864000000007], [102.35756700000016, 25.375740000000157], [102.3594020000001, 25.36080700000005], [102.34752400000016, 25.352320000000027], [102.357857, 25.34176199999998], [102.36377400000018, 25.339754000000013], [102.36707799999999, 25.339156000000095], [102.36106500000002, 25.325099000000172], [102.36455599999996, 25.303626000000023], [102.36569200000007, 25.301325000000062], [102.36902299999998, 25.299400000000126], [102.37125000000003, 25.297784999999998], [102.37465700000003, 25.27428400000018], [102.37500400000013, 25.274103000000125], [102.37834900000016, 25.272362999999956], [102.38453700000002, 25.273142000000014], [102.39506600000007, 25.275974000000033], [102.4012000000001, 25.27806600000011], [102.40659800000014, 25.28147900000006], [102.405323, 25.272828999999966], [102.40445300000013, 25.261876000000093], [102.41204500000018, 25.25313400000011], [102.41402899999994, 25.245034000000132], [102.40986300000012, 25.227066], [102.39908600000015, 25.220184000000167], [102.40702900000011, 25.217762999999962], [102.40691400000019, 25.21539800000012], [102.40685300000011, 25.21290900000006], [102.40632700000012, 25.211790000000022], [102.39852900000008, 25.210091000000133], [102.38738300000014, 25.213212000000084], [102.37491300000008, 25.195415000000153], [102.37763300000006, 25.189943000000014], [102.36736400000004, 25.159646000000023], [102.35834200000015, 25.152840000000175], [102.36814900000014, 25.13835400000002], [102.37242199999994, 25.124736999999996], [102.34988400000003, 25.092642000000097], [102.34879400000008, 25.071551000000028], [102.34645899999998, 25.070836000000106], [102.34415500000013, 25.070490000000078], [102.33907799999999, 25.06225500000012], [102.33732300000008, 25.06394700000014], [102.33389700000012, 25.065142000000073], [102.31401100000001, 25.062470000000147], [102.31233600000016, 25.064922000000166], [102.31020400000014, 25.067587000000046], [102.30849900000011, 25.068915000000146], [102.30034300000011, 25.07064900000009], [102.27986900000002, 25.051755999999983], [102.2434090000001, 25.038441999999982], [102.23802599999996, 25.038345000000128], [102.23259100000004, 25.039681], [102.23162200000006, 25.04353100000005], [102.23133200000004, 25.04860400000004], [102.23193500000002, 25.053122000000116], [102.2371830000001, 25.059344000000138], [102.23037799999997, 25.067249999999966], [102.22051699999996, 25.06715600000009], [102.20817600000001, 25.06157800000006], [102.20608200000002, 25.061900999999963], [102.20362900000009, 25.0629160000001], [102.20193900000007, 25.06475400000012], [102.20037200000009, 25.06654700000015], [102.19911300000001, 25.068548000000156], [102.19859800000003, 25.070196000000088], [102.19944800000002, 25.088731000000152], [102.18739300000001, 25.08772500000005], [102.18429600000009, 25.077435999999963], [102.16707700000002, 25.061592000000154], [102.17149400000008, 25.045477000000126], [102.18122200000012, 25.037282000000104], [102.17752900000009, 25.02134199999999], [102.18716099999992, 25.0114590000001], [102.190846, 24.99993099999991], [102.20233599999997, 24.994438000000073], [102.22767699999989, 25.003112000000115], [102.22985899999995, 24.999960999999992], [102.22767299999998, 24.99741000000013], [102.22684200000015, 24.994292999999978], [102.22767400000006, 24.992454000000052], [102.22978300000014, 24.98981499999993], [102.24625400000005, 24.98559200000001], [102.24477100000017, 24.970399000000064], [102.23918499999994, 24.958271000000053], [102.2349330000001, 24.950955000000107], [102.2286490000001, 24.943884000000182], [102.22865800000014, 24.939391000000043], [102.22868800000012, 24.928648000000052], [102.22348400000013, 24.908324000000114], [102.21588199999997, 24.906322000000024], [102.19181100000016, 24.910423999999963], [102.17265800000004, 24.92505399999996], [102.16917100000009, 24.924990999999984], [102.16513900000007, 24.926748000000053], [102.16057999999998, 24.92938900000008], [102.15953500000003, 24.935703000000075], [102.14116700000002, 24.942734000000065], [102.13003600000016, 24.95345000000013], [102.12299400000015, 24.955147000000032], [102.12307800000016, 24.951957000000057], [102.12069800000006, 24.946895999999995], [102.11977800000015, 24.945490000000014], [102.12065500000006, 24.928739000000036], [102.10923899999999, 24.911171000000046], [102.09921700000015, 24.908678000000094], [102.09272800000005, 24.90001900000005], [102.08836800000009, 24.899934999999942], [102.08620100000002, 24.899393000000124], [102.08461799999996, 24.897381000000095], [102.08416800000003, 24.893399000000137], [102.08585000000011, 24.891443999999943], [102.089157, 24.889512000000046], [102.09030600000003, 24.887047000000017], [102.0832070000001, 24.887903000000144], [102.07873999999998, 24.892293000000024], [102.07602800000012, 24.8917390000001], [102.07388000000003, 24.890196999999972], [102.07688600000006, 24.867599000000084], [102.05863600000012, 24.870713000000165], [102.03849000000017, 24.867610000000106], [102.03491600000004, 24.870375000000088], [102.00049199999992, 24.87497000000014], [101.99552200000001, 24.871241000000154], [101.99374399999998, 24.866268999999996], [101.99374399999998, 24.86155800000003], [102.00705400000001, 24.833385000000007], [102.00674900000007, 24.822449000000034], [101.99569000000005, 24.819981000000112], [101.99267600000007, 24.815518000000147], [101.987763, 24.81776300000009], [101.98472300000017, 24.815271999999958], [101.97856600000003, 24.790693999999938], [101.97368300000014, 24.788260000000072], [101.97053900000006, 24.781043000000146], [101.95596400000008, 24.780340000000066], [101.94374500000018, 24.771450000000094], [101.94084300000006, 24.760239999999925], [101.93738200000004, 24.757534999999933], [101.93676499999997, 24.752334000000097], [101.93988100000004, 24.74969399999989], [101.93245000000016, 24.747057000000105], [101.934449, 24.726366], [101.93157699999998, 24.7092800000001], [101.93953000000013, 24.710245000000008], [101.93571500000013, 24.705222999999975], [101.94034599999996, 24.701725000000096], [101.94316500000015, 24.691692000000053], [101.94033500000012, 24.6826090000001], [101.94999700000002, 24.683794999999996], [101.94277600000012, 24.676957000000165], [101.94233800000003, 24.675187000000086], [101.9420630000001, 24.673009999999998], [101.94135700000012, 24.671321000000134], [101.93811100000013, 24.676312999999908], [101.93638299999998, 24.676301000000066], [101.93474200000009, 24.675462000000103], [101.93453300000003, 24.670290000000094], [101.93461300000007, 24.669835000000106], [101.93496399999998, 24.667861000000023], [101.93039400000005, 24.663739000000028], [101.927933, 24.656317000000016], [101.92735000000008, 24.65592600000017], [101.92554500000011, 24.654595999999998], [101.92509899999999, 24.654391999999994], [101.92467200000002, 24.654669000000084], [101.92339700000002, 24.655764000000005], [101.917923, 24.658004999999974], [101.91298700000006, 24.655029000000027], [101.90932599999994, 24.649802000000086], [101.90219999999998, 24.639879000000086], [101.90062100000007, 24.6383319999999], [101.90107800000004, 24.63727400000002], [101.90514100000013, 24.637155000000035], [101.90585799999995, 24.63564700000005], [101.90414800000005, 24.630233999999994], [101.9057359999999, 24.626567000000165], [101.90888300000013, 24.625016000000088], [101.91827800000014, 24.623946000000018], [101.92002100000012, 24.624761999999947], [101.92116200000002, 24.626354000000127], [101.92034900000007, 24.639062000000166], [101.93531500000007, 24.63525400000004], [101.93671100000012, 24.633598999999975], [101.93612300000014, 24.630472999999967], [101.93177100000011, 24.62195700000003], [101.94227699999996, 24.619122000000026], [101.94950499999999, 24.594549000000065], [101.93729100000014, 24.58661099999999], [101.932214, 24.578902000000035], [101.91724500000012, 24.588966000000156], [101.91581799999992, 24.588872000000016], [101.91571100000002, 24.588864000000065], [101.91324300000011, 24.58870200000016], [101.90141300000005, 24.58285200000001], [101.8965299999999, 24.577430000000014], [101.89425700000002, 24.574604000000043], [101.89434500000002, 24.573198000000062], [101.89603800000012, 24.572153000000107], [101.89811700000001, 24.571491000000044], [101.90001800000002, 24.57061800000011], [101.89720600000012, 24.56441800000013], [101.90449600000005, 24.56445900000015], [101.91086600000007, 24.552926999999983], [101.91224700000012, 24.54879900000011], [101.91219000000001, 24.54604000000009], [101.91163300000011, 24.54318400000004], [101.90379000000009, 24.534104000000156], [101.90578900000011, 24.530071000000063], [101.90876, 24.525634999999937], [101.91250300000016, 24.525054999999995], [101.91557400000005, 24.52488500000014], [101.9174960000001, 24.522825000000047], [101.921574, 24.50238900000008], [101.93129400000001, 24.494613000000086], [101.94220400000003, 24.49625400000015], [101.94394700000001, 24.494535000000027], [101.94566399999997, 24.491413999999992], [101.94888300000004, 24.487464000000017], [101.9492530000001, 24.474299000000002], [101.94558400000003, 24.46678200000003], [101.98996399999996, 24.465294000000014], [101.99562900000015, 24.474863000000035], [102.00845400000011, 24.476498999999954], [102.01234899999997, 24.473681000000028], [102.00064500000005, 24.45859399999997], [102.00100400000008, 24.451806000000097], [102.00187000000015, 24.449772000000024], [102.00314800000002, 24.44698899999989], [102.01476400000013, 24.43198200000014], [102.004189, 24.417395000000063], [102.00272500000003, 24.406837000000017], [102.01578200000016, 24.406227999999984], [102.01813600000006, 24.405526000000165], [102.02021100000016, 24.403916000000002], [102.02278900000012, 24.400861000000006], [102.02441100000003, 24.398425000000067], [102.02535700000014, 24.39685100000004], [102.02594100000015, 24.395509000000025], [102.02901500000011, 24.368961000000077], [102.01908600000016, 24.363072999999893], [102.01455300000008, 24.354436000000156], [102.00361300000013, 24.35135900000003], [102.01203600000001, 24.341332000000037], [102.00567700000002, 24.336464000000134], [102.00268300000002, 24.304116000000086], [101.99839800000004, 24.296676000000005], [101.97926000000007, 24.287240000000153], [101.96751800000003, 24.274912999999934], [101.94692700000002, 24.274857000000004], [101.93866800000004, 24.269035000000038], [101.9348000000001, 24.26540700000006], [101.93044700000017, 24.25702000000014], [101.92061300000007, 24.26542000000007], [101.90525800000005, 24.266073999999918], [101.90385100000016, 24.261111000000056], [101.90698999999992, 24.254085999999944], [101.89287700000006, 24.253354000000037], [101.89778500000008, 24.24478600000006], [101.89689699999997, 24.243405000000017], [101.89417700000016, 24.242026000000138], [101.88070400000007, 24.252571999999994], [101.87221199999998, 24.246612000000155], [101.86066500000007, 24.250764999999966], [101.84409, 24.242995000000022], [101.83457999999999, 24.24516600000006], [101.83253100000017, 24.238708000000052], [101.82839599999991, 24.23730400000006], [101.8265230000001, 24.240356000000162], [101.83174200000008, 24.25134500000008], [101.8269310000001, 24.252627000000103], [101.81680699999998, 24.244612000000053], [101.8193630000001, 24.247260000000125], [101.81551400000012, 24.246216000000075], [101.81051700000003, 24.250355000000056], [101.81433600000017, 24.257600999999987], [101.81198600000008, 24.263203000000132], [101.79937400000016, 24.264927000000135], [101.8109860000001, 24.275456000000005], [101.80856800000007, 24.284811999999903], [101.82331500000005, 24.29297100000005], [101.82603499999996, 24.308664000000157], [101.8246429999999, 24.308208], [101.818589, 24.305621000000002], [101.81157400000009, 24.305552999999883], [101.7979930000001, 24.30966400000012], [101.79625800000008, 24.299685999999923], [101.78937200000001, 24.29661399999994], [101.78917400000014, 24.286146000000052], [101.77135900000016, 24.28906600000007], [101.77000500000003, 24.302420999999995], [101.75716100000011, 24.31591400000015], [101.746876, 24.32276099999993], [101.74105500000012, 24.320231000000113], [101.72766600000004, 24.332979000000087], [101.71737400000006, 24.33401900000016], [101.70172900000003, 24.344060999999975], [101.69525900000008, 24.344524], [101.69332099999988, 24.349115999999896], [101.69718999999998, 24.352795999999998], [101.69578200000001, 24.355204999999927], [101.68779400000007, 24.35857499999996], [101.68745500000009, 24.365257000000028], [101.67918800000015, 24.36759000000015], [101.6693460000001, 24.379967000000157], [101.66668700000018, 24.379636000000126], [101.6521150000001, 24.373354000000027], [101.63692900000002, 24.354219999999962], [101.63046300000006, 24.342445000000026], [101.62774699999997, 24.326549999999905], [101.5983200000001, 24.291631000000024], [101.58212700000001, 24.266166000000155], [101.583066, 24.25355300000016], [101.5780490000001, 24.247502000000075], [101.56317599999991, 24.245419000000034], [101.55157100000008, 24.237199000000075], [101.54554500000012, 24.239514000000128], [101.5343250000001, 24.230210000000007], [101.50687000000006, 24.222667000000023], [101.49522100000007, 24.232144000000154], [101.48841600000013, 24.228618999999995], [101.48687100000001, 24.23676600000013], [101.4786730000001, 24.24612499999992], [101.483776, 24.254428000000082], [101.47678100000005, 24.265362999999887], [101.48226300000013, 24.275100000000037], [101.47685000000007, 24.285307999999993], [101.46797600000001, 24.290385000000136], [101.46943000000005, 24.306227000000135], [101.46292199999999, 24.312196000000007], [101.45874100000009, 24.329141999999962], [101.45273700000016, 24.339338000000076], [101.44447400000001, 24.381300000000138], [101.44664399999998, 24.390231000000128], [101.43815300000016, 24.39826699999996], [101.42455000000014, 24.404847000000117], [101.40918400000001, 24.405827000000023], [101.399892, 24.420529000000023], [101.39445600000008, 24.423591000000066], [101.39618000000007, 24.43140100000003], [101.38424700000003, 24.420414000000015], [101.37648400000005, 24.405217], [101.38596399999999, 24.378834000000026], [101.37910500000001, 24.362015000000014], [101.36334600000013, 24.359418000000076], [101.35615200000015, 24.34738399999994], [101.33866600000002, 24.344270000000122], [101.32950200000012, 24.331771999999965], [101.3030970000001, 24.325447000000032], [101.2915080000001, 24.327939000000164], [101.28722800000017, 24.321708000000022], [101.29053500000006, 24.312987000000085], [101.27594799999999, 24.31150700000002], [101.28025100000004, 24.30352400000013], [101.27532300000014, 24.29599399999998], [101.26960800000015, 24.300477999999906], [101.25246400000006, 24.304637000000028], [101.24263400000012, 24.300418], [101.23986500000017, 24.311186000000106], [101.23173500000001, 24.318760000000083], [101.22589499999998, 24.31823100000001], [101.21283800000002, 24.329227999999972], [101.20364500000002, 24.329748000000095], [101.19340500000008, 24.34216300000005], [101.17279100000013, 24.346221000000078], [101.16592800000001, 24.35122299999997], [101.16471100000004, 24.36792900000013], [101.15526300000008, 24.37914800000007], [101.15163100000012, 24.388672000000014], [101.14496200000006, 24.388861999999925], [101.12458800000007, 24.404396000000105], [101.126397, 24.410786000000172], [101.122204, 24.419775000000165], [101.08273700000014, 24.451133000000013], [101.08298100000007, 24.45920700000015], [101.07781200000014, 24.465943000000067], [101.07548900000013, 24.479583000000126], [101.05374199999997, 24.489081000000134], [101.04927500000011, 24.498920000000027], [101.03899800000013, 24.50570400000001], [101.04311400000016, 24.510476000000047], [101.04481500000003, 24.522336000000088], [101.03175000000013, 24.537332000000077], [101.03828100000013, 24.54400200000004], [101.04007800000014, 24.55880000000017], [101.02155800000007, 24.564302000000126], [101.02335800000014, 24.570972000000005], [101.02018800000005, 24.579761000000055], [100.99872600000009, 24.599300000000056], [101.00025300000014, 24.60851100000012], [100.98297900000014, 24.62484099999991], [100.97923300000016, 24.63665200000007], [100.9669840000001, 24.651637000000036], [100.96657200000011, 24.657395000000037], [100.94956699999999, 24.675203000000167], [100.94423399999998, 24.67722099999998], [100.94738500000003, 24.693614000000096], [100.94376000000003, 24.69861000000011], [100.94447300000004, 24.709160000000118], [100.952752, 24.71598100000014], [100.94542000000006, 24.729022000000022], [100.94086900000009, 24.732595000000067], [100.93101100000014, 24.7268359999999], [100.91967900000009, 24.729130000000076], [100.91443700000015, 24.72705700000015], [100.90633499999993, 24.73608900000015], [100.9120490000001, 24.743243000000014], [100.90379800000005, 24.750894000000145], [100.900723, 24.75063000000015], [100.8994989999999, 24.75000200000006], [100.89812499999991, 24.749290000000123], [100.87053800000004, 24.72627999999999], [100.8617219999999, 24.731273000000108], [100.85064, 24.730701000000032], [100.84165700000015, 24.73434800000016], [100.82449300000002, 24.7299590000001], [100.81547600000002, 24.736502000000037], [100.80708700000011, 24.732938000000026], [100.80255500000013, 24.72542400000004], [100.79727600000014, 24.726670999999925], [100.78794100000012, 24.73777300000004], [100.77690200000015, 24.74024900000009], [100.7681769999999, 24.74957500000008], [100.76676199999996, 24.768863000000096], [100.75290400000016, 24.78441200000001], [100.74583100000007, 24.78786400000017], [100.74174900000018, 24.79928600000003], [100.74817700000003, 24.816782000000018], [100.76162000000012, 24.819479999999963], [100.75895800000013, 24.82546000000012], [100.75641700000003, 24.828900999999995], [100.75779800000008, 24.832862999999982], [100.7578970000001, 24.833330999999895], [100.75806099999991, 24.834131999999997], [100.74770800000012, 24.833985999999996], [100.74203100000007, 24.840093000000095], [100.73604600000012, 24.872259000000007], [100.737469, 24.877246999999983], [100.73926600000009, 24.883170000000042], [100.74125700000016, 24.886174000000082], [100.7436910000001, 24.888336000000002], [100.74716600000004, 24.889114000000156], [100.75760700000009, 24.90750500000003], [100.75942300000006, 24.930628000000098], [100.75261699999996, 24.937790999999912], [100.73550400000003, 24.94174299999996], [100.73566499999995, 24.962223000000016], [100.72781800000003, 24.969096999999984], [100.72695200000014, 24.96926500000003], [100.72590300000003, 24.968862999999985], [100.72456400000009, 24.967862999999937], [100.72044800000006, 24.984505000000134], [100.72913400000002, 24.985817000000154], [100.73839200000006, 24.992723999999924], [100.75257100000013, 24.994966000000062], [100.780434, 25.009369000000014], [100.76345200000017, 25.030951000000037], [100.74884400000013, 25.041442000000046], [100.74878, 25.042212000000163], [100.74815400000007, 25.04876600000012], [100.76537400000004, 25.056060000000024], [100.77258800000007, 25.064438000000088], [100.76377600000016, 25.072899000000092], [100.75902700000016, 25.08449000000008], [100.76038100000002, 25.093001000000136], [100.75045500000003, 25.1058820000001], [100.75894599999995, 25.12768099999996], [100.748196, 25.143442000000093], [100.75724900000013, 25.16531700000011], [100.77266, 25.183222999999913], [100.77131700000007, 25.19372400000004], [100.77806199999995, 25.204448000000056], [100.77924400000012, 25.205013000000086], [100.78170899999998, 25.2051319999999], [100.78246400000009, 25.205529000000148], [100.79000899999998, 25.202740000000134], [100.80043500000004, 25.20502200000012], [100.81785600000012, 25.196033000000128], [100.82246100000012, 25.20018500000012], [100.82391400000007, 25.215331000000084], [100.82108700000012, 25.22288900000016], [100.82861699999992, 25.23123399999998], [100.83369900000002, 25.261746000000173], [100.82567600000002, 25.27878500000009], [100.848302, 25.26659400000002], [100.85226100000001, 25.263672000000014], [100.85273400000007, 25.26270300000013], [100.85214699999992, 25.261530000000064], [100.85123100000006, 25.260137000000007], [100.85516800000002, 25.25779600000002], [100.86092400000004, 25.25525300000011], [100.87931100000011, 25.250058000000152], [100.89287999999998, 25.25316099999995], [100.90770400000012, 25.24346799999997], [100.91781700000004, 25.246255000000083], [100.92982900000004, 25.2416780000001], [100.94431300000012, 25.254081999999947], [100.96215900000001, 25.253617000000105], [100.97833300000013, 25.258937000000103], [100.98713000000005, 25.26936400000006], [100.9604380000001, 25.302716000000046], [100.95576900000013, 25.32187899999994], [100.95893900000004, 25.329673000000085], [100.97545300000004, 25.335238000000103], [100.987458, 25.333896999999993], [100.98991500000008, 25.340093000000174], [100.99619700000002, 25.343609000000036], [100.996273, 25.345104000000006], [100.99583900000015, 25.346333000000087], [100.99463299999994, 25.346119000000144], [100.99301600000015, 25.345365999999927], [100.99171499999999, 25.345379000000023], [100.99203899999989, 25.346833000000068], [100.99310700000005, 25.347864999999928], [100.99533100000004, 25.348748000000064], [101.04491399999998, 25.353462000000015], [101.043301, 25.360411999999968], [101.04148100000005, 25.360432000000024], [101.03928400000017, 25.360144999999903], [101.03784999999999, 25.36082399999995], [101.027809, 25.372147000000055], [101.03269600000006, 25.379819000000147], [101.02876700000004, 25.388638999999927], [101.03441300000001, 25.397183999999953], [101.03369200000004, 25.398946999999986], [101.03201300000003, 25.40146399999996], [101.03052200000005, 25.403215000000067], [101.01585800000007, 25.41719200000012], [101.00209100000016, 25.416241000000042], [100.994927, 25.411977000000107], [100.9900870000001, 25.412107000000027], [100.98277000000007, 25.413648000000165], [100.97777599999998, 25.420858000000045], [100.9782790000001, 25.42491699999998], [100.98024399999997, 25.426488000000028], [100.96912500000013, 25.428315000000026], [100.96653400000017, 25.431527000000045], [100.96405500000004, 25.435934999999986], [100.95880900000013, 25.4414260000001], [100.95582599999997, 25.442016000000066], [100.95173700000012, 25.444928000000132], [100.95090499999995, 25.447964000000155], [100.949726, 25.45100600000014], [100.95031800000012, 25.454505000000104], [100.9581840000001, 25.462220000000023], [100.95454100000013, 25.46536600000009], [100.94899800000016, 25.471008000000083], [100.94651, 25.473052000000095], [100.94344700000005, 25.47404400000002], [100.94098700000009, 25.474072000000113], [100.94011700000004, 25.47487800000001], [100.94452300000009, 25.480320999999975], [100.94116200000018, 25.48505599999997], [100.94884500000003, 25.486801000000114], [100.94495399999997, 25.499154000000004], [100.95382700000003, 25.518757000000058], [100.94771200000017, 25.529806000000143], [100.955658, 25.551829999999967], [100.95602900000014, 25.554179000000076], [100.95610100000007, 25.5559870000001], [100.955792, 25.556884000000068], [100.95492200000004, 25.557477000000105], [100.95267200000004, 25.559072000000093], [100.96107500000004, 25.565682000000066], [100.97732200000016, 25.56726800000002], [100.99065800000002, 25.56217000000001], [100.9997480000001, 25.56346800000002], [101.00184699999997, 25.58638200000003], [100.99608300000008, 25.60318599999996], [100.99349699999999, 25.628553000000153], [100.98843100000005, 25.638033000000092], [100.99488199999993, 25.641240000000053], [100.9884230000001, 25.656629000000052], [100.96888000000004, 25.665633000000042], [100.94724699999998, 25.659760000000034], [100.95440700000006, 25.675134000000035], [100.93748900000003, 25.685282], [100.93621100000016, 25.689097000000082], [100.93741200000005, 25.700307000000166], [100.93426900000006, 25.70437900000011], [100.94036099999998, 25.71298000000015], [100.96175499999998, 25.726551000000008], [100.96261200000002, 25.72902500000007], [100.96703800000012, 25.73291100000008], [100.972393, 25.74096500000016], [100.97376000000013, 25.74498900000004], [100.97380500000011, 25.74777200000009], [100.95530300000004, 25.751321000000104], [100.93447100000007, 25.7456510000001], [100.93649000000015, 25.75889200000001], [100.93827900000002, 25.759215000000005], [100.94256300000009, 25.757969000000024], [100.94776900000008, 25.770050000000055], [100.92775299999997, 25.791925999999975], [100.92586600000006, 25.798304999999935], [100.92433200000013, 25.80423099999998], [100.92304300000006, 25.80554700000006], [100.92060900000004, 25.80564900000015], [100.91538699999998, 25.80515100000016], [100.91367000000011, 25.806176000000058], [100.91286500000011, 25.809807000000106], [100.9130329999999, 25.813444000000032], [100.89758, 25.81284300000013], [100.88760800000004, 25.828472999999995], [100.88810800000002, 25.831557999999987], [100.88950800000003, 25.83334099999999], [100.89001899999997, 25.833992000000116], [100.91736300000005, 25.847834000000013], [100.93561899999995, 25.862842000000022], [100.93045400000005, 25.86797399999992], [100.93050000000014, 25.87082799999998], [100.93065600000008, 25.872679000000097], [100.92849400000007, 25.87445900000003], [100.92462500000005, 25.875730000000118], [100.91918599999997, 25.876887000000103], [100.91578800000002, 25.879343000000098], [100.91535599999997, 25.881779000000037], [100.91763800000015, 25.884165000000017], [100.92294800000002, 25.888164000000046], [100.92865, 25.891487000000012], [100.93457800000004, 25.892636000000046], [100.93977800000006, 25.893173999999973], [100.94385199999999, 25.896450000000137], [100.9491390000001, 25.9020530000001], [100.9569560000001, 25.92422400000001], [100.9554680000001, 25.936245000000135], [100.964718, 25.95215199999992], [100.95565900000008, 25.95423600000013], [100.94281499999991, 25.973771000000156], [100.9279490000001, 25.96974200000004], [100.92569400000004, 25.97065699999999], [100.91988500000008, 25.970792000000053], [100.91040400000006, 25.979719999999972], [100.90657900000012, 25.98553100000001], [100.90604499999999, 25.986754000000033], [100.90374800000001, 25.99287300000006], [100.91687900000005, 26.016024000000137], [100.93386500000003, 26.024137000000124], [100.93922099999997, 26.03406100000003], [100.93459300000004, 26.040737000000135], [100.93405200000004, 26.048777999999942], [100.91226200000014, 26.057886000000096], [100.9150010000001, 26.117997999999986], [100.9204950000001, 26.127244000000104], [100.92041100000009, 26.14437900000015], [100.90889800000015, 26.17028200000002], [100.91872100000005, 26.18265400000015], [100.93017300000008, 26.207108000000034], [100.95869500000012, 26.233425000000054], [100.98673700000003, 26.254485999999957], [101.03020200000012, 26.277245000000015], [101.05654500000016, 26.309658000000113], [101.06099300000012, 26.311333000000147], [101.06639900000013, 26.31513700000012], [101.06921000000001, 26.316297000000176], [101.07513400000008, 26.317415000000132], [101.08070399999997, 26.317614000000077], [101.08515899999998, 26.31846100000017], [101.12292500000015, 26.340671000000015], [101.14960600000009, 26.343947], [101.15855900000011, 26.341363000000072], [101.17100900000013, 26.34433300000014], [101.18493700000003, 26.359567000000105], [101.18726000000004, 26.361003000000082], [101.1883170000001, 26.361629000000008], [101.19436300000012, 26.36467800000004], [101.20383100000014, 26.364203999999994], [101.20592100000005, 26.363804000000023], [101.22747900000005, 26.356016999999923], [101.25228900000016, 26.36294799999999], [101.271988, 26.360125999999994], [101.32185800000003, 26.377174000000124], [101.34092000000001, 26.377703000000018], [101.34966800000012, 26.382877000000015], [101.35692600000007, 26.38777800000016], [101.36479600000003, 26.391852000000092], [101.37328400000013, 26.394247000000014], [101.37503400000016, 26.39473800000014], [101.38134000000002, 26.39582100000004], [101.4095770000001, 26.39425900000012], [101.42241300000006, 26.388143000000163], [101.42712000000014, 26.389040000000044], [101.43253400000012, 26.3932869999999], [101.43478100000004, 26.396122999999896], [101.43728700000008, 26.41277600000003], [101.46370400000004, 26.42205400000004], [101.46813300000002, 26.425302000000016], [101.47345100000004, 26.431138000000075], [101.47571999999994, 26.43451500000007], [101.47318699999997, 26.451856999999926], [101.45472800000005, 26.457368000000002], [101.44840299999996, 26.4698620000001], [101.46146100000007, 26.48893500000009], [101.46059100000004, 26.49326900000004], [101.45885500000011, 26.496363999999886], [101.45671900000012, 26.49872800000017], [101.46456600000013, 26.502188000000018], [101.49939000000005, 26.50179700000008], [101.50722100000016, 26.500431000000034], [101.50748400000006, 26.499960000000144], [101.50896500000003, 26.497349000000114], [101.50970099999992, 26.492630999999925], [101.51139200000011, 26.490337999999916], [101.51477500000007, 26.488868000000053], [101.51701800000004, 26.48743100000017], [101.52685200000005, 26.471665000000066], [101.54171100000015, 26.470379000000065], [101.55464199999999, 26.458319000000174], [101.56278299999998, 26.459509000000047], [101.58647600000015, 26.42940600000012], [101.59776300000001, 26.42636899999993], [101.61166800000015, 26.41674700000005], [101.6190720000001, 26.41604499999997], [101.61697900000004, 26.399513000000162], [101.633717, 26.39986299999999], [101.63578499999997, 26.39872900000013], [101.63665100000011, 26.396394000000022], [101.62858200000004, 26.36973600000003], [101.62855900000008, 26.367045000000047], [101.62860499999991, 26.364352000000068], [101.62925300000013, 26.362904999999984], [101.63187655491353, 26.361133127304747], [101.63430800000006, 26.359491000000034], [101.6387, 26.356943000000065], [101.65955800000008, 26.35247500000004], [101.65397299999992, 26.335809999999896], [101.65189000000014, 26.333347000000032], [101.65178700000014, 26.333224999999885], [101.65073100000016, 26.331933000000006], [101.63976800000009, 26.329351000000067], [101.63890199999994, 26.328224999999982], [101.63842100000002, 26.32692000000001], [101.63829900000005, 26.325150000000107], [101.63843348532336, 26.323210876541772], [101.63848999999996, 26.322396000000147], [101.63967200000013, 26.321505000000144], [101.65946300000003, 26.313992000000063], [101.65973800000005, 26.31229799999997], [101.65924900000009, 26.31099300000008], [101.65781100000012, 26.309882000000172], [101.64629800000002, 26.308286000000102], [101.62278000000012, 26.320167000000104], [101.62247100000013, 26.317835000000066], [101.62154000000002, 26.314921000000012], [101.6202319999999, 26.31324700000006], [101.6093980000001, 26.317941000000047], [101.59587099999997, 26.307253000000074], [101.59206100000003, 26.293101000000107], [101.5955010000001, 26.281562999999977], [101.59637500000011, 26.279577000000053], [101.59677200000002, 26.276589999999914], [101.59403299999995, 26.263392999999915], [101.60294000000009, 26.263030000000164], [101.61343400000008, 26.256866000000144], [101.61624900000012, 26.243101000000046], [101.62912000000014, 26.228054000000014], [101.65232200000017, 26.2385760000001], [101.66841200000009, 26.235076000000056], [101.69270400000008, 26.24792300000005], [101.70160700000005, 26.227951000000104], [101.70519300000011, 26.227154999999968], [101.71680500000005, 26.22633900000013], [101.72621200000017, 26.222290999999956], [101.73268200000011, 26.219178000000042], [101.74627700000018, 26.210428000000107], [101.75209900000014, 26.198448000000084], [101.75258700000002, 26.198201999999895], [101.75352200000012, 26.197729000000102], [101.75587500000003, 26.197683000000026], [101.75900000000004, 26.193979000000155], [101.76270000000011, 26.18805800000017], [101.7653320000001, 26.181724000000116], [101.76561000000001, 26.179295000000046], [101.77626800000007, 26.184186000000075], [101.77116000000004, 26.17090900000003], [101.78079300000002, 26.170046000000035], [101.78555299999996, 26.162726000000113], [101.78719000000012, 26.160306999999897], [101.79670000000007, 26.11387199999993], [101.81840899999995, 26.09045900000011], [101.83876500000012, 26.085197000000115]]]}}, {"type": "Feature", "properties": {"name": "玉溪市", "kind": "0137", "admin_code": "530422", "code_1": 5304}, "geometry": {"type": "Polygon", "coordinates": [[[102.22571600000006, 24.912706000000043], [102.24909699999999, 24.921824000000136], [102.25936200000004, 24.921750000000053], [102.25421600000006, 24.912740000000014], [102.26160500000017, 24.89243600000004], [102.27393400000012, 24.882559000000114], [102.2868730000001, 24.88309600000005], [102.28698800000001, 24.8705190000001], [102.29104300000014, 24.868932000000065], [102.28759100000016, 24.857489000000065], [102.28948300000005, 24.855418999999948], [102.2922940000001, 24.8537860000001], [102.29509000000016, 24.852572000000016], [102.29337000000012, 24.846637000000115], [102.29248900000007, 24.844510999999983], [102.29399900000013, 24.839070000000007], [102.29590700000008, 24.836298000000156], [102.29791700000013, 24.83337800000014], [102.30114000000016, 24.828647000000025], [102.30583600000004, 24.825796000000032], [102.30816700000017, 24.824997000000003], [102.30920100000012, 24.81953800000005], [102.30974200000011, 24.815753999999956], [102.30746899999997, 24.81401700000012], [102.30333400000015, 24.812672000000035], [102.30293699999999, 24.80971400000007], [102.30441400000015, 24.80595200000002], [102.28732300000001, 24.80563500000008], [102.28503100000009, 24.80518500000015], [102.28490900000013, 24.789581000000126], [102.28690399999999, 24.782872000000133], [102.29110000000007, 24.781267000000028], [102.29297700000012, 24.78003900000003], [102.29131000000004, 24.77157900000011], [102.291943, 24.76358500000002], [102.29576199999998, 24.758175000000037], [102.29673100000005, 24.756087000000115], [102.28656500000001, 24.713319999999975], [102.28757200000001, 24.70954600000008], [102.29133300000017, 24.706666], [102.29092900000013, 24.703709000000032], [102.29009600000013, 24.699902000000073], [102.28737300000007, 24.697743000000138], [102.28517199999996, 24.692224000000017], [102.28153700000001, 24.689626999999994], [102.28421899999998, 24.672396999999904], [102.29087100000012, 24.66408600000014], [102.28914299999997, 24.65857499999997], [102.28356300000013, 24.660168999999968], [102.2807930000001, 24.660113000000038], [102.27898900000005, 24.657970000000006], [102.27764200000016, 24.65625600000012], [102.27528100000002, 24.658740000000122], [102.27300299999993, 24.657441000000027], [102.27021500000008, 24.658235000000083], [102.27170300000009, 24.65362400000013], [102.2862789999999, 24.641237000000004], [102.28981899999995, 24.605480000000156], [102.29133300000017, 24.599610000000126], [102.294678, 24.5946160000001], [102.29396800000005, 24.58630399999999], [102.29372000000014, 24.58337199999996], [102.2932020000001, 24.577307000000047], [102.28958500000013, 24.573866000000088], [102.287838, 24.569190999999904], [102.28279900000015, 24.567418000000018], [102.27922099999998, 24.562300000000036], [102.27603900000003, 24.56013000000008], [102.27507000000014, 24.562220999999987], [102.27634800000001, 24.567293999999976], [102.26575100000002, 24.567105000000055], [102.26627800000011, 24.564166000000064], [102.26586199999997, 24.562050000000134], [102.26406500000016, 24.559911000000078], [102.26734200000004, 24.557440000000085], [102.24992400000002, 24.549938000000026], [102.25001200000003, 24.54975700000015], [102.25053500000013, 24.54617300000008], [102.25019499999999, 24.540687000000027], [102.25002000000015, 24.54065700000003], [102.24858900000007, 24.540396000000108], [102.23363100000002, 24.537827], [102.22964500000009, 24.53101000000013], [102.22653599999998, 24.525476000000012], [102.22374000000018, 24.52711100000011], [102.22230999999991, 24.529980999999992], [102.22227900000009, 24.530019000000024], [102.22226800000007, 24.529973000000126], [102.22235499999998, 24.526229000000143], [102.22019600000004, 24.51986500000001], [102.21560700000013, 24.51936400000003], [102.21464200000005, 24.521455000000024], [102.21319600000012, 24.52438499999998], [102.20959500000008, 24.520088999999892], [102.208729, 24.51854100000015], [102.203396, 24.509033000000024], [102.19685, 24.512683000000045], [102.19691100000007, 24.509732999999947], [102.21098000000009, 24.484921000000014], [102.22180200000005, 24.47941899999997], [102.22777600000016, 24.47179500000003], [102.23906400000013, 24.465074000000108], [102.24501100000013, 24.458253000000084], [102.24859699999993, 24.454809000000054], [102.25002700000002, 24.4534570000001], [102.25037100000006, 24.451448000000056], [102.25040099999998, 24.451272000000145], [102.25155700000013, 24.444520000000146], [102.26270700000006, 24.443907000000053], [102.26589600000013, 24.440706000000056], [102.270768, 24.442019999999978], [102.27259500000018, 24.440428999999966], [102.27744000000013, 24.44213999999996], [102.28203200000011, 24.43610800000011], [102.28608000000003, 24.43455400000014], [102.29093300000011, 24.436684000000163], [102.29596699999999, 24.431071999999986], [102.29302300000002, 24.422447999999996], [102.30198300000009, 24.419752000000038], [102.30194900000012, 24.419592000000122], [102.30130800000003, 24.41669499999997], [102.30117000000016, 24.416069000000128], [102.29033299999995, 24.41060000000006], [102.29076, 24.40492600000008], [102.293274, 24.400877], [102.29610500000004, 24.39753800000004], [102.29721100000015, 24.396319000000076], [102.30295600000014, 24.394902000000073], [102.30608000000015, 24.39496100000016], [102.313092, 24.388095000000142], [102.3161890000001, 24.390466000000032], [102.31578800000014, 24.39449399999998], [102.31607800000015, 24.39565100000005], [102.33390500000007, 24.401880000000034], [102.335729, 24.405512000000073], [102.34406000000008, 24.404787000000127], [102.34624200000015, 24.40598000000007], [102.34946500000001, 24.40876200000004], [102.350869, 24.409948000000114], [102.36007699999999, 24.406371000000007], [102.36362200000003, 24.409295000000085], [102.35992500000003, 24.421202000000022], [102.36266000000002, 24.425411000000018], [102.36440400000008, 24.432503000000082], [102.36717300000004, 24.435294000000084], [102.37065899999999, 24.43435300000003], [102.37238400000007, 24.434959999999897], [102.371636, 24.440425000000076], [102.3661390000001, 24.43945200000004], [102.360822, 24.439087000000036], [102.3570409999999, 24.438873999999913], [102.35453100000012, 24.444590000000076], [102.36525000000009, 24.454321], [102.36745900000008, 24.455254000000103], [102.37081999999998, 24.455463000000165], [102.3714610000001, 24.455621000000093], [102.37926500000009, 24.466669000000095], [102.38089100000016, 24.473716000000167], [102.37601500000012, 24.481249000000126], [102.3773350000001, 24.488022999999906], [102.40305700000009, 24.499840000000027], [102.403992, 24.493405999999965], [102.40693299999998, 24.490525000000062], [102.40877200000008, 24.487189000000086], [102.4083519999999, 24.479828999999967], [102.41995700000005, 24.485299000000026], [102.43786999999999, 24.485449000000003], [102.44159699999999, 24.48917999999989], [102.44034600000003, 24.49776999999991], [102.427243, 24.506886000000016], [102.42775000000003, 24.510044000000008], [102.43490599999998, 24.5143439999999], [102.43701200000005, 24.514916000000063], [102.45164600000011, 24.516726000000077], [102.46070100000006, 24.51179400000003], [102.47233600000013, 24.51163800000009], [102.47299600000002, 24.50745200000013], [102.48053800000002, 24.50253200000001], [102.48380399999999, 24.502885000000084], [102.48796899999999, 24.503362000000116], [102.498707, 24.51087500000002], [102.51067000000003, 24.531455], [102.51655300000007, 24.533663999999902], [102.52489100000003, 24.53712899999998], [102.52547100000007, 24.53661300000001], [102.52437600000005, 24.53415400000003], [102.52647100000002, 24.534179999999964], [102.52837400000001, 24.53403200000006], [102.52880500000005, 24.53159300000005], [102.521039, 24.527787999999994], [102.5142260000001, 24.52540000000012], [102.5145610000001, 24.52353100000002], [102.52390700000015, 24.51878599999999], [102.52335799999994, 24.51665100000009], [102.52206500000015, 24.514715000000045], [102.52265600000003, 24.513502000000045], [102.52590600000016, 24.51427000000008], [102.53237600000003, 24.51418600000006], [102.53891399999998, 24.51291600000014], [102.53927999999999, 24.513618000000136], [102.53809800000015, 24.515705000000153], [102.53711000000011, 24.517610000000033], [102.54090500000005, 24.518187000000168], [102.54108500000002, 24.518888999999987], [102.53987100000012, 24.522356000000144], [102.53697600000004, 24.52441400000007], [102.5369490000001, 24.525810000000114], [102.54741300000003, 24.52613299999993], [102.54982800000009, 24.53072999999997], [102.55210200000013, 24.53111400000003], [102.55246400000006, 24.532164000000044], [102.54727200000016, 24.53381400000014], [102.54972100000012, 24.53614100000012], [102.55259400000016, 24.53531000000011], [102.55562999999992, 24.535879000000115], [102.55818600000009, 24.542201000000063], [102.56083000000001, 24.543462000000126], [102.56580400000016, 24.543215000000117], [102.57007599999996, 24.53891499999996], [102.572159, 24.539818000000068], [102.57407900000005, 24.54074300000004], [102.57560400000011, 24.54076400000018], [102.5773900000001, 24.53730700000014], [102.58135700000005, 24.53928500000002], [102.5876050000001, 24.542369000000107], [102.59278199999999, 24.54122700000012], [102.59819400000013, 24.537988], [102.598466, 24.53345799999991], [102.59643599999998, 24.5297580000001], [102.59343300000003, 24.527442000000143], [102.593468, 24.525695000000013], [102.595425, 24.523108000000015], [102.60291399999997, 24.520432000000113], [102.6071290000001, 24.519628000000026], [102.60878400000007, 24.517997999999984], [102.60498900000013, 24.5167119999999], [102.59645200000006, 24.51396000000001], [102.5873990000001, 24.508227999999946], [102.58574800000011, 24.50557300000009], [102.58726600000011, 24.504324000000132], [102.60069300000013, 24.502256999999993], [102.61349100000015, 24.494451000000183], [102.64574900000005, 24.49952600000016], [102.65331700000006, 24.506289000000002], [102.66870499999997, 24.506472000000045], [102.685273, 24.49370899999999], [102.68484200000005, 24.49282399999995], [102.68412100000008, 24.492226000000116], [102.67940200000007, 24.49048000000007], [102.67849100000001, 24.4852870000001], [102.683579, 24.47591400000013], [102.6963200000001, 24.465839000000166], [102.70254500000001, 24.4752030000001], [102.71167400000004, 24.473076000000148], [102.72614300000012, 24.478789000000155], [102.72906200000006, 24.48432700000007], [102.73003400000002, 24.484794999999984], [102.73157600000006, 24.48505000000003], [102.73322000000002, 24.48538300000005], [102.74804700000006, 24.483928000000013], [102.76082300000004, 24.4773119999999], [102.7739220000001, 24.500275000000137], [102.78448100000014, 24.49740400000009], [102.78920400000013, 24.499999000000038], [102.79013100000009, 24.50298500000001], [102.79096300000018, 24.505676999999906], [102.79237800000001, 24.50714200000006], [102.81427800000014, 24.51493300000005], [102.81205399999999, 24.524837999999896], [102.80709500000002, 24.52718999999999], [102.8031930000001, 24.537782000000007], [102.79298900000012, 24.54444300000003], [102.78925400000017, 24.55794100000015], [102.79999600000008, 24.584929000000088], [102.79647500000007, 24.588473000000043], [102.79646000000008, 24.596527999999942], [102.80416900000003, 24.599364000000023], [102.80315099999993, 24.604415000000145], [102.81362600000003, 24.614033000000134], [102.81158500000001, 24.623475999999947], [102.80392900000007, 24.63314800000005], [102.81987400000007, 24.64174300000004], [102.82674900000012, 24.674266000000088], [102.84658400000009, 24.69239700000012], [102.855313, 24.709954000000003], [102.85174599999999, 24.729732000000148], [102.83692200000002, 24.743663000000126], [102.83812000000003, 24.74511000000004], [102.84108000000015, 24.744987999999893], [102.84193800000008, 24.745634000000138], [102.83849000000001, 24.753869000000094], [102.84483699999997, 24.74901700000001], [102.84520700000003, 24.74998399999999], [102.84550499999992, 24.750773999999986], [102.84670299999999, 24.75206400000014], [102.85706400000001, 24.747752000000055], [102.8669560000001, 24.7514130000001], [102.8735770000001, 24.738662000000055], [102.88935600000003, 24.74851100000015], [102.88800500000016, 24.75464100000002], [102.89752700000003, 24.75930000000004], [102.89751799999999, 24.760168000000093], [102.89745400000002, 24.764021000000035], [102.898145, 24.766434000000025], [102.91331900000014, 24.77030900000001], [102.91241100000016, 24.777852000000088], [102.917161, 24.783028000000073], [102.90527000000013, 24.789939999999987], [102.90513299999998, 24.801809000000063], [102.90034600000004, 24.813261000000097], [102.90424100000007, 24.829079000000064], [102.91425800000005, 24.833305000000138], [102.90751700000007, 24.836868000000067], [102.90873400000004, 24.85980600000002], [102.91218200000004, 24.86107599999994], [102.91449400000002, 24.86695500000009], [102.91901800000007, 24.868484000000123], [102.92659000000006, 24.847627000000138], [102.92947000000014, 24.851328999999936], [102.929363, 24.857666999999964], [102.930443, 24.857438000000023], [102.93477600000004, 24.85433600000013], [102.93633300000008, 24.855564000000044], [102.93701600000011, 24.862889000000024], [102.95999200000008, 24.86616199999994], [102.95728000000005, 24.868069999999975], [102.95671100000004, 24.87001299999998], [102.9640090000001, 24.881567000000103], [102.964669, 24.890850999999905], [102.96654600000005, 24.89039000000004], [102.9700140000001, 24.89215800000013], [102.98107200000005, 24.88547800000005], [102.99463700000013, 24.892310999999914], [102.99858900000001, 24.899881], [102.99951299999998, 24.923518000000144], [103.01787999999999, 24.91661900000006], [103.02261000000003, 24.909305000000103], [103.01958500000003, 24.891378000000074], [103.02902700000001, 24.866897000000087], [103.02530399999992, 24.845565000000057], [103.0209320000001, 24.839546000000134], [103.025712, 24.82765600000001], [103.02174800000012, 24.814187000000153], [103.01674700000004, 24.81210400000011], [103.01492700000009, 24.8113460000001], [103.01259300000007, 24.808988000000042], [103.01264599999993, 24.805506999999885], [103.01435900000017, 24.800729000000054], [103.01589600000015, 24.795938999999947], [103.01229900000007, 24.76986100000007], [103.01392000000008, 24.765237999999925], [103.015965, 24.76260300000004], [103.0251400000001, 24.75775400000002], [103.04168700000017, 24.77505400000004], [103.05209400000007, 24.765336000000126], [103.06504500000014, 24.76551899999999], [103.07249100000001, 24.757651000000024], [103.05801400000016, 24.71424600000003], [103.0532300000001, 24.706478000000075], [103.04409500000011, 24.700822000000166], [103.0320830000001, 24.655323000000017], [103.03548099999998, 24.63193600000013], [103.033254, 24.62106099999997], [103.03598500000001, 24.61170100000001], [103.0425770000001, 24.60524900000005], [103.04120599999999, 24.596017000000025], [103.04440400000001, 24.58986000000005], [103.0402950000001, 24.58318899999992], [103.04283500000012, 24.577038000000172], [103.04129100000009, 24.569909000000067], [103.05139900000012, 24.557740000000038], [103.07165500000012, 24.55943500000013], [103.08358800000016, 24.555602000000064], [103.09893100000008, 24.566358000000065], [103.10883700000002, 24.56977899999997], [103.11294700000016, 24.567682000000012], [103.10592300000005, 24.52343800000014], [103.1078150000001, 24.509044000000046], [103.10175400000007, 24.49287000000011], [103.10572100000003, 24.478146999999886], [103.10418800000002, 24.472071000000128], [103.0897790000001, 24.445569000000077], [103.06792100000007, 24.440777000000068], [103.06224099999996, 24.436751000000022], [103.06157300000011, 24.42413600000004], [103.06865700000004, 24.413426000000115], [103.08130700000008, 24.414030000000174], [103.09974300000013, 24.403880000000044], [103.09805399999999, 24.391218999999985], [103.093449, 24.385181999999993], [103.09688300000002, 24.37069899999991], [103.0950130000001, 24.367378000000016], [103.08884500000002, 24.356771000000002], [103.08822299999997, 24.345030000000037], [103.09841200000014, 24.340210999999925], [103.10001799999996, 24.323007000000118], [103.111337, 24.327301000000134], [103.119786, 24.309223000000046], [103.13926800000016, 24.30342200000004], [103.139455, 24.29045100000009], [103.13573800000012, 24.285342000000142], [103.128525, 24.282088000000023], [103.12500000000001, 24.268982000000094], [103.12459599999998, 24.267484000000053], [103.12442100000007, 24.256081999999978], [103.14645500000009, 24.236066000000122], [103.14930800000008, 24.23041999999989], [103.15014700000003, 24.220617000000132], [103.15122700000005, 24.217461000000043], [103.14070100000006, 24.20497299999991], [103.13863400000011, 24.204953000000117], [103.13582200000015, 24.208401999999943], [103.13479700000008, 24.207596000000045], [103.13131700000008, 24.185815999999896], [103.122853, 24.18204900000005], [103.12479900000008, 24.177440999999902], [103.1353040000001, 24.17386800000012], [103.12724, 24.169602000000026], [103.12643500000009, 24.16357], [103.11736800000003, 24.16256299999999], [103.10050700000002, 24.150541000000047], [103.09761100000011, 24.137635000000145], [103.090104, 24.132117000000022], [103.08220400000005, 24.110802999999883], [103.07992300000015, 24.1083700000001], [103.08102500000001, 24.10294300000013], [103.07818300000005, 24.097121999999985], [103.05054900000013, 24.083396], [103.05051900000015, 24.08334800000003], [103.04946999999996, 24.081351000000083], [103.04870299999999, 24.077530000000124], [103.04488800000017, 24.07598200000003], [103.0418900000001, 24.072129000000174], [103.04247300000002, 24.07036], [103.04527700000003, 24.0683710000001], [103.04283200000006, 24.065030999999884], [103.03820500000002, 24.05911800000011], [103.03114000000005, 24.052452000000038], [103.03201400000007, 24.049420000000076], [103.03506500000009, 24.04946600000015], [103.0367590000001, 24.044877000000064], [103.03642699999999, 24.040393999999957], [103.03609899999995, 24.035882000000107], [103.02599400000007, 24.037390000000002], [103.01417200000014, 24.03462000000014], [103.01057900000005, 24.04135700000014], [103.00425400000003, 24.042761000000134], [102.99595300000013, 24.051817000000163], [102.984689, 24.053126999999932], [102.98055000000002, 24.05673300000013], [102.9777920000001, 24.071734], [102.97052400000004, 24.07845800000017], [102.95341200000011, 24.064819000000014], [102.942075, 24.06316300000013], [102.9305000000001, 24.051188999999987], [102.91334499999999, 24.043332000000042], [102.90964900000007, 24.038383999999915], [102.911622, 24.032120000000056], [102.90124500000016, 24.019964000000037], [102.90006600000014, 24.01364099999992], [102.89742400000003, 24.014801999999882], [102.89234599999997, 24.017670000000038], [102.88678000000006, 24.018576000000124], [102.88428100000006, 24.017624000000048], [102.87967300000017, 24.015749000000163], [102.87628900000013, 24.013335000000005], [102.88362100000016, 23.996292000000018], [102.88362900000011, 23.993423000000135], [102.88238500000003, 23.991135000000007], [102.881775, 23.989411000000004], [102.86180100000007, 23.988229000000082], [102.85992500000012, 23.98878899999997], [102.85805199999996, 23.988790999999956], [102.85431400000002, 23.98993300000003], [102.8428010000001, 23.9999320000001], [102.84385300000008, 24.021793000000024], [102.8337370000001, 24.029990000000033], [102.83184100000008, 24.039718000000065], [102.8318220000001, 24.040786000000146], [102.83800900000008, 24.04231200000011], [102.84008799999997, 24.046052999999937], [102.82662700000014, 24.050000000000104], [102.79980200000003, 24.032612], [102.7912260000001, 24.030237000000042], [102.78196400000007, 24.027242000000037], [102.78281099999998, 24.022975000000123], [102.782052, 24.021897000000102], [102.76812399999999, 24.02583200000008], [102.74853600000002, 24.023631000000044], [102.74255400000013, 24.010661999999996], [102.74271400000005, 24.00909799999991], [102.74781400000015, 24.01013800000007], [102.73800400000007, 23.999961000000013], [102.73980400000015, 23.993448000000072], [102.72988200000006, 23.9836119999999], [102.73467700000013, 23.97891700000001], [102.72923000000011, 23.97682599999993], [102.72781800000016, 23.97228699999998], [102.71623300000013, 23.973624999999934], [102.69350499999999, 23.95463900000012], [102.68641700000015, 23.940469000000085], [102.69037700000007, 23.932322000000127], [102.686413, 23.92485200000005], [102.66934600000008, 23.924364999999995], [102.67023500000009, 23.92654400000007], [102.67125000000004, 23.928841000000055], [102.67104000000009, 23.92937200000003], [102.64933100000005, 23.927521000000084], [102.65116100000002, 23.936699999999988], [102.64431000000017, 23.940713000000024], [102.6413850000001, 23.94977100000004], [102.63467100000005, 23.951631999999925], [102.64897600000006, 23.979070999999962], [102.6457260000001, 23.988435999999894], [102.63351900000012, 23.996450000000124], [102.64532900000003, 24.009640999999895], [102.63093200000012, 24.0294820000001], [102.6133850000001, 24.030714999999894], [102.61280500000007, 24.03181900000002], [102.61318700000005, 24.032661000000054], [102.61436900000015, 24.03389700000018], [102.61865700000003, 24.03469300000014], [102.62106000000009, 24.035723000000097], [102.6261339999999, 24.044524999999986], [102.61753100000013, 24.05048000000003], [102.61525799999998, 24.05105900000015], [102.61278999999999, 24.051460999999932], [102.61121, 24.05185200000004], [102.59251400000002, 24.038632999999912], [102.58223700000003, 24.04117699999999], [102.58040699999997, 24.037682000000004], [102.5765420000001, 24.02947100000008], [102.57305600000015, 24.027663000000054], [102.57058700000013, 24.029605999999973], [102.5700800000001, 24.04219700000001], [102.54773800000001, 24.042319000000155], [102.543545, 24.050416999999968], [102.53437400000004, 24.03716100000006], [102.52692100000013, 24.03360099999994], [102.51966900000015, 24.032480000000177], [102.51462600000016, 24.02944800000013], [102.51405000000003, 24.03166300000008], [102.512078, 24.037073000000063], [102.50855300000003, 24.036995000000005], [102.50584500000014, 24.038442000000003], [102.50298000000006, 24.04779700000008], [102.49998600000013, 24.052531999999992], [102.49910799999996, 24.05392500000014], [102.49856600000007, 24.05402600000015], [102.49368700000014, 24.05529999999996], [102.49279499999997, 24.06600500000009], [102.49191700000006, 24.066637999999976], [102.48997900000003, 24.067716000000082], [102.48682799999999, 24.06830600000005], [102.48199900000012, 24.068833000000133], [102.48021399999996, 24.068752000000003], [102.46789600000011, 24.056779000000027], [102.45373200000004, 24.053929000000117], [102.44202499999997, 24.058902000000003], [102.42332099999996, 24.051610999999994], [102.40921500000015, 24.059290000000132], [102.416985, 24.069816000000024], [102.4054530000001, 24.078345000000056], [102.37747600000003, 24.09034400000005], [102.37668600000003, 24.09334500000002], [102.36755100000005, 24.093277999999984], [102.36782900000006, 24.097974000000043], [102.36687900000004, 24.09971600000003], [102.36610400000005, 24.10170900000017], [102.35585800000015, 24.094089000000118], [102.34072100000003, 24.10250500000013], [102.32517300000004, 24.096795000000014], [102.31577400000003, 24.100211000000037], [102.30576700000002, 24.096908999999947], [102.3007319999999, 24.093346000000018], [102.29788300000016, 24.09293600000011], [102.30181100000007, 24.086143999999997], [102.29593000000003, 24.07819300000009], [102.300232, 24.077881000000033], [102.29950800000013, 24.06334800000016], [102.30222700000004, 24.061138000000092], [102.30736600000016, 24.06142499999995], [102.30923900000005, 24.060144000000008], [102.31780300000005, 24.06216499999998], [102.32112200000005, 24.060720000000146], [102.32531800000012, 24.062690000000075], [102.33089500000007, 24.059340000000006], [102.33148700000002, 24.057849000000097], [102.33084200000005, 24.056396000000134], [102.33163200000004, 24.051453999999886], [102.33023200000011, 24.04747400000018], [102.31020400000014, 24.03762799999989], [102.300816, 24.03637200000015], [102.28868500000002, 24.036276000000022], [102.28637000000003, 24.03584600000015], [102.28549200000005, 24.03453700000002], [102.28215499999999, 24.032774000000167], [102.27900800000002, 24.032883000000126], [102.27226300000007, 24.03514300000007], [102.26973100000001, 24.035359], [102.22940100000014, 24.02620200000014], [102.22364400000005, 24.011106000000048], [102.224178, 24.010900000000056], [102.22694400000006, 24.010153000000066], [102.22864500000011, 24.00901100000008], [102.25078600000012, 23.97434900000006], [102.26361900000002, 23.96487599999999], [102.26315000000011, 23.947724000000136], [102.26750200000014, 23.941891000000147], [102.26541500000012, 23.928895000000082], [102.27156900000003, 23.931053999999932], [102.28226900000001, 23.928948000000027], [102.27941200000005, 23.916265999999922], [102.27373899999998, 23.90908099999998], [102.261708, 23.902479000000042], [102.24834099999997, 23.910217000000088], [102.22592900000011, 23.900689999999905], [102.22218800000002, 23.907049000000157], [102.22095200000007, 23.907516999999892], [102.21988000000002, 23.90758100000012], [102.21830100000003, 23.907439000000096], [102.20616599999997, 23.897246999999957], [102.19992500000005, 23.896105000000055], [102.19962700000008, 23.89095700000008], [102.17981800000013, 23.885222000000027], [102.17646800000006, 23.882725000000015], [102.17582000000009, 23.881596000000037], [102.17468700000013, 23.879909000000076], [102.16740900000013, 23.882353000000144], [102.16029400000012, 23.87835900000008], [102.15853900000005, 23.877103000000076], [102.15797000000003, 23.87643099999999], [102.157581, 23.875978000000075], [102.15749000000011, 23.86709800000004], [102.14035800000013, 23.850582000000053], [102.14069399999997, 23.845267000000113], [102.1500510000001, 23.84535400000003], [102.14655700000003, 23.837823000000057], [102.133747, 23.836120000000015], [102.13381600000011, 23.832817000000105], [102.13409799999991, 23.83194699999998], [102.13558999999998, 23.829483000000117], [102.13729899999998, 23.829159000000132], [102.14133500000014, 23.828920000000075], [102.1419420000001, 23.828480000000084], [102.14191900000014, 23.821886000000013], [102.14268200000004, 23.821298000000034], [102.14529900000004, 23.82023500000001], [102.14622200000002, 23.81977700000013], [102.1468090000001, 23.81847500000005], [102.14706900000012, 23.816608000000116], [102.14703000000009, 23.815322000000116], [102.159333, 23.809182000000042], [102.15583000000007, 23.80625900000004], [102.16401300000017, 23.80349599999996], [102.16165200000003, 23.796820000000118], [102.16948300000014, 23.793473000000034], [102.17133000000001, 23.788125000000115], [102.17388600000012, 23.786448000000092], [102.17661000000008, 23.784884000000005], [102.17838300000005, 23.783595000000112], [102.18075200000013, 23.768414000000092], [102.20091300000009, 23.747064999999992], [102.20709600000008, 23.733831000000038], [102.21453899999997, 23.70410899999993], [102.21687, 23.69885200000008], [102.24540800000011, 23.672438000000028], [102.24830300000002, 23.664495000000073], [102.25907600000001, 23.65967300000007], [102.27428900000001, 23.64700700000013], [102.27656600000012, 23.639787000000133], [102.29359900000007, 23.63094400000014], [102.29306099999997, 23.62852800000008], [102.292237, 23.62667900000004], [102.29234700000003, 23.62539699999993], [102.29737499999996, 23.610668000000004], [102.29555900000005, 23.60029500000016], [102.31996200000017, 23.57837200000008], [102.31648300000009, 23.55508000000006], [102.32501300000011, 23.5510879999999], [102.33181500000016, 23.538551999999967], [102.34156800000014, 23.52929100000003], [102.35450100000006, 23.523782000000026], [102.35353499999997, 23.5189760000001], [102.35921900000005, 23.509609000000097], [102.35306300000016, 23.49450299999998], [102.35970700000011, 23.485880000000158], [102.35975300000001, 23.485832000000094], [102.362458, 23.48298999999996], [102.35349700000002, 23.47482000000005], [102.3415489999999, 23.465563000000003], [102.33391600000002, 23.451971000000093], [102.33045700000007, 23.44226900000008], [102.32644399999995, 23.430863000000123], [102.32448599999995, 23.42220100000001], [102.31832899999998, 23.41603099999994], [102.28456200000002, 23.41925500000015], [102.2633710000001, 23.428471999999914], [102.24476300000003, 23.44106600000002], [102.22222900000003, 23.44142800000013], [102.20809300000015, 23.447190000000106], [102.19327200000006, 23.447715000000024], [102.18941500000015, 23.434869000000113], [102.16730200000016, 23.405141000000043], [102.15536500000015, 23.383496000000136], [102.14815500000009, 23.358581000000036], [102.14816400000012, 23.34813200000012], [102.14198000000005, 23.336956000000008], [102.12849900000018, 23.326096000000106], [102.118604, 23.326910000000133], [102.11073700000011, 23.33453400000016], [102.08181000000016, 23.339997000000004], [102.07933800000008, 23.338830000000165], [102.07685900000013, 23.33880700000004], [102.07500900000001, 23.336504999999995], [102.07501599999998, 23.33586900000013], [102.07503500000003, 23.333352000000062], [102.07505400000018, 23.3313479999999], [102.06586100000001, 23.316389000000036], [102.05156299999996, 23.32087900000002], [102.031109, 23.318463000000044], [102.02798900000013, 23.31957499999995], [102.02423900000001, 23.321830000000098], [102.02178200000012, 23.321847999999903], [102.01300100000009, 23.330365000000185], [101.98970000000004, 23.326104000000058], [101.98296700000002, 23.334204000000035], [101.96073199999998, 23.34413600000007], [101.95274000000013, 23.35506900000015], [101.94778800000003, 23.35626999999996], [101.94406500000001, 23.356862999999997], [101.94220400000003, 23.35744799999999], [101.92790999999997, 23.35526499999994], [101.909985, 23.36629299999997], [101.90306900000012, 23.3571709999999], [101.88810700000002, 23.3509850000001], [101.88366400000001, 23.341255999999902], [101.88179800000016, 23.340707000000037], [101.87807900000011, 23.341312000000002], [101.87497700000014, 23.34076500000004], [101.87320399999999, 23.332494000000125], [101.85935600000013, 23.33397900000007], [101.84761500000016, 23.34208000000013], [101.84701599999998, 23.3443839999999], [101.84641300000001, 23.346110999999972], [101.84523500000006, 23.351850000000084], [101.82724000000009, 23.351986000000146], [101.82350199999999, 23.352580999999994], [101.81793600000015, 23.353776000000103], [101.82177400000009, 23.36979299999993], [101.82057200000011, 23.373818000000156], [101.81687199999996, 23.37614800000003], [101.79583000000002, 23.382033000000057], [101.78409200000013, 23.390152000000008], [101.75797700000012, 23.384050999999964], [101.746292, 23.398469999999996], [101.74337000000017, 23.421420000000047], [101.74462200000002, 23.422563000000117], [101.74588000000001, 23.424278000000086], [101.76881800000005, 23.420082000000008], [101.76956299999998, 23.434981999999962], [101.78328699999996, 23.442320000000038], [101.78455000000001, 23.44574999999989], [101.78270800000001, 23.44749300000013], [101.78148300000001, 23.449221999999928], [101.78088000000011, 23.451516000000105], [101.78212799999999, 23.453229000000086], [101.78462600000009, 23.45493000000014], [101.77918300000003, 23.471031000000075], [101.76511400000001, 23.485328000000138], [101.76559900000017, 23.486921999999957], [101.76713600000015, 23.48829100000016], [101.76881100000018, 23.489382000000013], [101.7632990000001, 23.50382600000016], [101.74850500000014, 23.51827800000008], [101.72797500000003, 23.51612500000011], [101.7255670000001, 23.525891000000087], [101.71195300000005, 23.534010000000038], [101.71827800000008, 23.546017000000163], [101.71399700000006, 23.555779000000165], [101.71649600000006, 23.556343999999932], [101.72023800000007, 23.557463000000055], [101.72520900000015, 23.560287000000038], [101.72525900000002, 23.565451000000003], [101.72402600000014, 23.567745000000095], [101.72337800000017, 23.569117000000105], [101.71312800000011, 23.57300700000009], [101.70434200000004, 23.57129400000011], [101.70230600000016, 23.581352999999993], [101.68271700000011, 23.601061000000037], [101.68679100000003, 23.610613000000157], [101.66518800000014, 23.60854400000003], [101.66537100000001, 23.625470000000014], [101.68157600000002, 23.6270969999999], [101.686563, 23.63048000000012], [101.68782499999989, 23.632194000000183], [101.69480900000016, 23.647063999999965], [101.69731600000003, 23.649350000000013], [101.70103900000012, 23.65045700000004], [101.70604400000018, 23.652154000000024], [101.68193800000013, 23.674107000000014], [101.68195300000005, 23.676398000000034], [101.68011100000012, 23.679265000000015], [101.678875, 23.680999000000135], [101.65127300000006, 23.654793000000062], [101.634434, 23.65089800000002], [101.619835, 23.636818999999967], [101.6165430000001, 23.63738800000006], [101.61504400000007, 23.637823000000168], [101.61382300000011, 23.640125000000033], [101.61321300000009, 23.642427000000076], [101.61326700000012, 23.649874000000025], [101.61205300000003, 23.654469000000077], [101.60954700000016, 23.655047000000117], [101.60706000000002, 23.654493000000024], [101.60207799999992, 23.655090000000122], [101.59224400000008, 23.671788999999976], [101.58790300000008, 23.674678000000092], [101.584191, 23.67755100000013], [101.58171500000003, 23.67929800000008], [101.572777, 23.69341799999998], [101.5691800000001, 23.692932], [101.56518599999995, 23.690966000000046], [101.56127600000016, 23.688234000000044], [101.55607700000006, 23.672870999999972], [101.55408200000002, 23.676724000000007], [101.54386600000011, 23.687735000000053], [101.54048600000004, 23.688772000000057], [101.53714000000005, 23.689176999999994], [101.53640400000016, 23.69075799999998], [101.54028700000009, 23.706382000000147], [101.5407830000001, 23.71141200000013], [101.53994800000012, 23.71550900000001], [101.53969200000007, 23.71924700000003], [101.54840100000017, 23.728192000000114], [101.56646800000006, 23.725258000000004], [101.57020600000007, 23.72695200000001], [101.57197600000015, 23.728158000000143], [101.57426500000001, 23.73027900000013], [101.57257100000001, 23.736339000000072], [101.57017900000015, 23.745130000000024], [101.56998100000011, 23.74606600000002], [101.55195700000004, 23.76053900000008], [101.54699700000018, 23.771121000000072], [101.54621900000011, 23.775233000000043], [101.533143, 23.7857160000001], [101.53072800000001, 23.785639000000124], [101.52761499999994, 23.785098000000126], [101.51384000000016, 23.77543400000006], [101.50140099999999, 23.78008000000007], [101.48705000000008, 23.77671799999999], [101.485413, 23.77523800000001], [101.48023300000003, 23.76689800000007], [101.47555200000015, 23.762905999999994], [101.47142799999999, 23.761236000000018], [101.46832000000005, 23.760723000000027], [101.46564900000003, 23.75987300000004], [101.45562000000014, 23.732733999999958], [101.4388050000001, 23.730548000000006], [101.43248400000006, 23.721947000000142], [101.42798299999997, 23.721590999999997], [101.42556799999991, 23.723549], [101.422924, 23.74148200000017], [101.41940700000004, 23.74021299999989], [101.41938100000002, 23.74056900000012], [101.419003, 23.742308000000122], [101.41960200000001, 23.744996000000043], [101.4096650000001, 23.75135199999996], [101.40601800000015, 23.766850000000005], [101.4060260000001, 23.769148999999977], [101.40665900000008, 23.77086300000004], [101.41727900000001, 23.774254999999947], [101.4216470000001, 23.77824300000013], [101.42352700000005, 23.78052000000006], [101.42477900000009, 23.781661000000142], [101.4246720000001, 23.785325999999984], [101.42478699999995, 23.78692100000015], [101.42448900000007, 23.78920700000011], [101.41817900000004, 23.80212300000013], [101.42187500000014, 23.813781000000155], [101.41444800000008, 23.822427000000012], [101.41070700000016, 23.82301800000006], [101.40821200000013, 23.822460999999983], [101.40341700000005, 23.825378000000022], [101.39841599999998, 23.829977999999954], [101.42671300000005, 23.847405000000002], [101.43284700000007, 23.845125999999908], [101.43312500000016, 23.845950000000137], [101.43226300000006, 23.849724000000116], [101.43231999999999, 23.85177100000002], [101.443265, 23.854241000000023], [101.44466500000001, 23.85278900000005], [101.44648500000014, 23.85115100000006], [101.44793400000013, 23.850643000000126], [101.45739800000017, 23.85171900000016], [101.45946600000003, 23.843270000000082], [101.488904, 23.874180999999986], [101.49776900000003, 23.898747000000164], [101.53225399999998, 23.920361000000078], [101.52045500000001, 23.929591000000116], [101.51618300000004, 23.94052200000003], [101.50306699999999, 23.941177000000046], [101.490029, 23.950985000000124], [101.49006000000008, 23.956715999999936], [101.48946100000009, 23.959599000000175], [101.48079000000011, 23.969945000000003], [101.477753, 23.981447999999908], [101.4484790000001, 23.9885040000001], [101.44911300000015, 23.990219000000067], [101.45288900000013, 23.995924000000123], [101.45288900000013, 23.99821600000005], [101.4423110000001, 24.01576900000004], [101.44171200000011, 24.02811399999998], [101.42099800000005, 24.031962000000043], [101.40838, 24.042080000000098], [101.4052210000001, 24.056453000000054], [101.41071400000003, 24.064978000000025], [101.40838700000005, 24.075299000000093], [101.4117970000001, 24.08197500000002], [101.40628899999993, 24.091150000000127], [101.39145400000001, 24.094377000000144], [101.38196600000012, 24.101858000000064], [101.37788000000009, 24.117919000000065], [101.38100500000002, 24.13321699999991], [101.3564840000001, 24.14250100000006], [101.35102600000005, 24.147542000000065], [101.34120200000007, 24.18413700000015], [101.34289900000014, 24.200105000000093], [101.32612600000003, 24.21588400000003], [101.30940299999989, 24.2376480000001], [101.29456400000001, 24.268266000000004], [101.27532300000014, 24.29599399999998], [101.28025100000004, 24.30352400000013], [101.27594799999999, 24.31150700000002], [101.29004699999993, 24.312474000000094], [101.2873430000001, 24.322553000000035], [101.29298500000002, 24.328741], [101.3030970000001, 24.325447000000032], [101.32950200000012, 24.331771999999965], [101.33866600000002, 24.344270000000122], [101.35615200000015, 24.34738399999994], [101.36334600000013, 24.359418000000076], [101.37910500000001, 24.362015000000014], [101.38596399999999, 24.378834000000026], [101.37648400000005, 24.405217], [101.38424700000003, 24.420414000000015], [101.39618000000007, 24.43140100000003], [101.39445600000008, 24.423591000000066], [101.399892, 24.420529000000023], [101.40918400000001, 24.405827000000023], [101.42455000000014, 24.404847000000117], [101.43815300000016, 24.39826699999996], [101.44664399999998, 24.390231000000128], [101.44447400000001, 24.381300000000138], [101.45273700000016, 24.339338000000076], [101.45874100000009, 24.329141999999962], [101.46292199999999, 24.312196000000007], [101.46943000000005, 24.306227000000135], [101.46797600000001, 24.290385000000136], [101.47685000000007, 24.285307999999993], [101.48226300000013, 24.275100000000037], [101.47678100000005, 24.265362999999887], [101.483776, 24.254428000000082], [101.4786730000001, 24.24612499999992], [101.48687100000001, 24.23676600000013], [101.48841600000013, 24.228618999999995], [101.49522100000007, 24.232144000000154], [101.50389900000009, 24.22329700000001], [101.51362599999996, 24.22318099999992], [101.5343250000001, 24.230210000000007], [101.54554500000012, 24.239514000000128], [101.55157100000008, 24.237199000000075], [101.56317599999991, 24.245419000000034], [101.5780490000001, 24.247502000000075], [101.583066, 24.25355300000016], [101.58212700000001, 24.266166000000155], [101.5983200000001, 24.291631000000024], [101.62774699999997, 24.326549999999905], [101.63046300000006, 24.342445000000026], [101.63692900000002, 24.354219999999962], [101.6521150000001, 24.373354000000027], [101.6693460000001, 24.379967000000157], [101.67918800000015, 24.36759000000015], [101.68745500000009, 24.365257000000028], [101.68779400000007, 24.35857499999996], [101.69654100000011, 24.354249000000138], [101.69332099999988, 24.349115999999896], [101.69525900000008, 24.344524], [101.70172900000003, 24.344060999999975], [101.71737400000006, 24.33401900000016], [101.72766600000004, 24.332979000000087], [101.74105500000012, 24.320231000000113], [101.746876, 24.32276099999993], [101.75716100000011, 24.31591400000015], [101.77000500000003, 24.302420999999995], [101.77135900000016, 24.28906600000007], [101.78917400000014, 24.286146000000052], [101.78937200000001, 24.29661399999994], [101.79625800000008, 24.299685999999923], [101.7979930000001, 24.30966400000012], [101.81157400000009, 24.305552999999883], [101.818589, 24.305621000000002], [101.8246429999999, 24.308208], [101.82603499999996, 24.308664000000157], [101.82331500000005, 24.29297100000005], [101.80856800000007, 24.284811999999903], [101.8109860000001, 24.275456000000005], [101.79937400000016, 24.264927000000135], [101.81198600000008, 24.263203000000132], [101.81433600000017, 24.257600999999987], [101.81051700000003, 24.250355000000056], [101.81551400000012, 24.246216000000075], [101.8193630000001, 24.247260000000125], [101.81680699999998, 24.244612000000053], [101.8269310000001, 24.252627000000103], [101.83174200000008, 24.25134500000008], [101.8265230000001, 24.240356000000162], [101.82839599999991, 24.23730400000006], [101.83253100000017, 24.238708000000052], [101.83457999999999, 24.24516600000006], [101.84409, 24.242995000000022], [101.86066500000007, 24.250764999999966], [101.87221199999998, 24.246612000000155], [101.88070400000007, 24.252571999999994], [101.89417700000016, 24.242026000000138], [101.89689699999997, 24.243405000000017], [101.89778500000008, 24.24478600000006], [101.89287700000006, 24.253354000000037], [101.90698999999992, 24.254085999999944], [101.90385100000016, 24.261111000000056], [101.90525800000005, 24.266073999999918], [101.92061300000007, 24.26542000000007], [101.93044700000017, 24.25702000000014], [101.9348000000001, 24.26540700000006], [101.93866800000004, 24.269035000000038], [101.94692700000002, 24.274857000000004], [101.9475140000001, 24.27518], [101.96751800000003, 24.274912999999934], [101.97926000000007, 24.287240000000153], [101.99905100000015, 24.297543000000154], [102.0055620000001, 24.320598000000103], [102.00567700000002, 24.336464000000134], [102.01203600000001, 24.341332000000037], [102.00361300000013, 24.35135900000003], [102.01455300000008, 24.354436000000156], [102.01908600000016, 24.363072999999893], [102.02743999999993, 24.366300999999993], [102.02903799999999, 24.3700240000001], [102.02594100000015, 24.395509000000025], [102.02535700000014, 24.39685100000004], [102.02441100000003, 24.398425000000067], [102.02278900000012, 24.400861000000006], [102.02021100000016, 24.403916000000002], [102.01813600000006, 24.405526000000165], [102.01578200000016, 24.406227999999984], [102.00272500000003, 24.406837000000017], [102.004189, 24.417395000000063], [102.01476400000013, 24.43198200000014], [102.00314800000002, 24.44698899999989], [102.00187000000015, 24.449772000000024], [102.00100400000008, 24.451806000000097], [102.00064500000005, 24.45859399999997], [102.01234899999997, 24.473681000000028], [102.00845400000011, 24.476498999999954], [101.99562900000015, 24.474863000000035], [101.98996399999996, 24.465294000000014], [101.94558400000003, 24.46678200000003], [101.9492530000001, 24.474299000000002], [101.94888300000004, 24.487464000000017], [101.94566399999997, 24.491413999999992], [101.94394700000001, 24.494535000000027], [101.94220400000003, 24.49625400000015], [101.93129400000001, 24.494613000000086], [101.926194, 24.497466000000067], [101.91971600000011, 24.50749600000004], [101.9174960000001, 24.522825000000047], [101.91557400000005, 24.52488500000014], [101.91250300000016, 24.525054999999995], [101.90876, 24.525634999999937], [101.90578900000011, 24.530071000000063], [101.90379000000009, 24.534104000000156], [101.91163300000011, 24.54318400000004], [101.91219000000001, 24.54604000000009], [101.91224700000012, 24.54879900000011], [101.90449600000005, 24.56445900000015], [101.89720600000012, 24.56441800000013], [101.90001800000002, 24.57061800000011], [101.89425700000002, 24.574604000000043], [101.8965299999999, 24.577430000000014], [101.90141300000005, 24.58285200000001], [101.91324300000011, 24.58870200000016], [101.91571100000002, 24.588864000000065], [101.91581799999992, 24.588872000000016], [101.91724500000012, 24.588966000000156], [101.932214, 24.578902000000035], [101.93729100000014, 24.58661099999999], [101.94950499999999, 24.594549000000065], [101.94227699999996, 24.619122000000026], [101.93177100000011, 24.62195700000003], [101.93612300000014, 24.630472999999967], [101.93671100000012, 24.633598999999975], [101.93531500000007, 24.63525400000004], [101.92034900000007, 24.639062000000166], [101.92116200000002, 24.626354000000127], [101.92002100000012, 24.624761999999947], [101.91827800000014, 24.623946000000018], [101.90888300000013, 24.625016000000088], [101.9057359999999, 24.626567000000165], [101.90414800000005, 24.630233999999994], [101.90585799999995, 24.63564700000005], [101.90514100000013, 24.637155000000035], [101.90107800000004, 24.63727400000002], [101.90062100000007, 24.6383319999999], [101.90219999999998, 24.639879000000086], [101.90932599999994, 24.649802000000086], [101.91298700000006, 24.655029000000027], [101.917923, 24.658004999999974], [101.92339700000002, 24.655764000000005], [101.92467200000002, 24.654669000000084], [101.92509899999999, 24.654391999999994], [101.92554500000011, 24.654595999999998], [101.92735000000008, 24.65592600000017], [101.927933, 24.656317000000016], [101.93039400000005, 24.663739000000028], [101.93496399999998, 24.667861000000023], [101.93461300000007, 24.669835000000106], [101.93453300000003, 24.670290000000094], [101.93474200000009, 24.675462000000103], [101.93638299999998, 24.676301000000066], [101.93811100000013, 24.676312999999908], [101.94135700000012, 24.671321000000134], [101.9420630000001, 24.673009999999998], [101.94233800000003, 24.675187000000086], [101.94277600000012, 24.676957000000165], [101.94999700000002, 24.683794999999996], [101.94033500000012, 24.6826090000001], [101.94316500000015, 24.691692000000053], [101.94034599999996, 24.701725000000096], [101.93571500000013, 24.705222999999975], [101.93953000000013, 24.710245000000008], [101.93157699999998, 24.7092800000001], [101.934449, 24.726366], [101.93245000000016, 24.747057000000105], [101.93988100000004, 24.74969399999989], [101.93676499999997, 24.752334000000097], [101.93738200000004, 24.757534999999933], [101.94084300000006, 24.760239999999925], [101.94374500000018, 24.771450000000094], [101.95596400000008, 24.780340000000066], [101.97053900000006, 24.781043000000146], [101.97368300000014, 24.788260000000072], [101.97856600000003, 24.790693999999938], [101.98472300000017, 24.815271999999958], [101.987763, 24.81776300000009], [101.99267600000007, 24.815518000000147], [101.99569000000005, 24.819981000000112], [102.00674900000007, 24.822449000000034], [102.00705400000001, 24.833385000000007], [101.99374399999998, 24.86155800000003], [101.99374399999998, 24.866268999999996], [101.99552200000001, 24.871241000000154], [102.00049199999992, 24.87497000000014], [102.03491600000004, 24.870375000000088], [102.03849000000017, 24.867610000000106], [102.05863600000012, 24.870713000000165], [102.07688600000006, 24.867599000000084], [102.07388000000003, 24.890196999999972], [102.07602800000012, 24.8917390000001], [102.07873999999998, 24.892293000000024], [102.0832070000001, 24.887903000000144], [102.09030600000003, 24.887047000000017], [102.089157, 24.889512000000046], [102.08585000000011, 24.891443999999943], [102.08416800000003, 24.893399000000137], [102.08461799999996, 24.897381000000095], [102.08620100000002, 24.899393000000124], [102.08836800000009, 24.899934999999942], [102.09272800000005, 24.90001900000005], [102.09921700000015, 24.908678000000094], [102.10923899999999, 24.911171000000046], [102.12065500000006, 24.928739000000036], [102.11977800000015, 24.945490000000014], [102.12069800000006, 24.946895999999995], [102.12307800000016, 24.951957000000057], [102.12299400000015, 24.955147000000032], [102.13003600000016, 24.95345000000013], [102.14116700000002, 24.942734000000065], [102.15953500000003, 24.935703000000075], [102.16057999999998, 24.92938900000008], [102.16513900000007, 24.926748000000053], [102.16917100000009, 24.924990999999984], [102.17265800000004, 24.92505399999996], [102.19330300000016, 24.90974700000008], [102.218579, 24.906457000000003], [102.22571600000006, 24.912706000000043]]]}}, {"type": "Feature", "properties": {"name": "红河哈尼族彝族自治州", "kind": "0137", "admin_code": "532527", "code_1": 5325}, "geometry": {"type": "Polygon", "coordinates": [[[104.00348400000007, 24.451400999999983], [103.98608800000002, 24.438109000000118], [103.96755300000004, 24.443218000000066], [103.95882099999992, 24.44199800000002], [103.93876300000004, 24.427975000000067], [103.91075500000008, 24.395113999999943], [103.90599500000005, 24.383564000000057], [103.88746700000004, 24.377389000000015], [103.88153500000003, 24.368301000000002], [103.86255700000008, 24.36383700000013], [103.85061000000005, 24.34526600000011], [103.836514, 24.3123560000001], [103.81984400000005, 24.305610000000065], [103.81509800000012, 24.300493999999986], [103.81587999999991, 24.290146000000078], [103.81305300000002, 24.286146000000052], [103.81543000000005, 24.270998000000098], [103.80791200000002, 24.259878], [103.78379100000005, 24.25013200000008], [103.78594300000012, 24.238108000000146], [103.78257799999997, 24.219292000000017], [103.77475800000015, 24.208765000000042], [103.72607400000008, 24.200306000000026], [103.70760700000014, 24.201615000000153], [103.694711, 24.2078640000001], [103.68786700000003, 24.18540700000007], [103.67122700000007, 24.189858000000108], [103.6429939999999, 24.178273999999902], [103.63450299999998, 24.17140300000009], [103.625149, 24.157348999999975], [103.62672900000015, 24.143961999999974], [103.60204300000008, 24.131677000000117], [103.58892100000007, 24.12011700000003], [103.57972300000002, 24.106236000000102], [103.57231900000008, 24.086692000000042], [103.57878900000019, 24.069625000000116], [103.57891100000015, 24.05183700000004], [103.59044600000013, 24.04448600000004], [103.612373, 24.022325999999985], [103.61460900000009, 24.01588199999989], [103.63519400000013, 23.9935020000001], [103.63596400000007, 23.989703000000006], [103.63777600000007, 23.98486599999992], [103.62882300000004, 23.972502000000006], [103.64144500000006, 23.97472900000006], [103.67697200000006, 23.942198000000147], [103.69052500000004, 23.947200000000038], [103.69336300000002, 23.94555199999993], [103.69589599999999, 23.941618000000034], [103.6998869999999, 23.937206000000025], [103.69927200000008, 23.93202300000008], [103.6864360000001, 23.922933999999984], [103.69079600000008, 23.916260000000044], [103.70243900000011, 23.90845000000008], [103.69995900000008, 23.896713999999996], [103.70586000000019, 23.892146000000047], [103.68650500000012, 23.88430100000003], [103.6814810000001, 23.875593000000016], [103.6610380000001, 23.871126000000075], [103.658905, 23.868870999999928], [103.6645290000001, 23.85513200000011], [103.65326700000017, 23.838135999999935], [103.65059300000007, 23.827926000000076], [103.64101099999996, 23.825788000000017], [103.64040000000011, 23.821455000000057], [103.64137999999994, 23.819698000000166], [103.65259900000014, 23.819404000000176], [103.65060000000011, 23.816337000000075], [103.64828900000003, 23.81257400000012], [103.64272800000018, 23.766637999999965], [103.62896800000013, 23.750706999999885], [103.63691700000005, 23.740888000000048], [103.63841300000001, 23.741165000000052], [103.64313199999995, 23.743191999999993], [103.6442300000001, 23.7411720000001], [103.64223600000014, 23.73712200000002], [103.64050800000017, 23.73381100000016], [103.64495900000003, 23.729478000000114], [103.64612700000004, 23.722926000000058], [103.64770199999997, 23.71855200000008], [103.64884200000014, 23.717211000000148], [103.64796900000003, 23.715061999999975], [103.64601200000011, 23.713582000000002], [103.64493700000017, 23.71233300000013], [103.65062400000015, 23.704647000000122], [103.64708700000006, 23.69420099999993], [103.64909400000003, 23.692560000000043], [103.65130300000001, 23.68916400000016], [103.64777800000005, 23.689207000000167], [103.64490200000003, 23.689059], [103.6447260000001, 23.685222000000138], [103.64488700000011, 23.683332000000078], [103.64497800000001, 23.680977000000006], [103.65881000000013, 23.669787000000063], [103.66073700000007, 23.65587800000013], [103.65813900000003, 23.650705000000038], [103.65371000000005, 23.646040000000056], [103.64938000000006, 23.64028100000015], [103.64822000000001, 23.637251999999997], [103.64796900000003, 23.633378999999998], [103.64750700000018, 23.631723999999934], [103.63747100000006, 23.62394900000011], [103.63288500000004, 23.60571200000001], [103.61774100000007, 23.59604400000015], [103.61583700000008, 23.593416999999953], [103.61518200000008, 23.589704999999952], [103.61246200000008, 23.58686199999991], [103.58538100000001, 23.579878000000164], [103.59043099999995, 23.569061000000005], [103.59194999999997, 23.545030000000033], [103.59539800000005, 23.541096000000138], [103.59952600000001, 23.537397000000148], [103.60557200000004, 23.53218300000004], [103.62501150000007, 23.5266930000001], [103.63466300000007, 23.519586000000125], [103.64279600000012, 23.510458999999997], [103.64714100000009, 23.51050399999999], [103.65298100000012, 23.510148000000108], [103.65883700000006, 23.511407000000005], [103.672425, 23.52680800000011], [103.67799400000007, 23.529144000000123], [103.68054600000002, 23.528492000000178], [103.68708800000005, 23.52350200000013], [103.69111300000002, 23.521400999999933], [103.69267300000013, 23.52104500000005], [103.69474500000015, 23.522285999999973], [103.70475100000009, 23.54471200000001], [103.708142, 23.546577000000134], [103.71309699999999, 23.550005000000084], [103.7180490000001, 23.551856000000114], [103.72292000000007, 23.553015000000087], [103.72638700000005, 23.55193500000008], [103.73008700000011, 23.54828600000014], [103.73184199999994, 23.54414500000017], [103.73323100000002, 23.54080500000004], [103.74365200000001, 23.54299200000016], [103.74530100000003, 23.540169], [103.74552200000002, 23.538158000000053], [103.74370600000003, 23.537259999999918], [103.74010499999999, 23.538043000000044], [103.73678999999997, 23.537209000000047], [103.73488199999994, 23.533458000000017], [103.73347500000014, 23.530953000000054], [103.72050500000009, 23.52556900000009], [103.71805199999999, 23.524274000000055], [103.7177700000001, 23.52169800000008], [103.71974999999989, 23.519333000000152], [103.72395000000003, 23.517629000000028], [103.73028200000009, 23.515327000000163], [103.73300200000008, 23.513355999999973], [103.73120500000007, 23.495661999999953], [103.75351000000015, 23.497992999999994], [103.76586200000003, 23.503423000000033], [103.77477299999997, 23.494665000000147], [103.79209600000011, 23.49257800000013], [103.79512900000006, 23.495864000000054], [103.797127, 23.496578000000156], [103.798924, 23.49577200000008], [103.78659500000006, 23.47630400000009], [103.78830000000009, 23.474100999999983], [103.79132500000009, 23.472118000000044], [103.79723800000014, 23.472450999999886], [103.80279200000012, 23.47331000000017], [103.80477900000004, 23.473455000000087], [103.80704200000005, 23.470901000000154], [103.80760600000018, 23.466821999999986], [103.80699500000007, 23.462587000000056], [103.80611000000003, 23.457214000000114], [103.80302000000016, 23.453468000000143], [103.79962900000007, 23.451449000000068], [103.79692499999999, 23.44854299999988], [103.80093400000004, 23.44598100000008], [103.80766700000007, 23.442624000000144], [103.81407200000014, 23.437119000000116], [103.8175280000001, 23.431227000000042], [103.81548700000016, 23.41835200000004], [103.80153300000005, 23.408254000000127], [103.80531700000014, 23.403101999999997], [103.80946699999997, 23.398008000000047], [103.81136300000017, 23.393754000000143], [103.81382400000004, 23.37366000000005], [103.80997800000014, 23.36692300000005], [103.80635900000003, 23.360781000000074], [103.80619100000015, 23.35756300000009], [103.81350400000004, 23.34058300000008], [103.81644500000002, 23.343119000000122], [103.81815000000005, 23.344754000000044], [103.81910800000009, 23.346086000000035], [103.82121700000015, 23.354544000000054], [103.82322000000013, 23.3551249999999], [103.824822, 23.355497000000035], [103.85221100000007, 23.335980000000077], [103.88100900000003, 23.329982000000115], [103.88714600000012, 23.32186200000008], [103.90171400000006, 23.315959999999983], [103.90990100000012, 23.307055000000013], [103.92453000000012, 23.273879000000107], [103.93333100000001, 23.261246000000057], [103.92659400000001, 23.246617000000057], [103.91056500000016, 23.234878999999985], [103.90686800000017, 23.202028999999968], [103.9116440000001, 23.194269000000055], [103.91177400000001, 23.18700500000015], [103.92228000000011, 23.17603600000011], [103.92934100000011, 23.15824099999999], [103.93967900000015, 23.14558499999999], [103.93556600000002, 23.122927000000026], [103.935933, 23.101254000000026], [103.93639000000016, 23.100392000000028], [103.94427900000008, 23.0937779999999], [103.936474, 23.07808600000014], [103.94029300000015, 23.069088000000114], [103.93079400000006, 23.05678200000012], [103.93276600000016, 23.044582000000013], [103.95337800000013, 23.012536000000082], [103.9542779999999, 22.99993899999999], [103.95241300000004, 22.99876500000002], [103.95128700000012, 22.996157999999966], [103.94781900000007, 22.98578199999988], [103.946267, 22.958335000000062], [103.9335790000001, 22.95385800000018], [103.92368400000011, 22.937904000000152], [103.90728000000016, 22.920795000000126], [103.91569200000018, 22.897162000000137], [103.9116870000001, 22.88810800000001], [103.91747000000004, 22.85513600000011], [103.91239600000014, 22.833243000000024], [103.904206, 22.821678000000055], [103.88610900000012, 22.822784000000084], [103.88061900000008, 22.81898699999998], [103.8949970000001, 22.806646000000022], [103.88878700000001, 22.78559699999996], [103.90425200000007, 22.745051000000082], [103.90364200000005, 22.741160000000015], [103.89122400000002, 22.72953900000003], [103.89098799999996, 22.725014999999992], [103.90578900000006, 22.728184000000006], [103.9085740000001, 22.71504500000001], [103.91745400000013, 22.707195000000112], [103.94953200000005, 22.711878000000162], [103.96464600000003, 22.702444000000035], [103.98794199999995, 22.712084999999973], [103.99990900000003, 22.729558000000004], [103.99952, 22.751955000000045], [104.00756900000002, 22.754914000000007], [104.01149800000005, 22.74937700000008], [104.02211799999998, 22.762186999999948], [104.0264820000001, 22.786948000000095], [104.03007100000005, 22.792765000000003], [104.03732800000009, 22.799789999999945], [104.03789200000003, 22.80210700000007], [104.03661399999999, 22.803793999999947], [104.032971, 22.801457000000113], [104.03109800000011, 22.80198300000003], [104.02982800000001, 22.803105000000045], [104.03573700000007, 22.81469000000007], [104.02523500000012, 22.81333499999996], [104.02066800000009, 22.824745999999976], [104.02186200000011, 22.827071000000053], [104.02489100000008, 22.82883500000017], [104.02671499999994, 22.830593000000142], [104.02899600000009, 22.83926300000003], [104.0413219999999, 22.84236999999998], [104.04595299999998, 22.829847000000058], [104.06524300000017, 22.82619699999995], [104.06952300000009, 22.82916100000014], [104.07135800000003, 22.830348000000036], [104.06822200000009, 22.831427000000048], [104.06321800000012, 22.833043999999994], [104.06337400000007, 22.83334900000009], [104.0644200000001, 22.835376000000117], [104.07796100000014, 22.839085000000047], [104.09783600000006, 22.877695000000053], [104.11279000000005, 22.88278300000004], [104.11338099999992, 22.889983000000157], [104.11645900000012, 22.897295999999947], [104.11936600000013, 22.898308000000014], [104.1370390000001, 22.900598000000038], [104.13633400000003, 22.888443000000017], [104.14322700000015, 22.884542000000096], [104.14793500000013, 22.868575000000057], [104.15295900000015, 22.86521800000012], [104.15484600000015, 22.86411100000001], [104.16530999999989, 22.866594000000106], [104.16776300000006, 22.867786000000144], [104.16895700000009, 22.869534], [104.17416800000014, 22.873024000000107], [104.17775700000008, 22.865105000000007], [104.17842900000008, 22.862821000000032], [104.173737, 22.850109000000018], [104.17625100000001, 22.84842800000002], [104.18002700000014, 22.846201000000143], [104.18437600000001, 22.84570199999998], [104.18805700000001, 22.846933000000135], [104.2160000000001, 22.873901000000018], [104.22526200000013, 22.87579700000004], [104.22842800000006, 22.872407000000038], [104.23035100000001, 22.86956800000015], [104.23398600000004, 22.867304000000054], [104.25888800000004, 22.875316000000034], [104.27404500000003, 22.866154000000115], [104.27991900000004, 22.84837599999998], [104.27882400000003, 22.838616999999964], [104.27329299999998, 22.83116099999998], [104.26758300000004, 22.840441000000155], [104.2594190000001, 22.844876000000028], [104.25154000000003, 22.84103000000004], [104.24116999999998, 22.84415099999999], [104.22142000000002, 22.82980299999997], [104.21611999999999, 22.83210899999999], [104.18987000000001, 22.822974999999992], [104.18352900000018, 22.826730999999903], [104.17325999999997, 22.820971], [104.17167000000003, 22.821488999999964], [104.16875000000002, 22.822767000000013], [104.16554, 22.82281100000001], [104.16337999999998, 22.821353999999985], [104.16226999999998, 22.818642000000033], [104.15982999999997, 22.816443999999983], [104.15580999999997, 22.815507999999987], [104.13998, 22.80783499999999], [104.13702000000004, 22.806386999999994], [104.12698000000003, 22.813956999999995], [104.11512500000006, 22.811652999999964], [104.09426000000003, 22.788610000000034], [104.09176999999997, 22.78294200000002], [104.08932000000004, 22.775374999999997], [104.08605000000001, 22.771204000000033], [104.06419, 22.75636699999997], [104.04304000000002, 22.732442999999968], [104.03431999999998, 22.70280800000004], [104.03322, 22.70059000000002], [104.02968999999996, 22.696173000000044], [104.02804999999998, 22.694211999999972], [104.0293780000001, 22.687667000000133], [104.03959999999995, 22.68029599999999], [104.03044999999997, 22.65711000000004], [104.02556807794437, 22.615631869192597], [104.02026, 22.598846000000016], [104.01916000000001, 22.59687799999999], [104.01755000000003, 22.596153000000044], [104.01455999999999, 22.592722000000023], [104.01361, 22.582072999999994], [104.00661, 22.577452000000008], [104.01447000000002, 22.56743800000003], [104.00962, 22.564771999999977], [104.01375999999996, 22.555795999999994], [104.01228, 22.545898000000022], [104.00501000000003, 22.541031000000025], [104.01070000000001, 22.52915200000001], [104.01011000000004, 22.524944000000005], [104.00847999999999, 22.523230000000027], [104.00687000000002, 22.52176299999997], [103.99031999999997, 22.520726999999965], [103.97951999999997, 22.511688000000007], [103.97717000000003, 22.51099800000003], [103.97475, 22.509541], [103.9726, 22.508823000000014], [103.96811999999997, 22.512347999999996], [103.96326000000002, 22.50794600000001], [103.95266999999998, 22.51402300000003], [103.94979, 22.51703500000002], [103.94775000000004, 22.52350399999996], [103.94485, 22.526265999999964], [103.94087000000002, 22.527802000000044], [103.93688000000003, 22.52859300000003], [103.93343000000003, 22.529378999999963], [103.92511999999999, 22.54078100000003], [103.91847300000006, 22.534874000000137], [103.9165390000001, 22.534996000000106], [103.9145859999999, 22.536093000000015], [103.91503000000003, 22.544618999999976], [103.89479999999998, 22.56667499999996], [103.89188000000004, 22.568197000000033], [103.88924, 22.570210999999965], [103.88738000000004, 22.570728000000017], [103.88304999999997, 22.565821], [103.87683900000015, 22.5664659999999], [103.86121, 22.58813999999998], [103.85697999999996, 22.590915999999986], [103.84927563056979, 22.594220107407217], [103.84790423570342, 22.595256592253342], [103.83563999999998, 22.611490000000003], [103.83113000000003, 22.614019], [103.82533000000002, 22.617504000000046], [103.82386115155101, 22.618476095037664], [103.81621999999996, 22.634961999999994], [103.79680000000005, 22.659722999999964], [103.78065500000011, 22.668938000000182], [103.76871500000001, 22.688910000000043], [103.76693000000012, 22.690176000000072], [103.76640628874281, 22.690242373128136], [103.76522000000003, 22.691210000000005], [103.76147, 22.69050800000001], [103.75613000000003, 22.689574999999998], [103.75319000000005, 22.689855999999978], [103.73876726802146, 22.70239344239731], [103.73893400000009, 22.711486999999963], [103.73818300000012, 22.713204000000097], [103.73529759473065, 22.715552821131737], [103.73383000000001, 22.717507999999967], [103.70239999999998, 22.745861000000048], [103.69762, 22.74764800000002], [103.69205000000001, 22.74816100000001], [103.67995, 22.764651999999977], [103.66827999999995, 22.77121900000003], [103.66105999999996, 22.78858899999998], [103.64651100000019, 22.796265000000048], [103.64262000000012, 22.794802999999966], [103.64034000000004, 22.798225000000038], [103.63573, 22.792322000000034], [103.63849455474698, 22.78788335746438], [103.62929999999999, 22.791396999999968], [103.61884000000005, 22.786956000000046], [103.61978999999997, 22.775155999999996], [103.61034999999995, 22.767815000000027], [103.60971000000004, 22.75864799999996], [103.58140999999998, 22.72999200000003], [103.5659, 22.705105000000025], [103.56543999999997, 22.688001999999962], [103.57858000000004, 22.669028999999988], [103.57494999999997, 22.655675999999957], [103.57057999999998, 22.645225999999965], [103.55396, 22.639436999999972], [103.54380999999997, 22.614243999999964], [103.53538999999998, 22.60192900000002], [103.53268000000001, 22.598235999999993], [103.52999999999996, 22.596773000000006], [103.52802196531805, 22.595961000000052], [103.52780600000014, 22.595961000000052], [103.51156600000007, 22.60163500000003], [103.50846000000004, 22.603920000000002], [103.50760999999997, 22.611885], [103.48771000000002, 22.622731999999978], [103.475381, 22.64163600000002], [103.45726400000005, 22.658479000000064], [103.45760700000001, 22.681063000000123], [103.433483, 22.701497000000103], [103.4300160000001, 22.73361000000007], [103.44204399999992, 22.743491000000148], [103.44130400000006, 22.75362700000001], [103.41945961058931, 22.76313277372941], [103.41302100000009, 22.7761219999999], [103.39970999999998, 22.781200000000034], [103.38956943103395, 22.78139602995497], [103.38299200000006, 22.790748999999913], [103.37304000000015, 22.797813000000055], [103.35957999999998, 22.803367999999956], [103.32151100000006, 22.810745000000153], [103.31788, 22.796658999999963], [103.31908, 22.78326000000004], [103.31878999999998, 22.781278999999998], [103.30899999999997, 22.761850000000038], [103.30193800000009, 22.757201000000137], [103.28494, 22.732538000000012], [103.28741000000001, 22.70936000000001], [103.28034, 22.69652400000004], [103.28109999999998, 22.691311000000013], [103.28264999999999, 22.686338000000042], [103.28156000000004, 22.683125000000025], [103.26255068412041, 22.67133362544638], [103.24508999999999, 22.66779099999996], [103.22902999999998, 22.65581899999998], [103.22525353954434, 22.64854531982101], [103.20958419625532, 22.646358133832067], [103.19408000000003, 22.651437999999956], [103.18474700000007, 22.64263000000002], [103.1841290000001, 22.63028500000017], [103.16738999999995, 22.62039199999999], [103.1655, 22.618669999999973], [103.16199, 22.61323900000003], [103.16007999999998, 22.607800000000047], [103.15839000000004, 22.59739700000003], [103.15782000000004, 22.592936999999957], [103.15858999999998, 22.589708000000044], [103.15909000000005, 22.58524100000001], [103.16304999999997, 22.579758000000027], [103.16909999999996, 22.56954600000001], [103.17786000000001, 22.56241400000001], [103.18049999999997, 22.559171999999997], [103.156525, 22.541714000000134], [103.14677999999998, 22.546271999999966], [103.14464999999996, 22.546040000000048], [103.14197, 22.54506700000001], [103.12003000000001, 22.523245000000024], [103.08500999999995, 22.51356499999997], [103.08238182078428, 22.511557952580333], [103.08167300000017, 22.511202999999938], [103.07984599999999, 22.509452999999915], [103.07026700000003, 22.490980999999998], [103.07278999999997, 22.486122000000044], [103.07277, 22.483643000000008], [103.07114999999999, 22.48142100000001], [103.07087000000001, 22.47919099999998], [103.07904, 22.466737999999985], [103.07898000000002, 22.459298999999987], [103.07841000000002, 22.453847999999986], [103.07598000000004, 22.45014400000003], [103.07500874752542, 22.44949770555673], [103.07330700000003, 22.448897000000144], [103.07026000000016, 22.44811800000017], [103.05746499999995, 22.45140500000018], [103.05035999999996, 22.446842000000025], [103.03003300000012, 22.444175999999885], [103.01320300000009, 22.45466599999999], [103.00820200000001, 22.461878000000034], [102.99027999999996, 22.465797000000023], [102.9915199999999, 22.475432000000083], [102.98364000000008, 22.48146599999992], [102.96275690711047, 22.479102245441787], [102.95550000000003, 22.48658899999996], [102.94881000000001, 22.484643999999967], [102.92776000000005, 22.487000000000037], [102.92277279912796, 22.49882207068128], [102.9229280000001, 22.506804000000024], [102.91083793085295, 22.511856462828675], [102.90710999999996, 22.526274], [102.89082104688802, 22.53771089246961], [102.89513000000011, 22.546205000000107], [102.87908200000012, 22.558029000000012], [102.88263300000013, 22.56706900000014], [102.87727000000004, 22.574796999999982], [102.87263200000007, 22.575725000000112], [102.87877700000011, 22.589981000000158], [102.86596000000003, 22.600779999999986], [102.85962, 22.610732999999982], [102.85588000000001, 22.61125000000004], [102.84975000000004, 22.611530000000023], [102.84414999999997, 22.612799000000038], [102.84002699999999, 22.619472000000073], [102.82508999999999, 22.62647599999996], [102.79453910667435, 22.624461640715346], [102.78878999999998, 22.628145000000032], [102.78401, 22.632633000000027], [102.78203719109868, 22.635412613296268], [102.78611400000008, 22.64358900000014], [102.78566500000005, 22.64451899999991], [102.78445260942483, 22.645415735462507], [102.78434999999996, 22.645775], [102.75901999999999, 22.652096000000043], [102.74921800000013, 22.66982600000003], [102.72860770485269, 22.670650198973455], [102.726865, 22.67352400000002], [102.72571300000007, 22.675681000000147], [102.72464100000002, 22.676441000000146], [102.71015557854348, 22.683003480110855], [102.7061700000001, 22.695601000000053], [102.69041999999999, 22.703212999999977], [102.65517500000013, 22.691388000000167], [102.60619800000016, 22.733835000000035], [102.60043999999999, 22.734669000000032], [102.58597, 22.72430800000003], [102.5835, 22.708444999999976], [102.56879000000005, 22.704778999999967], [102.56372500000009, 22.722605000000073], [102.54945400000005, 22.736345000000057], [102.54987000000001, 22.747032000000033], [102.54079000000004, 22.748552000000032], [102.50683700000016, 22.778289999999956], [102.48619899999991, 22.780658000000045], [102.47997000000001, 22.777513999999968], [102.47995000000004, 22.773544000000022], [102.47833999999997, 22.771565999999964], [102.46819000000002, 22.771098999999964], [102.45695000000003, 22.766171999999976], [102.45559999999998, 22.761960999999985], [102.45157000000003, 22.75577200000003], [102.45049000000003, 22.75180799999996], [102.45309934692479, 22.731532682587584], [102.440953, 22.722897000000074], [102.44089732026282, 22.72209799577054], [102.44049999999999, 22.720092999999977], [102.44020999999998, 22.714141999999995], [102.43374999999997, 22.701511000000018], [102.4085360000001, 22.685249999999904], [102.39534, 22.689822999999997], [102.39197999999999, 22.689373000000067], [102.38972999999999, 22.689092999999993], [102.38411000000005, 22.684395000000038], [102.38197, 22.682168999999973], [102.38249000000003, 22.67844800000003], [102.38515000000004, 22.673233000000018], [102.38832999999997, 22.665784999999985], [102.40402, 22.643426999999974], [102.41655100000014, 22.64084000000006], [102.41787999999997, 22.636200000000017], [102.40080000000003, 22.631378000000012], [102.39063000000003, 22.62148300000002], [102.38579999999999, 22.61331200000003], [102.38230999999996, 22.60612899999999], [102.37213999999996, 22.597471000000027], [102.34756999999999, 22.593559], [102.3457569999999, 22.583737999999997], [102.35413027223467, 22.566851078595576], [102.31515900000014, 22.556942000000134], [102.29291600000005, 22.574150000000003], [102.27577700000003, 22.614423000000116], [102.26214300000011, 22.608038000000107], [102.2462580000001, 22.60998000000003], [102.23393700000011, 22.61534000000014], [102.223668, 22.62516400000012], [102.21474100000006, 22.627937000000053], [102.19689600000007, 22.61695299999993], [102.17938700000016, 22.62679900000004], [102.15130600000003, 22.628232000000125], [102.10890199999992, 22.64618499999991], [102.0799330000001, 22.654193000000177], [102.05795300000003, 22.69097200000003], [102.05579000000002, 22.726584000000138], [102.02902199999998, 22.7500170000001], [102.00959100000003, 22.78001299999997], [101.9959610000001, 22.78717600000013], [101.99261100000003, 22.790480000000123], [101.98764800000008, 22.79589200000001], [101.98490200000006, 22.79795500000008], [101.97722700000008, 22.798501999999957], [101.96935300000015, 22.797410000000106], [101.965622, 22.797805000000103], [101.96340600000015, 22.79906900000006], [101.95771100000003, 22.802460999999965], [101.95274800000008, 22.805394999999983], [101.94851000000008, 22.81092100000015], [101.9426320000001, 22.816329000000145], [101.9215860000001, 22.826466000000003], [101.91057299999999, 22.821990000000113], [101.89964400000005, 22.80021700000001], [101.8857090000001, 22.800104000000076], [101.85960000000006, 22.813255000000176], [101.85088699999991, 22.824976000000085], [101.8361670000001, 22.83149000000011], [101.82233100000016, 22.844033000000174], [101.81797499999999, 22.856546999999885], [101.80045399999999, 22.879190000000115], [101.8036500000001, 22.884406000000034], [101.81371300000015, 22.88808900000012], [101.83179500000003, 22.910895000000075], [101.85109800000004, 22.920821000000146], [101.84969800000002, 22.932171999999994], [101.85696100000003, 22.938207999999996], [101.86035999999999, 22.942500000000024], [101.85525200000002, 22.971593000000134], [101.85999700000005, 22.977039000000076], [101.86492600000003, 22.979476000000098], [101.869168, 22.985444000000065], [101.86647900000008, 22.993124999999928], [101.86743599999997, 22.999899000000056], [101.87570600000006, 23.015208000000186], [101.89667900000005, 23.019005000000114], [101.90538000000001, 23.012295000000037], [101.92649900000018, 23.013583000000025], [101.94133799999997, 23.016040000000103], [101.94437500000008, 23.017894000000027], [101.94945500000011, 23.020416000000154], [101.95279800000006, 23.023813000000025], [101.96315800000005, 23.024713000000062], [101.96581700000016, 23.021937999999963], [101.96748800000003, 23.01945200000015], [101.96743800000016, 23.011763999999978], [101.96827000000008, 23.009269000000046], [101.96817500000003, 23.003505000000168], [101.96081600000008, 22.999963000000022], [101.95916799999989, 22.99787000000004], [101.9590000000001, 22.997033000000066], [101.96038400000003, 22.99499100000004], [101.96325700000008, 22.993371999999937], [101.96595100000005, 22.99205700000011], [101.98417300000014, 22.991223000000026], [102.00226299999999, 22.99312400000011], [102.00521500000016, 22.99579200000006], [102.00590600000014, 22.997022000000044], [102.0072329999999, 22.997899000000046], [102.01376100000002, 22.991504000000006], [102.02930100000015, 23.008223000000008], [102.03615600000015, 23.02136099999992], [102.0391740000001, 23.02178400000001], [102.04181400000004, 23.021236000000144], [102.04403700000012, 23.021886000000016], [102.04525100000004, 23.032476000000045], [102.05484800000005, 23.043339000000017], [102.05740400000016, 23.057140000000075], [102.05553800000013, 23.05827400000011], [102.05055600000003, 23.06052000000014], [102.04299600000014, 23.077686], [102.056565, 23.08580400000013], [102.06760400000016, 23.099050000000098], [102.0631720000001, 23.10819500000003], [102.04273600000013, 23.109806000000013], [102.03336000000009, 23.11950099999998], [102.0357710000001, 23.130406000000136], [102.02267500000002, 23.140646000000075], [102.00024100000002, 23.14393899999996], [101.99357300000004, 23.148375000000087], [101.99298500000006, 23.151823999999998], [102.0016939999999, 23.158071000000135], [102.0023010000001, 23.159803999999994], [102.0022020000001, 23.16610399999999], [101.98074400000012, 23.16797700000015], [101.98241800000007, 23.169501000000125], [101.98514999999998, 23.171968000000142], [101.98635900000001, 23.174218999999965], [101.988946, 23.184523000000134], [101.98221200000008, 23.189755000000133], [101.96917800000006, 23.175402000000055], [101.94419100000013, 23.15640100000016], [101.93974399999999, 23.14890700000005], [101.93199900000016, 23.149917000000045], [101.920086, 23.15922699999995], [101.90998899999998, 23.162225000000113], [101.88506700000002, 23.15150700000006], [101.832486, 23.167923999999942], [101.82639400000008, 23.179442000000016], [101.84096599999998, 23.21659300000001], [101.8311240000001, 23.22756300000004], [101.823864, 23.24653700000001], [101.828835, 23.252780000000172], [101.84758499999998, 23.258005000000125], [101.85244800000001, 23.265748000000052], [101.8662150000001, 23.261000000000045], [101.86782900000006, 23.26155100000007], [101.86835900000003, 23.266083999999964], [101.86925599999992, 23.26730700000008], [101.87556100000015, 23.26738300000015], [101.88575000000012, 23.29263500000016], [101.889409, 23.295734000000067], [101.8911750000001, 23.298256000000016], [101.87217400000003, 23.308631000000112], [101.87865899999989, 23.31429500000015], [101.87368100000002, 23.32351700000006], [101.87608400000008, 23.330412000000166], [101.87320399999999, 23.332494000000125], [101.87378700000008, 23.339621000000065], [101.88366400000001, 23.341255999999902], [101.88810700000002, 23.3509850000001], [101.90306900000012, 23.3571709999999], [101.909985, 23.36629299999997], [101.92790999999997, 23.35526499999994], [101.94220400000003, 23.35744799999999], [101.94406500000001, 23.356862999999997], [101.94778800000003, 23.35626999999996], [101.95274000000013, 23.35506900000015], [101.96073199999998, 23.34413600000007], [101.98296700000002, 23.334204000000035], [101.98970000000004, 23.326104000000058], [102.01300100000009, 23.330365000000185], [102.02178200000012, 23.321847999999903], [102.02423900000001, 23.321830000000098], [102.02798900000013, 23.31957499999995], [102.031109, 23.318463000000044], [102.05156299999996, 23.32087900000002], [102.06586100000001, 23.316389000000036], [102.07505400000018, 23.3313479999999], [102.07503500000003, 23.333352000000062], [102.07501599999998, 23.33586900000013], [102.07500900000001, 23.336504999999995], [102.07685900000013, 23.33880700000004], [102.07933800000008, 23.338830000000165], [102.08181000000016, 23.339997000000004], [102.11073700000011, 23.33453400000016], [102.118604, 23.326910000000133], [102.12849900000018, 23.326096000000106], [102.14198000000005, 23.336956000000008], [102.14816400000012, 23.34813200000012], [102.14815500000009, 23.358581000000036], [102.15536500000015, 23.383496000000136], [102.16730200000016, 23.405141000000043], [102.18941500000015, 23.434869000000113], [102.19327200000006, 23.447715000000024], [102.20809300000015, 23.447190000000106], [102.22222900000003, 23.44142800000013], [102.24476300000003, 23.44106600000002], [102.2633710000001, 23.428471999999914], [102.28456200000002, 23.41925500000015], [102.31832899999998, 23.41603099999994], [102.32448599999995, 23.42220100000001], [102.32644399999995, 23.430863000000123], [102.33045700000007, 23.44226900000008], [102.33391600000002, 23.451971000000093], [102.3415489999999, 23.465563000000003], [102.35349700000002, 23.47482000000005], [102.362458, 23.48298999999996], [102.35975300000001, 23.485832000000094], [102.35970700000011, 23.485880000000158], [102.35306300000016, 23.49450299999998], [102.35921900000005, 23.509609000000097], [102.35353499999997, 23.5189760000001], [102.35450100000006, 23.523782000000026], [102.34156800000014, 23.52929100000003], [102.33181500000016, 23.538551999999967], [102.32501300000011, 23.5510879999999], [102.31648300000009, 23.55508000000006], [102.31996200000017, 23.57837200000008], [102.29555900000005, 23.60029500000016], [102.29737499999996, 23.610668000000004], [102.29234700000003, 23.62539699999993], [102.292237, 23.62667900000004], [102.29306099999997, 23.62852800000008], [102.29359900000007, 23.63094400000014], [102.27656600000012, 23.639787000000133], [102.27428900000001, 23.64700700000013], [102.25907600000001, 23.65967300000007], [102.24830300000002, 23.664495000000073], [102.24540800000011, 23.672438000000028], [102.21687, 23.69885200000008], [102.21453899999997, 23.70410899999993], [102.20709600000008, 23.733831000000038], [102.20091300000009, 23.747064999999992], [102.18075200000013, 23.768414000000092], [102.17838300000005, 23.783595000000112], [102.17661000000008, 23.784884000000005], [102.17388600000012, 23.786448000000092], [102.17133000000001, 23.788125000000115], [102.16948300000014, 23.793473000000034], [102.16165200000003, 23.796820000000118], [102.16401300000017, 23.80349599999996], [102.15583000000007, 23.80625900000004], [102.159333, 23.809182000000042], [102.14703000000009, 23.815322000000116], [102.14706900000012, 23.816608000000116], [102.1468090000001, 23.81847500000005], [102.14622200000002, 23.81977700000013], [102.14529900000004, 23.82023500000001], [102.14268200000004, 23.821298000000034], [102.14191900000014, 23.821886000000013], [102.1419420000001, 23.828480000000084], [102.14133500000014, 23.828920000000075], [102.13729899999998, 23.829159000000132], [102.13558999999998, 23.829483000000117], [102.13409799999991, 23.83194699999998], [102.13381600000011, 23.832817000000105], [102.133747, 23.836120000000015], [102.14655700000003, 23.837823000000057], [102.1500510000001, 23.84535400000003], [102.14069399999997, 23.845267000000113], [102.14035800000013, 23.850582000000053], [102.15749000000011, 23.86709800000004], [102.157581, 23.875978000000075], [102.15797000000003, 23.87643099999999], [102.15853900000005, 23.877103000000076], [102.16029400000012, 23.87835900000008], [102.16740900000013, 23.882353000000144], [102.17468700000013, 23.879909000000076], [102.17582000000009, 23.881596000000037], [102.17646800000006, 23.882725000000015], [102.17981800000013, 23.885222000000027], [102.19962700000008, 23.89095700000008], [102.19992500000005, 23.896105000000055], [102.20616599999997, 23.897246999999957], [102.21830100000003, 23.907439000000096], [102.21988000000002, 23.90758100000012], [102.22095200000007, 23.907516999999892], [102.22218800000002, 23.907049000000157], [102.22592900000011, 23.900689999999905], [102.24834099999997, 23.910217000000088], [102.261708, 23.902479000000042], [102.27373899999998, 23.90908099999998], [102.27941200000005, 23.916265999999922], [102.28226900000001, 23.928948000000027], [102.27156900000003, 23.931053999999932], [102.26541500000012, 23.928895000000082], [102.26750200000014, 23.941891000000147], [102.26315000000011, 23.947724000000136], [102.26361900000002, 23.96487599999999], [102.25078600000012, 23.97434900000006], [102.22864500000011, 24.00901100000008], [102.22694400000006, 24.010153000000066], [102.224178, 24.010900000000056], [102.22364400000005, 24.011106000000048], [102.22940100000014, 24.02620200000014], [102.26973100000001, 24.035359], [102.27226300000007, 24.03514300000007], [102.27900800000002, 24.032883000000126], [102.28215499999999, 24.032774000000167], [102.28549200000005, 24.03453700000002], [102.28637000000003, 24.03584600000015], [102.28868500000002, 24.036276000000022], [102.300816, 24.03637200000015], [102.31020400000014, 24.03762799999989], [102.33023200000011, 24.04747400000018], [102.33163200000004, 24.051453999999886], [102.33084200000005, 24.056396000000134], [102.33148700000002, 24.057849000000097], [102.33089500000007, 24.059340000000006], [102.32531800000012, 24.062690000000075], [102.32112200000005, 24.060720000000146], [102.31780300000005, 24.06216499999998], [102.30923900000005, 24.060144000000008], [102.30736600000016, 24.06142499999995], [102.30222700000004, 24.061138000000092], [102.29950800000013, 24.06334800000016], [102.300232, 24.077881000000033], [102.29593000000003, 24.07819300000009], [102.30181100000007, 24.086143999999997], [102.29788300000016, 24.09293600000011], [102.3007319999999, 24.093346000000018], [102.30576700000002, 24.096908999999947], [102.31577400000003, 24.100211000000037], [102.32517300000004, 24.096795000000014], [102.34072100000003, 24.10250500000013], [102.35585800000015, 24.094089000000118], [102.36610400000005, 24.10170900000017], [102.36687900000004, 24.09971600000003], [102.36782900000006, 24.097974000000043], [102.36755100000005, 24.093277999999984], [102.37668600000003, 24.09334500000002], [102.37747600000003, 24.09034400000005], [102.4054530000001, 24.078345000000056], [102.416985, 24.069816000000024], [102.40921500000015, 24.059290000000132], [102.42332099999996, 24.051610999999994], [102.44202499999997, 24.058902000000003], [102.45373200000004, 24.053929000000117], [102.46789600000011, 24.056779000000027], [102.48021399999996, 24.068752000000003], [102.48199900000012, 24.068833000000133], [102.48682799999999, 24.06830600000005], [102.48997900000003, 24.067716000000082], [102.49191700000006, 24.066637999999976], [102.49279499999997, 24.06600500000009], [102.49368700000014, 24.05529999999996], [102.49856600000007, 24.05402600000015], [102.49910799999996, 24.05392500000014], [102.49998600000013, 24.052531999999992], [102.50298000000006, 24.04779700000008], [102.50584500000014, 24.038442000000003], [102.50855300000003, 24.036995000000005], [102.512078, 24.037073000000063], [102.51405000000003, 24.03166300000008], [102.51462600000016, 24.02944800000013], [102.51966900000015, 24.032480000000177], [102.52692100000013, 24.03360099999994], [102.53437400000004, 24.03716100000006], [102.543545, 24.050416999999968], [102.54773800000001, 24.042319000000155], [102.5700800000001, 24.04219700000001], [102.57058700000013, 24.029605999999973], [102.57305600000015, 24.027663000000054], [102.5765420000001, 24.02947100000008], [102.58040699999997, 24.037682000000004], [102.58223700000003, 24.04117699999999], [102.59251400000002, 24.038632999999912], [102.61121, 24.05185200000004], [102.61278999999999, 24.051460999999932], [102.61525799999998, 24.05105900000015], [102.61753100000013, 24.05048000000003], [102.6261339999999, 24.044524999999986], [102.62106000000009, 24.035723000000097], [102.61865700000003, 24.03469300000014], [102.61436900000015, 24.03389700000018], [102.61318700000005, 24.032661000000054], [102.61280500000007, 24.03181900000002], [102.6133850000001, 24.030714999999894], [102.63093200000012, 24.0294820000001], [102.64532900000003, 24.009640999999895], [102.63351900000012, 23.996450000000124], [102.6457260000001, 23.988435999999894], [102.64897600000006, 23.979070999999962], [102.63467100000005, 23.951631999999925], [102.6413850000001, 23.94977100000004], [102.64431000000017, 23.940713000000024], [102.65116100000002, 23.936699999999988], [102.64933100000005, 23.927521000000084], [102.67104000000009, 23.92937200000003], [102.67125000000004, 23.928841000000055], [102.67023500000009, 23.92654400000007], [102.66934600000008, 23.924364999999995], [102.68795800000012, 23.92522100000003], [102.69037700000007, 23.932322000000127], [102.68641700000015, 23.940469000000085], [102.69350499999999, 23.95463900000012], [102.71718300000005, 23.974184], [102.72759000000005, 23.972226], [102.72923000000011, 23.97682599999993], [102.73455499999999, 23.978744000000084], [102.72988200000006, 23.9836119999999], [102.73980400000015, 23.993448000000072], [102.73800400000007, 23.999961000000013], [102.74781400000015, 24.01013800000007], [102.74271400000005, 24.00909799999991], [102.74255400000013, 24.010661999999996], [102.74853600000002, 24.023631000000044], [102.76812399999999, 24.02583200000008], [102.782052, 24.021897000000102], [102.78281099999998, 24.022975000000123], [102.78196400000007, 24.027242000000037], [102.7912260000001, 24.030237000000042], [102.79980200000003, 24.032612], [102.82662700000014, 24.050000000000104], [102.84008799999997, 24.046052999999937], [102.83800900000008, 24.04231200000011], [102.8318220000001, 24.040786000000146], [102.83184100000008, 24.039718000000065], [102.8337370000001, 24.029990000000033], [102.84385300000008, 24.021793000000024], [102.8428010000001, 23.9999320000001], [102.85431400000002, 23.98993300000003], [102.85805199999996, 23.988790999999956], [102.85992500000012, 23.98878899999997], [102.86180100000007, 23.988229000000082], [102.881775, 23.989411000000004], [102.88238500000003, 23.991135000000007], [102.88362900000011, 23.993423000000135], [102.88362100000016, 23.996292000000018], [102.87628900000013, 24.013335000000005], [102.87967300000017, 24.015749000000163], [102.88428100000006, 24.017624000000048], [102.88678000000006, 24.018576000000124], [102.89234599999997, 24.017670000000038], [102.89742400000003, 24.014801999999882], [102.90006600000014, 24.01364099999992], [102.90124500000016, 24.019964000000037], [102.911622, 24.032120000000056], [102.90964900000007, 24.038383999999915], [102.91334499999999, 24.043332000000042], [102.9305000000001, 24.051188999999987], [102.942075, 24.06316300000013], [102.95341200000011, 24.064819000000014], [102.97052400000004, 24.07845800000017], [102.9777920000001, 24.071734], [102.98055000000002, 24.05673300000013], [102.984689, 24.053126999999932], [102.99595300000013, 24.051817000000163], [103.00425400000003, 24.042761000000134], [103.01057900000005, 24.04135700000014], [103.01417200000014, 24.03462000000014], [103.02599400000007, 24.037390000000002], [103.03609899999995, 24.035882000000107], [103.03642699999999, 24.040393999999957], [103.0367590000001, 24.044877000000064], [103.03506500000009, 24.04946600000015], [103.03201400000007, 24.049420000000076], [103.03114000000005, 24.052452000000038], [103.03820500000002, 24.05911800000011], [103.04283200000006, 24.065030999999884], [103.04527700000003, 24.0683710000001], [103.04247300000002, 24.07036], [103.0418900000001, 24.072129000000174], [103.04488800000017, 24.07598200000003], [103.04870299999999, 24.077530000000124], [103.04946999999996, 24.081351000000083], [103.05051900000015, 24.08334800000003], [103.05054900000013, 24.083396], [103.07818300000005, 24.097121999999985], [103.08102500000001, 24.10294300000013], [103.07992300000015, 24.1083700000001], [103.08220400000005, 24.110802999999883], [103.090104, 24.132117000000022], [103.09761100000011, 24.137635000000145], [103.10050700000002, 24.150541000000047], [103.11736800000003, 24.16256299999999], [103.12643500000009, 24.16357], [103.12724, 24.169602000000026], [103.1353040000001, 24.17386800000012], [103.12479900000008, 24.177440999999902], [103.122853, 24.18204900000005], [103.13131700000008, 24.185815999999896], [103.13479700000008, 24.207596000000045], [103.13582200000015, 24.208401999999943], [103.13863400000011, 24.204953000000117], [103.14070100000006, 24.20497299999991], [103.15122700000005, 24.217461000000043], [103.15014700000003, 24.220617000000132], [103.14930800000008, 24.23041999999989], [103.14645500000009, 24.236066000000122], [103.12442100000007, 24.256081999999978], [103.12459599999998, 24.267484000000053], [103.12500000000001, 24.268982000000094], [103.128525, 24.282088000000023], [103.13573800000012, 24.285342000000142], [103.139455, 24.29045100000009], [103.13926800000016, 24.30342200000004], [103.119786, 24.309223000000046], [103.111337, 24.327301000000134], [103.10001799999996, 24.323007000000118], [103.09841200000014, 24.340210999999925], [103.08822299999997, 24.345030000000037], [103.08884500000002, 24.356771000000002], [103.0950130000001, 24.367378000000016], [103.09688300000002, 24.37069899999991], [103.093449, 24.385181999999993], [103.09805399999999, 24.391218999999985], [103.09974300000013, 24.403880000000044], [103.08130700000008, 24.414030000000174], [103.06865700000004, 24.413426000000115], [103.06157300000011, 24.42413600000004], [103.06224099999996, 24.436751000000022], [103.06792100000007, 24.440777000000068], [103.08852100000011, 24.44455700000001], [103.10070100000016, 24.464617000000132], [103.10575900000015, 24.47669700000008], [103.10175400000007, 24.49287000000011], [103.1078150000001, 24.51033100000013], [103.1130190000001, 24.51498699999999], [103.11760000000004, 24.518102000000063], [103.12792700000008, 24.51658400000005], [103.13404200000005, 24.520894999999967], [103.13779099999999, 24.528950000000037], [103.13955000000004, 24.53179599999997], [103.15541499999992, 24.53859300000014], [103.15570500000001, 24.536477000000033], [103.15623900000014, 24.53506800000016], [103.16266299999992, 24.536809000000147], [103.16098900000006, 24.528067999999983], [103.16132800000003, 24.52288699999994], [103.16215199999999, 24.51936100000014], [103.16347900000002, 24.516310999999938], [103.16759100000007, 24.516591000000098], [103.16627100000002, 24.518697000000003], [103.1649550000001, 24.521039000000066], [103.1654550000001, 24.521987000000166], [103.16673700000011, 24.522236000000163], [103.16958600000012, 24.520851000000143], [103.17187900000013, 24.522292], [103.17440800000011, 24.526821000000012], [103.1775100000001, 24.528497000000037], [103.18609300000007, 24.5237660000001], [103.19722799999991, 24.533318000000136], [103.19985599999993, 24.53086800000002], [103.19980300000006, 24.523939000000027], [103.20208000000017, 24.522193999999978], [103.20514000000004, 24.522077000000152], [103.20929799999999, 24.524333000000034], [103.21364200000006, 24.52601200000013], [103.21504200000008, 24.51776800000014], [103.22183200000003, 24.507568999999954], [103.24028800000005, 24.510691000000072], [103.2407300000001, 24.51379300000005], [103.23974200000006, 24.515256000000043], [103.23681300000001, 24.51728400000006], [103.23616800000012, 24.539256999999928], [103.25027200000002, 24.546359000000017], [103.24864700000003, 24.55476000000003], [103.25538300000014, 24.56426300000001], [103.25221300000004, 24.57779899999999], [103.24744100000001, 24.579813000000094], [103.25896499999996, 24.58832200000016], [103.26086900000001, 24.608189000000124], [103.27774500000012, 24.607250000000057], [103.27973999999999, 24.607611000000084], [103.28195600000002, 24.608723000000076], [103.28308500000017, 24.610317999999978], [103.27948000000015, 24.619643999999965], [103.28188800000008, 24.63305000000011], [103.27984700000013, 24.63360400000012], [103.27299500000004, 24.633412000000042], [103.26828, 24.634048000000085], [103.26810500000009, 24.637645999999982], [103.28097600000004, 24.643325000000104], [103.2789920000001, 24.657702000000036], [103.28397400000001, 24.660297000000163], [103.29079099999998, 24.658819999999906], [103.29578500000008, 24.650071000000054], [103.30256399999993, 24.64868800000002], [103.30692799999996, 24.650196], [103.31005600000013, 24.65460700000002], [103.31403800000001, 24.65245300000005], [103.31408300000008, 24.649185000000017], [103.31929400000004, 24.647071000000075], [103.31775700000006, 24.642688000000156], [103.32017899999998, 24.640178000000134], [103.32026700000016, 24.63400500000008], [103.32421600000005, 24.634396000000102], [103.32698500000001, 24.63588700000001], [103.32777900000016, 24.636260000000142], [103.32786300000001, 24.63008799999991], [103.33151000000012, 24.625411000000085], [103.337071, 24.624381000000128], [103.34423500000015, 24.625200000000035], [103.34818400000005, 24.625594999999947], [103.3510100000001, 24.62272400000016], [103.35898700000003, 24.62209600000007], [103.3642200000001, 24.615960000000058], [103.3698470000001, 24.612032000000127], [103.375374, 24.613528000000095], [103.37821200000016, 24.60956800000018], [103.38458700000005, 24.609278000000167], [103.38823399999993, 24.602763999999965], [103.39462000000009, 24.601016999999928], [103.40013500000006, 24.60288300000004], [103.40977900000007, 24.594630000000016], [103.42130000000013, 24.594375000000056], [103.43736300000012, 24.578902000000035], [103.44689600000001, 24.578259000000124], [103.44773900000004, 24.57391300000007], [103.45254900000002, 24.571791000000175], [103.45380400000012, 24.56598300000004], [103.48842300000013, 24.561249000000117], [103.49042900000002, 24.559445999999888], [103.48533700000006, 24.552107000000078], [103.47305700000008, 24.551654000000077], [103.46992100000014, 24.546153000000025], [103.47112700000008, 24.544709000000097], [103.47552899999998, 24.54367900000014], [103.48035500000006, 24.53789900000001], [103.48089700000004, 24.533549000000065], [103.470147, 24.522757000000105], [103.45346500000014, 24.520822000000052], [103.45211100000002, 24.520158000000002], [103.45087500000007, 24.519099999999952], [103.45032200000014, 24.51784099999996], [103.45106499999997, 24.514128000000056], [103.46299799999994, 24.51068300000012], [103.46692700000003, 24.50764599999993], [103.46954000000005, 24.505965000000018], [103.46959700000015, 24.50282400000001], [103.4696050000001, 24.502265000000122], [103.49321400000005, 24.51097400000004], [103.50133600000008, 24.51737300000014], [103.50533400000012, 24.526194000000004], [103.51669800000016, 24.51901500000011], [103.53185300000015, 24.529820999999984], [103.54262600000014, 24.557905000000012], [103.56386600000002, 24.559517000000163], [103.570885, 24.56733800000015], [103.58126100000008, 24.570974000000078], [103.58541900000003, 24.577866000000114], [103.6109250000001, 24.591344999999997], [103.61125300000006, 24.596022000000083], [103.62530200000003, 24.60831699999997], [103.62994000000009, 24.618138000000144], [103.62661100000017, 24.628840999999937], [103.61841300000006, 24.631148000000124], [103.62404999999993, 24.635967000000058], [103.622223, 24.646862000000013], [103.63371700000013, 24.64836600000011], [103.64112900000003, 24.664317999999888], [103.63229800000015, 24.665059], [103.62785, 24.673409000000056], [103.638619, 24.685870000000087], [103.65540800000002, 24.692739000000174], [103.66325400000014, 24.701220000000056], [103.66884700000016, 24.71164100000005], [103.66793500000001, 24.7260860000001], [103.67338600000002, 24.73950700000016], [103.67527800000006, 24.741338999999954], [103.67761600000006, 24.742074000000102], [103.693322, 24.741965999999962], [103.70601300000006, 24.756991000000127], [103.73792300000011, 24.75566499999993], [103.75054599999996, 24.767225000000018], [103.75309500000009, 24.76724500000016], [103.75382700000009, 24.766754000000034], [103.75277800000015, 24.762592000000105], [103.74638800000008, 24.746610000000068], [103.743317, 24.74392700000012], [103.74041800000012, 24.742740000000055], [103.73861400000007, 24.741064000000023], [103.7386980000001, 24.733101000000012], [103.73282300000001, 24.739531000000014], [103.73118300000003, 24.739849000000035], [103.72900099999997, 24.739495000000055], [103.71758000000001, 24.717645000000154], [103.71760600000003, 24.71515500000001], [103.72873800000005, 24.711771000000148], [103.7434089999999, 24.700022000000054], [103.76272200000011, 24.69569000000009], [103.76233, 24.698672000000087], [103.76394300000007, 24.700841000000054], [103.76720900000011, 24.701863000000145], [103.76920699999997, 24.701878000000143], [103.769185, 24.70436800000011], [103.76876500000006, 24.71000900000002], [103.76998200000004, 24.715990999999995], [103.78724400000011, 24.73572000000017], [103.7879760000001, 24.73472800000016], [103.78618300000008, 24.732553000000145], [103.78656500000007, 24.730561000000172], [103.78892600000002, 24.730577000000075], [103.79111200000006, 24.730096000000067], [103.79113800000007, 24.72728200000003], [103.79297300000002, 24.725468999999947], [103.79822599999999, 24.72716600000011], [103.80092300000003, 24.730169999999973], [103.80398600000015, 24.73218200000018], [103.81111200000001, 24.73176000000008], [103.81076500000007, 24.729934000000164], [103.810017, 24.728399999999986], [103.81666200000004, 24.720996000000042], [103.82523000000018, 24.71791300000004], [103.83668200000004, 24.698578000000126], [103.83844100000002, 24.697713000000142], [103.841893, 24.69756799999996], [103.84533800000001, 24.698087], [103.84844199999998, 24.69928799999999], [103.85223000000005, 24.701800999999904], [103.85440100000008, 24.702976000000042], [103.84793500000012, 24.691958000000035], [103.84978500000008, 24.691328000000134], [103.85703300000009, 24.69303200000008], [103.8740240000001, 24.687715000000154], [103.87371500000012, 24.68239800000005], [103.88131799999994, 24.684773000000092], [103.89732000000011, 24.673958000000006], [103.91666900000001, 24.679744000000014], [103.91868299999996, 24.677101], [103.92034600000014, 24.67462399999996], [103.935845, 24.669920000000033], [103.93665, 24.66113200000015], [103.92615900000007, 24.654079000000117], [103.92638000000007, 24.651424000000176], [103.92876499999997, 24.64928500000012], [103.93327699999998, 24.64606300000016], [103.94057500000004, 24.641464999999954], [103.9523860000001, 24.641720000000177], [103.95308800000011, 24.64504700000012], [103.95539500000004, 24.651707000000144], [103.95790100000008, 24.657207999999933], [103.96241800000007, 24.66055100000004], [103.96733199999997, 24.66209200000018], [103.97135200000005, 24.660634999999978], [103.97624200000007, 24.65815100000006], [103.97918300000006, 24.655356000000083], [103.97748199999992, 24.64039800000004], [103.9800530000001, 24.638432000000087], [103.98260899999994, 24.63795900000003], [103.9853479999999, 24.637156000000026], [103.98550800000007, 24.635626999999907], [103.98465299999995, 24.633165000000034], [103.98503900000017, 24.630513000000164], [103.98957500000014, 24.629021000000172], [103.99159999999992, 24.626721000000117], [103.99253100000011, 24.624074000000128], [103.99200500000003, 24.62140900000007], [103.99020000000016, 24.619231999999982], [103.98551814018859, 24.616724421938166], [103.979702, 24.614851000000137], [103.977543, 24.611175999999915], [103.97520800000015, 24.605673000000053], [103.97293200000004, 24.60154400000001], [103.97169200000002, 24.59688500000008], [103.96989500000001, 24.593743999999987], [103.97255000000013, 24.58214200000006], [103.9847, 24.584549999999993], [103.99708200000008, 24.557736000000062], [104.0024730000001, 24.561897000000087], [104.00649400000007, 24.56077600000006], [104.02247700000001, 24.538976000000034], [104.02580000000016, 24.52883900000009], [104.03651000000008, 24.528570000000038], [104.03923900000011, 24.513034000000133], [104.03762099999992, 24.510364000000017], [104.03653800000009, 24.50919100000013], [104.03818500000011, 24.508706000000146], [104.03928000000005, 24.50855100000011], [104.04037900000012, 24.508059999999986], [104.03875000000015, 24.50671999999996], [104.03566000000009, 24.50536500000011], [104.03462700000007, 24.503070000000115], [104.0355420000001, 24.49639700000008], [104.03341700000014, 24.495752000000003], [104.03049099999998, 24.496723000000053], [104.02703100000005, 24.49652200000012], [104.01131100000002, 24.485292000000157], [104.00861500000006, 24.485468000000154], [104.006974, 24.485786000000175], [104.00487900000003, 24.47480200000014], [104.00727600000012, 24.47067900000006], [104.01071200000001, 24.46852000000004], [104.01455300000003, 24.466231999999998], [104.01841800000008, 24.460840000000083], [104.0186350000001, 24.456848000000008], [104.0069860000001, 24.461090000000162], [104.00348400000007, 24.451400999999983]]]}}, {"type": "Feature", "properties": {"name": "文山壮族苗族自治州", "kind": "0137", "admin_code": "532622", "code_1": 5326}, "geometry": {"type": "Polygon", "coordinates": [[[105.54192400000002, 23.193533000000087], [105.52826584678013, 23.187035626431943], [105.51658300000001, 23.196511000000108], [105.51441600000012, 23.19678800000011], [105.51193300000003, 23.19692300000009], [105.50991900000001, 23.197200000000095], [105.49640999999995, 23.205399000000092], [105.49160100000014, 23.223462000000005], [105.49159300000001, 23.225041000000004], [105.49218800000003, 23.22805599999989], [105.49293200000014, 23.231649000000075], [105.48312400000006, 23.23617100000004], [105.47866799999996, 23.245996000000012], [105.46603000000002, 23.258541999999885], [105.46418400000005, 23.263903000000163], [105.463082, 23.26705700000018], [105.46136100000007, 23.26963400000006], [105.44982999999999, 23.27873799999989], [105.43943900000008, 23.29975299999998], [105.42882000000003, 23.30240099999996], [105.42580000000001, 23.29974199999996], [105.42435000000003, 23.29811499999999], [105.42431, 23.296457000000025], [105.42603999999997, 23.293814000000012], [105.42625000000002, 23.292386999999984], [105.41737400000014, 23.28539300000012], [105.39369999999988, 23.30188499999999], [105.38629999999999, 23.314031000000156], [105.38128000000003, 23.313147000000022], [105.37273000000005, 23.318041000000036], [105.35229000000001, 23.345575000000032], [105.35065000000003, 23.367139999999978], [105.32690000000004, 23.391694999999956], [105.32512999999996, 23.392681000000003], [105.32217, 23.39226900000002], [105.31040999999999, 23.381709999999977], [105.29757000000004, 23.386366000000017], [105.28401000000002, 23.38179200000001], [105.29659000000004, 23.377144000000015], [105.29861000000002, 23.375563000000035], [105.29943, 23.372583000000027], [105.29586999999998, 23.36341700000004], [105.28734999999998, 23.356132999999993], [105.28664999999997, 23.353778999999996], [105.28442000000001, 23.345469999999956], [105.28412785577423, 23.343629491377648], [105.27331999999998, 23.340236999999966], [105.25813700000006, 23.343213000000084], [105.25016000000014, 23.333970000000036], [105.25719000000004, 23.32191800000001], [105.25789000000005, 23.319177999999965], [105.25713000000005, 23.314572999999974], [105.25021000000001, 23.309266999999977], [105.24533, 23.29224399999996], [105.23368000000002, 23.28762800000004], [105.23350999999998, 23.285735999999993], [105.23359999999997, 23.284311000000038], [105.23457999999997, 23.28239600000004], [105.24177999999999, 23.277743999999977], [105.23773, 23.274983999999968], [105.23449096106782, 23.262086752025304], [105.22599000000002, 23.26112699999998], [105.22581054609398, 23.26163524996103], [105.22570099999993, 23.262569000000013], [105.22580800000016, 23.26731200000014], [105.22455700000003, 23.26873600000001], [105.22284000000008, 23.269870000000047], [105.22206200000001, 23.270155000000003], [105.21327700000002, 23.266051000000076], [105.2081040000001, 23.27245], [105.19989000000002, 23.273630000000026], [105.19628200000001, 23.28078800000013], [105.18420500000013, 23.277634000000113], [105.17697999999999, 23.288788000000004], [105.15286300000001, 23.282713000000065], [105.15070000000001, 23.27782600000001], [105.15372000000005, 23.27563300000002], [105.15753060051989, 23.27184140496901], [105.15772616311693, 23.271483769352862], [105.15768999999999, 23.269982999999982], [105.15741, 23.268805000000036], [105.15596999999997, 23.26741199999998], [105.13357999999997, 23.256403000000006], [105.12591000000003, 23.257503999999976], [105.12536, 23.255974000000037], [105.12454000000002, 23.253977000000006], [105.11119100000013, 23.24673700000004], [105.09795869752321, 23.249144521390733], [105.10212000000011, 23.253700999999992], [105.09817100000004, 23.25890100000001], [105.09980800000014, 23.267639000000017], [105.08262300000004, 23.269066000000137], [105.05978999999998, 23.254936000000036], [105.05820999999999, 23.253189], [105.05841999999996, 23.25081400000004], [105.05816200033442, 23.249495621708796], [105.04863000000012, 23.24432700000012], [105.04260866839294, 23.234782712159706], [105.03009, 23.226881000000013], [105.0267720000001, 23.220048000000148], [105.00007000000002, 23.216444000000024], [104.99757999999997, 23.213270000000044], [104.99696, 23.209071999999978], [104.99583000000003, 23.20686299999999], [104.99256, 23.204449000000004], [104.98662999999999, 23.20282600000001], [104.98594684430033, 23.202108119110257], [104.97268000000003, 23.205895000000098], [104.96139, 23.19983499999998], [104.95612999999999, 23.19200700000004], [104.95479600000002, 23.180798999999944], [104.94605999999999, 23.170726999999957], [104.94866454822127, 23.155778662262193], [104.93711500000009, 23.157470000000146], [104.93210000000002, 23.169004000000037], [104.92350800000008, 23.167246999999882], [104.9136, 23.180249999999994], [104.90478999999999, 23.181652], [104.89944, 23.18199700000003], [104.87956000000003, 23.16700200000004], [104.87922999999998, 23.164034000000044], [104.88184000000001, 23.160519], [104.88283000000004, 23.157031999999965], [104.87839000000002, 23.137043000000034], [104.87453000000004, 23.131664000000043], [104.86905999999998, 23.12631199999997], [104.86471999999998, 23.123912999999988], [104.86397216196741, 23.12413538341496], [104.85815999999997, 23.130225999999986], [104.85600000000002, 23.129274000000002], [104.85404000000004, 23.12534499999999], [104.85211999999999, 23.123150000000003], [104.84916999999997, 23.12270900000002], [104.84539000000004, 23.12129000000003], [104.84348, 23.119838999999963], [104.80333999999996, 23.11819999999998], [104.80115000000005, 23.115512999999964], [104.80054000000003, 23.11180700000002], [104.80045999999999, 23.108339000000043], [104.80504000000003, 23.08372900000004], [104.81508000000002, 23.077601999999978], [104.81450000000001, 23.075384000000042], [104.8126, 23.073751000000023], [104.81200000000001, 23.07078899999999], [104.81285, 23.060119999999998], [104.81945999999996, 23.05628400000004], [104.82119000000003, 23.036678000000002], [104.82782999999999, 23.02119800000002], [104.82971999999997, 22.997524000000013], [104.83813, 22.990685000000013], [104.83674700000006, 22.984797], [104.84865600000008, 22.978074999999997], [104.86047799999992, 22.976541999999903], [104.86411000000004, 22.95404099999996], [104.86102, 22.947159000000042], [104.85663000000002, 22.941787999999995], [104.83753000000002, 22.923548000000004], [104.81671599999996, 22.92305300000008], [104.79175407112608, 22.906607321137805], [104.78825999999995, 22.90518399999997], [104.78559999999996, 22.90572499999997], [104.78214000000003, 22.906282000000047], [104.77701999999996, 22.90463600000001], [104.77321000000003, 22.901233999999995], [104.75588999999997, 22.86146200000003], [104.75155999999998, 22.858809999999984], [104.74648000000003, 22.858649999999983], [104.74167999999999, 22.858980000000017], [104.73606000000004, 22.858828999999957], [104.72795999999997, 22.854755000000026], [104.72496, 22.85158500000002], [104.73368000000002, 22.833595000000017], [104.73387000000002, 22.82962799999997], [104.73108938663432, 22.822900618071287], [104.73037000000006, 22.82248699999994], [104.72720426236296, 22.8207551639261], [104.70303800000008, 22.826676000000056], [104.68819100000016, 22.823570999999923], [104.68464944092963, 22.819585885489182], [104.68168999999997, 22.81839800000001], [104.67981999999998, 22.818676000000004], [104.67796, 22.818954000000005], [104.67262999999997, 22.819539999999996], [104.65264600000009, 22.835651999999953], [104.63151000000003, 22.834599000000047], [104.62521800000016, 22.84608100000016], [104.61796999999999, 22.83507200000001], [104.62347999999999, 22.829777000000043], [104.62398999999999, 22.82803499999997], [104.62152, 22.82485400000003], [104.61697000000002, 22.824432000000016], [104.61271201928508, 22.816017926505275], [104.5992590000001, 22.816571000000096], [104.59881600000004, 22.82346300000013], [104.60456899999998, 22.828757000000024], [104.59888500000007, 22.84526000000009], [104.58966099999999, 22.85241400000013], [104.57663000000005, 22.853325000000012], [104.56366810790539, 22.83670286403592], [104.55095800000011, 22.841032000000027], [104.54789800000006, 22.83977100000014], [104.54649400000005, 22.838927000000034], [104.54333900000015, 22.827337000000036], [104.52927000000003, 22.820894000000024], [104.52465000000004, 22.812857000000022], [104.52325000000002, 22.809410000000007], [104.52240000000003, 22.80669799999997], [104.51727999999997, 22.804299999999976], [104.51549000000001, 22.79416700000001], [104.49769999999995, 22.785278000000034], [104.48087000000001, 22.766036999999997], [104.45180184294102, 22.748268703187094], [104.42077999999998, 22.736228999999966], [104.41589000000005, 22.73184199999998], [104.40968000000004, 22.727473999999972], [104.39947000000001, 22.70295099999997], [104.38909999999996, 22.705090000000027], [104.37415999999999, 22.69044099999997], [104.37122, 22.68998899999997], [104.36839908181092, 22.689556777958785], [104.35174905521045, 22.694544235277483], [104.34159100000004, 22.718972000000036], [104.33235200000014, 22.72630600000005], [104.31780999999998, 22.73208400000002], [104.30283400000005, 22.730175000000074], [104.28242999999996, 22.74027799999996], [104.27657000000005, 22.741105999999988], [104.27203000000003, 22.741168999999964], [104.26995849576983, 22.74098429087286], [104.26884899999999, 22.755704], [104.25926300000016, 22.764153999999984], [104.25384900000003, 22.778925000000093], [104.26532800000015, 22.80375500000018], [104.26749900000002, 22.820260000000147], [104.27944300000009, 22.84047999999992], [104.27991900000004, 22.84837599999998], [104.27404500000003, 22.866154000000115], [104.25780500000013, 22.875743000000014], [104.23398600000004, 22.867304000000054], [104.23035100000001, 22.86956800000015], [104.22842800000006, 22.872407000000038], [104.22526200000013, 22.87579700000004], [104.217843, 22.87450399999991], [104.18805700000001, 22.846933000000135], [104.18437600000001, 22.84570199999998], [104.18002700000014, 22.846201000000143], [104.17625100000001, 22.84842800000002], [104.173737, 22.850109000000018], [104.17842900000008, 22.862821000000032], [104.17775700000008, 22.865105000000007], [104.17416800000014, 22.873024000000107], [104.15732200000002, 22.864147000000145], [104.15484600000015, 22.86411100000001], [104.15295900000015, 22.86521800000012], [104.14793500000013, 22.868575000000057], [104.14322700000015, 22.884542000000096], [104.13633400000003, 22.888443000000017], [104.13737900000017, 22.89829899999998], [104.1370390000001, 22.900598000000038], [104.13487300000011, 22.90157700000004], [104.13250800000002, 22.90076800000007], [104.13058199999992, 22.89845900000016], [104.11645900000012, 22.897295999999947], [104.11338099999992, 22.889983000000157], [104.11279000000005, 22.88278300000004], [104.09783600000006, 22.877695000000053], [104.07796100000014, 22.839085000000047], [104.0644200000001, 22.835376000000117], [104.06337400000007, 22.83334900000009], [104.06321800000012, 22.833043999999994], [104.06822200000009, 22.831427000000048], [104.07135800000003, 22.830348000000036], [104.06952300000009, 22.82916100000014], [104.06524300000017, 22.82619699999995], [104.04595299999998, 22.829847000000058], [104.0413219999999, 22.84236999999998], [104.02899600000009, 22.83926300000003], [104.02671499999994, 22.830593000000142], [104.02489100000008, 22.82883500000017], [104.02186200000011, 22.827071000000053], [104.02066800000009, 22.824745999999976], [104.02523500000012, 22.81333499999996], [104.03573700000007, 22.81469000000007], [104.02982800000001, 22.803105000000045], [104.03109800000011, 22.80198300000003], [104.032971, 22.801457000000113], [104.03661399999999, 22.803793999999947], [104.03789200000003, 22.80210700000007], [104.03732800000009, 22.799789999999945], [104.03007100000005, 22.792765000000003], [104.0264820000001, 22.786948000000095], [104.02211799999998, 22.762186999999948], [104.01149800000005, 22.74937700000008], [104.00756900000002, 22.754914000000007], [103.99952, 22.751955000000045], [103.99990900000003, 22.729558000000004], [103.98794199999995, 22.712084999999973], [103.96464600000003, 22.702444000000035], [103.94953200000005, 22.711878000000162], [103.91745400000013, 22.707195000000112], [103.9085740000001, 22.71504500000001], [103.90578900000006, 22.728184000000006], [103.89098799999996, 22.725014999999992], [103.89122400000002, 22.72953900000003], [103.90364200000005, 22.741160000000015], [103.90425200000007, 22.745051000000082], [103.88878700000001, 22.78559699999996], [103.8949970000001, 22.806646000000022], [103.88061900000008, 22.81898699999998], [103.88610900000012, 22.822784000000084], [103.904206, 22.821678000000055], [103.91239600000014, 22.833243000000024], [103.91747000000004, 22.85513600000011], [103.9116870000001, 22.88810800000001], [103.91569200000018, 22.897162000000137], [103.90728000000016, 22.920795000000126], [103.92368400000011, 22.937904000000152], [103.9335790000001, 22.95385800000018], [103.946267, 22.958335000000062], [103.94781900000007, 22.98578199999988], [103.95128700000012, 22.996157999999966], [103.95241300000004, 22.99876500000002], [103.9542779999999, 22.99993899999999], [103.95337800000013, 23.012536000000082], [103.93276600000016, 23.044582000000013], [103.93079400000006, 23.05678200000012], [103.94029300000015, 23.069088000000114], [103.936474, 23.07808600000014], [103.94427900000008, 23.0937779999999], [103.93639000000016, 23.100392000000028], [103.935933, 23.101254000000026], [103.93556600000002, 23.122927000000026], [103.93967900000015, 23.14558499999999], [103.92934100000011, 23.15824099999999], [103.92228000000011, 23.17603600000011], [103.91177400000001, 23.18700500000015], [103.9116440000001, 23.194269000000055], [103.90686800000017, 23.202028999999968], [103.91056500000016, 23.234878999999985], [103.92659400000001, 23.246617000000057], [103.93333100000001, 23.261246000000057], [103.92453000000012, 23.273879000000107], [103.90990100000012, 23.307055000000013], [103.90171400000006, 23.315959999999983], [103.88714600000012, 23.32186200000008], [103.88100900000003, 23.329982000000115], [103.85221100000007, 23.335980000000077], [103.824822, 23.355497000000035], [103.82322000000013, 23.3551249999999], [103.82121700000015, 23.354544000000054], [103.81910800000009, 23.346086000000035], [103.81815000000005, 23.344754000000044], [103.81644500000002, 23.343119000000122], [103.81350400000004, 23.34058300000008], [103.80619100000015, 23.35756300000009], [103.80635900000003, 23.360781000000074], [103.80997800000014, 23.36692300000005], [103.81382400000004, 23.37366000000005], [103.81136300000017, 23.393754000000143], [103.80946699999997, 23.398008000000047], [103.80531700000014, 23.403101999999997], [103.80153300000005, 23.408254000000127], [103.81548700000016, 23.41835200000004], [103.8175280000001, 23.431227000000042], [103.81407200000014, 23.437119000000116], [103.80766700000007, 23.442624000000144], [103.80093400000004, 23.44598100000008], [103.79692499999999, 23.44854299999988], [103.79962900000007, 23.451449000000068], [103.80302000000016, 23.453468000000143], [103.80611000000003, 23.457214000000114], [103.80699500000007, 23.462587000000056], [103.80760600000018, 23.466821999999986], [103.80704200000005, 23.470901000000154], [103.80477900000004, 23.473455000000087], [103.80279200000012, 23.47331000000017], [103.79723800000014, 23.472450999999886], [103.79132500000009, 23.472118000000044], [103.78830000000009, 23.474100999999983], [103.78659500000006, 23.47630400000009], [103.798924, 23.49577200000008], [103.797127, 23.496578000000156], [103.79512900000006, 23.495864000000054], [103.79209600000011, 23.49257800000013], [103.77477299999997, 23.494665000000147], [103.76586200000003, 23.503423000000033], [103.75351000000015, 23.497992999999994], [103.73120500000007, 23.495661999999953], [103.73300200000008, 23.513355999999973], [103.73028200000009, 23.515327000000163], [103.72395000000003, 23.517629000000028], [103.71974999999989, 23.519333000000152], [103.7177700000001, 23.52169800000008], [103.71805199999999, 23.524274000000055], [103.72050500000009, 23.52556900000009], [103.73347500000014, 23.530953000000054], [103.73488199999994, 23.533458000000017], [103.73678999999997, 23.537209000000047], [103.74010499999999, 23.538043000000044], [103.74370600000003, 23.537259999999918], [103.74552200000002, 23.538158000000053], [103.74530100000003, 23.540169], [103.74365200000001, 23.54299200000016], [103.73323100000002, 23.54080500000004], [103.73184199999994, 23.54414500000017], [103.73008700000011, 23.54828600000014], [103.72638700000005, 23.55193500000008], [103.72292000000007, 23.553015000000087], [103.7180490000001, 23.551856000000114], [103.71309699999999, 23.550005000000084], [103.708142, 23.546577000000134], [103.70475100000009, 23.54471200000001], [103.69474500000015, 23.522285999999973], [103.69267300000013, 23.52104500000005], [103.69111300000002, 23.521400999999933], [103.68708800000005, 23.52350200000013], [103.68054600000002, 23.528492000000178], [103.67799400000007, 23.529144000000123], [103.672425, 23.52680800000011], [103.65883700000006, 23.511407000000005], [103.65298100000012, 23.510148000000108], [103.64714100000009, 23.51050399999999], [103.64279600000012, 23.510458999999997], [103.63466300000007, 23.519586000000125], [103.62501150000007, 23.5266930000001], [103.60557200000004, 23.53218300000004], [103.59952600000001, 23.537397000000148], [103.59539800000005, 23.541096000000138], [103.59194999999997, 23.545030000000033], [103.59043099999995, 23.569061000000005], [103.58538100000001, 23.579878000000164], [103.61246200000008, 23.58686199999991], [103.61518200000008, 23.589704999999952], [103.61583700000008, 23.593416999999953], [103.61774100000007, 23.59604400000015], [103.63288500000004, 23.60571200000001], [103.63747100000006, 23.62394900000011], [103.64750700000018, 23.631723999999934], [103.64796900000003, 23.633378999999998], [103.64822000000001, 23.637251999999997], [103.64938000000006, 23.64028100000015], [103.65371000000005, 23.646040000000056], [103.65813900000003, 23.650705000000038], [103.66073700000007, 23.65587800000013], [103.65881000000013, 23.669787000000063], [103.64497800000001, 23.680977000000006], [103.64488700000011, 23.683332000000078], [103.6447260000001, 23.685222000000138], [103.64490200000003, 23.689059], [103.64777800000005, 23.689207000000167], [103.65130300000001, 23.68916400000016], [103.64909400000003, 23.692560000000043], [103.64708700000006, 23.69420099999993], [103.65062400000015, 23.704647000000122], [103.64493700000017, 23.71233300000013], [103.64601200000011, 23.713582000000002], [103.64796900000003, 23.715061999999975], [103.64884200000014, 23.717211000000148], [103.64770199999997, 23.71855200000008], [103.64612700000004, 23.722926000000058], [103.64495900000003, 23.729478000000114], [103.64050800000017, 23.73381100000016], [103.64223600000014, 23.73712200000002], [103.6442300000001, 23.7411720000001], [103.64313199999995, 23.743191999999993], [103.63841300000001, 23.741165000000052], [103.63691700000005, 23.740888000000048], [103.62896800000013, 23.750706999999885], [103.64272800000018, 23.766637999999965], [103.64828900000003, 23.81257400000012], [103.65060000000011, 23.816337000000075], [103.65259900000014, 23.819404000000176], [103.64137999999994, 23.819698000000166], [103.64040000000011, 23.821455000000057], [103.64101099999996, 23.825788000000017], [103.65059300000007, 23.827926000000076], [103.65326700000017, 23.838135999999935], [103.6645290000001, 23.85513200000011], [103.658905, 23.868870999999928], [103.6610380000001, 23.871126000000075], [103.6814810000001, 23.875593000000016], [103.68650500000012, 23.88430100000003], [103.70586000000019, 23.892146000000047], [103.69995900000008, 23.896713999999996], [103.70243900000011, 23.90845000000008], [103.69079600000008, 23.916260000000044], [103.6864360000001, 23.922933999999984], [103.69927200000008, 23.93202300000008], [103.6998869999999, 23.937206000000025], [103.69589599999999, 23.941618000000034], [103.69336300000002, 23.94555199999993], [103.69052500000004, 23.947200000000038], [103.68703900000008, 23.947162], [103.68078300000009, 23.94314900000014], [103.67897100000009, 23.941913000000014], [103.67697200000006, 23.942198000000147], [103.65001300000004, 23.964549000000112], [103.64796500000006, 23.968705999999983], [103.64642800000007, 23.97135300000015], [103.64443200000012, 23.973101000000007], [103.64144500000006, 23.97472900000006], [103.63874800000002, 23.97498300000003], [103.62882300000004, 23.972502000000006], [103.63777600000007, 23.98486599999992], [103.63596400000007, 23.989703000000006], [103.63519400000013, 23.9935020000001], [103.61460900000009, 24.01588199999989], [103.612373, 24.022325999999985], [103.59044600000013, 24.04448600000004], [103.57891100000015, 24.05183700000004], [103.57878900000019, 24.069625000000116], [103.57231900000008, 24.086692000000042], [103.57972300000002, 24.106236000000102], [103.59692400000002, 24.12795000000012], [103.62672900000015, 24.143961999999974], [103.625149, 24.157348999999975], [103.63770700000005, 24.174314000000074], [103.66959800000012, 24.189545000000145], [103.68786700000003, 24.18540700000007], [103.694711, 24.2078640000001], [103.70760700000014, 24.201615000000153], [103.72607400000008, 24.200306000000026], [103.77475800000015, 24.208765000000042], [103.78257799999997, 24.219292000000017], [103.78594300000012, 24.238108000000146], [103.78379100000005, 24.25013200000008], [103.80791200000002, 24.259878], [103.81543000000005, 24.270998000000098], [103.81305300000002, 24.286146000000052], [103.81587999999991, 24.290146000000078], [103.81509800000012, 24.300493999999986], [103.81984400000005, 24.305610000000065], [103.836514, 24.3123560000001], [103.85061000000005, 24.34526600000011], [103.86166400000009, 24.36271299999995], [103.88153500000003, 24.368301000000002], [103.88746700000004, 24.377389000000015], [103.90599500000005, 24.383564000000057], [103.91075500000008, 24.395113999999943], [103.93876300000004, 24.427975000000067], [103.95882099999992, 24.44199800000002], [103.96755300000004, 24.443218000000066], [103.98608800000002, 24.438109000000118], [103.99998900000008, 24.450618000000034], [104.01024000000004, 24.45130400000013], [104.02965300000002, 24.44361700000004], [104.04407500000002, 24.425320000000127], [104.05218100000015, 24.42376199999992], [104.14148000000003, 24.46055199999997], [104.15672000000012, 24.45503700000009], [104.17644500000006, 24.458021000000073], [104.18929400000005, 24.44754000000009], [104.19947900000005, 24.450522], [104.202587, 24.44137400000008], [104.21163600000015, 24.43268700000003], [104.21251300000006, 24.424028999999983], [104.22610900000004, 24.42060199999994], [104.2330700000001, 24.402659000000092], [104.21991000000014, 24.388621999999962], [104.207085, 24.383454000000015], [104.20635300000002, 24.36807700000012], [104.21095300000013, 24.361800999999986], [104.2232630000001, 24.367584000000008], [104.22368300000004, 24.3656149999999], [104.22420100000008, 24.364098000000055], [104.2256890000001, 24.36373400000005], [104.23232999999998, 24.36436500000012], [104.2347409999999, 24.364127999999965], [104.24416800000014, 24.35776600000017], [104.25202300000011, 24.362397], [104.25909100000014, 24.35553000000008], [104.26375700000003, 24.36184500000016], [104.2791490000001, 24.362705000000084], [104.28555, 24.353168000000046], [104.28787300000002, 24.351803000000082], [104.28944900000002, 24.350749999999913], [104.29173000000011, 24.35049800000011], [104.30761400000003, 24.359538000000057], [104.31825300000011, 24.358379000000085], [104.33284400000016, 24.369390000000045], [104.34192300000015, 24.370968000000047], [104.34422800000009, 24.37333300000015], [104.34555100000013, 24.37505200000001], [104.34590200000004, 24.375736000000025], [104.34518500000004, 24.377360999999922], [104.34446400000007, 24.37875700000005], [104.34449400000007, 24.38011299999998], [104.35650699999998, 24.38389000000003], [104.36395000000013, 24.38265400000008], [104.36984300000003, 24.38819199999991], [104.38768400000012, 24.38088599999999], [104.39026700000015, 24.381275000000024], [104.39228900000012, 24.381708000000145], [104.39402400000014, 24.381570000000096], [104.39527500000008, 24.380636999999993], [104.3962520000001, 24.378451999999953], [104.39732000000001, 24.377165000000133], [104.39916300000009, 24.377019000000047], [104.40221500000001, 24.378038000000068], [104.4085280000001, 24.3827279999999], [104.40492, 24.394914], [104.40681100000015, 24.40144500000001], [104.41286100000015, 24.403362000000172], [104.41055700000013, 24.412578000000117], [104.41769799999997, 24.41580900000011], [104.41669200000004, 24.425049999999906], [104.45744700000007, 24.442214000000128], [104.46545000000002, 24.442929000000134], [104.46929600000001, 24.438641000000082], [104.50334200000012, 24.444835000000097], [104.52583000000006, 24.43816400000005], [104.54114200000008, 24.442613000000016], [104.54343900000006, 24.44462500000013], [104.54530799999998, 24.446628999999945], [104.54692100000004, 24.448865000000033], [104.548855, 24.456595000000036], [104.55715200000012, 24.45757100000006], [104.56995400000012, 24.448520999999992], [104.56756600000007, 24.446647000000013], [104.57686300000015, 24.42198600000014], [104.59043900000006, 24.425723000000076], [104.61423600000012, 24.424884999999932], [104.6151890000001, 24.423242000000144], [104.6153269999999, 24.42254300000004], [104.61533400000002, 24.42015100000001], [104.62128899999998, 24.41745200000016], [104.62772400000003, 24.400965000000085], [104.61802700000008, 24.39619399999995], [104.60925300000011, 24.378742000000052], [104.648804, 24.36805400000017], [104.6591040000001, 24.35445500000013], [104.67304300000004, 24.347472000000025], [104.68241999999998, 24.330730999999986], [104.700085, 24.31999700000003], [104.7201620000001, 24.33490900000008], [104.72572800000003, 24.346402000000133], [104.71214, 24.35866400000004], [104.71779300000003, 24.375155000000092], [104.70901200000002, 24.38840200000014], [104.70741399999996, 24.41054700000003], [104.701459, 24.424349000000078], [104.7140390000001, 24.44523700000014], [104.726273, 24.44887899999995], [104.74343600000006, 24.44251100000001], [104.75076300000003, 24.45010700000003], [104.75380300000003, 24.460116000000042], [104.76568300000012, 24.46224099999992], [104.77606300000011, 24.44691800000014], [104.7990849999999, 24.44561000000001], [104.81317200000008, 24.439480000000046], [104.82344100000003, 24.442918999999932], [104.83357700000015, 24.451191000000016], [104.84328100000015, 24.450121000000124], [104.85083400000016, 24.439983000000012], [104.86201900000013, 24.441578000000085], [104.86635199999992, 24.434237000000024], [104.88100400000005, 24.434918999999965], [104.9000360000001, 24.43108499999991], [104.90335100000011, 24.42740600000006], [104.91877400000008, 24.426871000000027], [104.91777000000015, 24.423576000000068], [104.92388900000017, 24.419295999999882], [104.92512200000004, 24.410040000000002], [104.93407900000005, 24.411257999999883], [104.94036500000004, 24.40860100000004], [104.95186300000016, 24.414753000000047], [104.96288300000015, 24.410695000000104], [104.97556400000009, 24.414390000000118], [104.98886500000017, 24.433266999999972], [104.99498800000018, 24.431052000000108], [105.01264200000017, 24.438068000000015], [105.0168920000001, 24.434961000000065], [105.03301700000006, 24.44250300000006], [105.04995400000007, 24.443497000000058], [105.05232700000013, 24.43431900000006], [105.056046, 24.431964999999977], [105.06732999999998, 24.43234400000007], [105.0836800000001, 24.42199900000015], [105.08630100000006, 24.421788000000014], [105.09147300000006, 24.421707000000147], [105.106145, 24.41508300000008], [105.10711400000014, 24.411879000000013], [105.098355, 24.403546000000034], [105.10707500000011, 24.39707800000017], [105.09405500000001, 24.390602999999913], [105.10577000000013, 24.377900000000018], [105.10894400000004, 24.367936], [105.12104100000013, 24.37302300000008], [105.12557300000013, 24.37002000000004], [105.14110300000007, 24.371119000000107], [105.14910600000002, 24.361089999999955], [105.16073599999996, 24.35827100000003], [105.16671800000009, 24.34820200000003], [105.17273400000013, 24.347684999999977], [105.17615500000002, 24.34368600000012], [105.18812999999992, 24.343732000000017], [105.18924, 24.33845100000005], [105.19574400000008, 24.33264799999997], [105.18718000000008, 24.32133400000007], [105.18473400000002, 24.32026599999999], [105.1813320000001, 24.31851700000005], [105.17756700000015, 24.316116999999984], [105.17360300000009, 24.31216700000001], [105.17098300000002, 24.30904500000006], [105.16985000000007, 24.307153000000014], [105.17847500000013, 24.296302000000146], [105.175004, 24.29016000000017], [105.16474200000002, 24.29112300000009], [105.16286100000018, 24.289223000000092], [105.16135100000011, 24.286814999999898], [105.16191100000009, 24.284566999999967], [105.16436500000009, 24.283875000000087], [105.16812600000006, 24.283346000000016], [105.16962900000007, 24.282305000000036], [105.18257200000002, 24.264679000000044], [105.17616700000013, 24.256246000000047], [105.20028400000002, 24.256917000000144], [105.203079, 24.245173999999928], [105.20137800000012, 24.23500100000011], [105.20913000000009, 24.22033000000001], [105.22977200000005, 24.222188000000088], [105.23163300000002, 24.21149399999998], [105.23313600000003, 24.210802000000008], [105.23529200000007, 24.21309100000004], [105.23763400000004, 24.213622000000015], [105.23972800000011, 24.21131600000008], [105.2401019999999, 24.20959200000008], [105.23468400000004, 24.18680000000004], [105.23059900000008, 24.180624000000094], [105.22610600000004, 24.17956100000007], [105.22425200000002, 24.169954000000104], [105.21926200000016, 24.167845000000042], [105.21612599999995, 24.16151600000005], [105.21538929588934, 24.16118314715832], [105.21419600000003, 24.16064400000002], [105.2124450000001, 24.16148900000004], [105.203575, 24.171737000000014], [105.19646100000008, 24.167477000000147], [105.18686300000014, 24.170457000000155], [105.185528, 24.166437000000073], [105.17978700000016, 24.16981200000008], [105.17462599999999, 24.154571000000068], [105.18026800000017, 24.15253000000004], [105.18137000000004, 24.148239000000004], [105.17623600000016, 24.14218400000012], [105.1757549999999, 24.134545999999915], [105.19215800000003, 24.12768200000015], [105.19647600000008, 24.112031999999964], [105.20442600000007, 24.107114000000095], [105.20849700000011, 24.099800000000137], [105.21844900000002, 24.092784000000144], [105.22615799999998, 24.093637000000022], [105.22802000000004, 24.08327600000002], [105.24689200000009, 24.078062000000088], [105.25660799999994, 24.064065000000156], [105.26244100000001, 24.067399000000144], [105.27742800000014, 24.068356000000016], [105.28797200000001, 24.079553999999995], [105.2889220000001, 24.082486000000024], [105.28861700000009, 24.083333000000117], [105.28778899999989, 24.08560000000002], [105.27016200000007, 24.09565100000004], [105.26997800000012, 24.09892400000013], [105.26980300000002, 24.10323799999994], [105.27037100000013, 24.10582200000013], [105.27335399999996, 24.105813000000097], [105.27749699999998, 24.10546500000008], [105.28239100000009, 24.10511699999998], [105.29239299999998, 24.11665800000018], [105.29894700000001, 24.114220000000074], [105.31270300000008, 24.119547000000033], [105.31628499999998, 24.119544000000047], [105.31910800000014, 24.11885500000006], [105.32606599999995, 24.10981200000004], [105.32962899999998, 24.097698000000122], [105.33613600000004, 24.09844599999993], [105.3383910000001, 24.097238000000075], [105.34140900000006, 24.095511000000002], [105.34291600000005, 24.093612000000086], [105.34291200000007, 24.09154400000004], [105.34277400000002, 24.088889000000016], [105.35624000000007, 24.086758999999994], [105.36135099999993, 24.080357999999904], [105.37341800000004, 24.07968799999989], [105.37831600000001, 24.070821000000045], [105.39560700000001, 24.06566400000012], [105.39735400000013, 24.05454100000013], [105.40274800000003, 24.046013000000087], [105.40197400000012, 24.04078900000004], [105.40428199999995, 24.04097200000008], [105.40616600000004, 24.040181000000004], [105.41279300000001, 24.03149800000002], [105.43866400000007, 24.037383000000133], [105.44665900000007, 24.03210699999996], [105.4577030000001, 24.03226700000014], [105.47856500000015, 24.021888999999973], [105.48978499999998, 24.01994499999998], [105.49687700000004, 24.02740700000001], [105.5060170000001, 24.02760800000012], [105.5069660000001, 24.034160999999997], [105.50193099999998, 24.04818700000002], [105.50750000000005, 24.06689400000002], [105.51481300000003, 24.07766900000008], [105.51457299999997, 24.09849700000015], [105.51693000000012, 24.105480999999983], [105.51887200000004, 24.108312000000097], [105.52787100000015, 24.117198000000094], [105.52507800000016, 24.129753000000086], [105.52652400000008, 24.13130500000007], [105.52904199999998, 24.132390999999956], [105.52967500000003, 24.13266499999989], [105.54637900000012, 24.126290999999988], [105.55468399999992, 24.13202900000011], [105.56583800000007, 24.134245000000142], [105.58265400000002, 24.131892999999963], [105.59603500000006, 24.14123600000002], [105.6134460000001, 24.13857300000013], [105.62312000000011, 24.131349000000156], [105.62722100000013, 24.115033000000018], [105.62556900000006, 24.106157000000138], [105.626938, 24.104557000000092], [105.62786500000013, 24.104102000000104], [105.62863600000016, 24.10394500000008], [105.63083300000004, 24.104046000000004], [105.63309048942975, 24.105520680909834], [105.63381200000006, 24.105992000000164], [105.63416700000002, 24.103876000000056], [105.63137500000012, 24.100294000000154], [105.63068800000012, 24.098110000000105], [105.63128700000013, 24.095804000000086], [105.6322100000001, 24.093042000000175], [105.64403600000017, 24.090400000000066], [105.64402800000005, 24.088503000000138], [105.64298700000006, 24.086310000000054], [105.64288400000007, 24.08608899999998], [105.63271700000013, 24.08095700000017], [105.64213200000003, 24.063473000000023], [105.63854700000005, 24.047618000000014], [105.64979599999998, 24.034722000000052], [105.6530350000001, 24.035615000000043], [105.65502199999995, 24.039216000000096], [105.65783799999988, 24.040368000000022], [105.67214599999997, 24.04099400000004], [105.67915400000001, 24.051414000000037], [105.69414200000013, 24.057024000000048], [105.69807100000014, 24.066205000000117], [105.70095500000002, 24.066339000000013], [105.70164827456232, 24.066429875859477], [105.70370900000016, 24.06670000000004], [105.71555700000002, 24.06113500000002], [105.72372400000003, 24.063231999999978], [105.72686400000003, 24.062100000000108], [105.73301300000006, 24.058913000000025], [105.73488300000005, 24.058741000000005], [105.7403150000001, 24.061069000000067], [105.74177303040778, 24.0614331510572], [105.74338200000001, 24.061834999999945], [105.74819200000009, 24.069711999999946], [105.75724500000004, 24.074101999999996], [105.7729010000001, 24.0689449999999], [105.78301700000009, 24.069957000000052], [105.797559, 24.058812000000017], [105.79769599999989, 24.05623100000016], [105.79703200000009, 24.052265000000105], [105.78609499999996, 24.0422990000001], [105.78572900000013, 24.038560000000174], [105.784684, 24.03476600000014], [105.79315300000013, 24.026474000000086], [105.82186900000005, 24.03376199999994], [105.84058800000005, 24.025886000000106], [105.84844200000012, 24.05979400000009], [105.85306600000007, 24.05917299999996], [105.85599900000003, 24.059641000000042], [105.858879, 24.057353000000006], [105.86109600000012, 24.054107000000016], [105.87286799999998, 24.052198999999888], [105.88909600000014, 24.043237999999988], [105.89845800000008, 24.049889000000157], [105.90454900000009, 24.07435700000005], [105.89266300000003, 24.088711000000117], [105.90004000000005, 24.09191300000002], [105.8987809999999, 24.09375400000011], [105.89752299999998, 24.09587200000003], [105.89663800000012, 24.097854000000062], [105.89914799999997, 24.11280800000013], [105.92295900000012, 24.124210000000026], [105.92659500000005, 24.12399100000011], [105.92840700000005, 24.123948000000105], [105.92904000000001, 24.122915000000077], [105.92823100000005, 24.121413000000146], [105.92942900000006, 24.119233000000072], [105.94334100000006, 24.1128], [105.95384600000008, 24.115886999999894], [105.95685700000016, 24.11452100000011], [105.95903566344839, 24.114216756468764], [105.96059499999993, 24.113999], [106.00335400000003, 24.127852000000004], [105.99530900000006, 24.121243000000113], [106.00819000000003, 24.10256200000005], [106.02197699999999, 24.105653000000004], [106.02421700000005, 24.102666000000127], [106.02026400000001, 24.096444999999925], [106.01129200000018, 24.092968999999997], [106.01498899999993, 24.08513400000001], [105.99708200000003, 24.07692399999999], [105.99535800000004, 24.067605000000135], [106.01611700000008, 24.052336999999937], [106.01957000000014, 24.041406000000023], [106.03434400000006, 24.034436000000014], [106.03859000000001, 24.035657000000143], [106.048078, 24.02408700000003], [106.06156200000002, 24.019430000000085], [106.07989600000016, 24.02443400000005], [106.07445200000002, 24.01900400000001], [106.08618300000005, 24.011663000000127], [106.0878110000001, 24.004692000000126], [106.08101300000003, 24.002592000000014], [106.07747000000015, 23.995914000000006], [106.08396200000013, 23.99128200000009], [106.09241100000003, 23.99186000000013], [106.10340500000001, 23.98044499999996], [106.1087840000001, 23.969592000000105], [106.13455700000004, 23.957657000000076], [106.13749300000015, 23.926214000000037], [106.14862800000006, 23.910979000000076], [106.15172200000009, 23.89747000000002], [106.15677300000003, 23.893669000000116], [106.15802800000013, 23.891370000000144], [106.15899700000001, 23.885783999999987], [106.16713700000011, 23.8869389999999], [106.16869800000012, 23.885792000000116], [106.17057800000006, 23.883925000000005], [106.17232200000012, 23.88337599999997], [106.1884499999999, 23.88556000000002], [106.19656400000005, 23.875671000000075], [106.19201300000009, 23.862280000000013], [106.17249800000012, 23.86670199999996], [106.17029599999992, 23.862930000000148], [106.17489300000004, 23.849227000000027], [106.1933250000001, 23.839601000000087], [106.19443500000011, 23.83272599999995], [106.18994900000001, 23.82355900000006], [106.18076400000015, 23.817664000000008], [106.15235900000003, 23.8211120000001], [106.14542799999997, 23.811202000000108], [106.13870700000004, 23.813475999999966], [106.13842400000007, 23.80449700000009], [106.13667254441108, 23.803817689638883], [106.13514699999993, 23.803226000000087], [106.13410600000003, 23.800179000000043], [106.14084700000001, 23.7825300000001], [106.138509, 23.781388000000113], [106.13757799999999, 23.779249000000057], [106.13836400000008, 23.77754000000005], [106.13992300000004, 23.776117999999904], [106.14399400000016, 23.77369700000005], [106.14044200000006, 23.753590999999943], [106.14515000000006, 23.746572000000143], [106.145173, 23.73471400000009], [106.14674800000012, 23.73229600000004], [106.14925399999998, 23.728863000000032], [106.15159300000008, 23.72743100000003], [106.15831000000001, 23.726266999999915], [106.15973300000016, 23.724996999999995], [106.16020600000004, 23.721854000000086], [106.154278, 23.70770500000001], [106.15476700000013, 23.697138000000017], [106.14666400000002, 23.687450000000098], [106.15042500000007, 23.677289999999942], [106.15049400000001, 23.661994999999905], [106.13896599999998, 23.645340000000047], [106.13870700000004, 23.635313999999966], [106.13327400000011, 23.62081099999991], [106.11940100000014, 23.611459000000167], [106.11800900000007, 23.608733000000036], [106.116604, 23.605871000000022], [106.11568100000001, 23.603429000000034], [106.11828700000015, 23.589077999999944], [106.14095800000013, 23.57488100000007], [106.12618299999995, 23.56313100000007], [106.11842400000012, 23.54568699999995], [106.1047180000001, 23.53593700000014], [106.10381000000012, 23.52593100000002], [106.09508200000005, 23.52919300000009], [106.08088800000016, 23.526011999999888], [106.07826299999996, 23.514858000000082], [106.06990100000006, 23.508994000000015], [106.07641300000009, 23.504704999999973], [106.07085400000004, 23.499084000000025], [106.07025899999994, 23.49062999999998], [106.05627800000016, 23.492327000000145], [106.05490100000009, 23.487165000000076], [106.0522540000001, 23.486725], [106.04713100000006, 23.483838000000134], [106.03378400000008, 23.48987100000015], [106.02651300000014, 23.477649], [106.01737300000008, 23.474644000000055], [106.01413400000014, 23.467316000000004], [106.01429399999998, 23.464165000000058], [106.01508399999997, 23.461879000000096], [106.01571000000015, 23.460591999999927], [105.99710500000016, 23.44934199999991], [105.98280700000001, 23.46052700000014], [105.99393800000013, 23.471583999999915], [105.993885, 23.482618999999907], [105.98978800000013, 23.492769000000038], [105.96784700000016, 23.492706000000062], [105.96154000000004, 23.49967499999999], [105.95552100000012, 23.496236000000103], [105.94770900000016, 23.497473000000134], [105.93418099999995, 23.50741500000011], [105.93071800000013, 23.507368999999947], [105.925259, 23.507947000000073], [105.92067800000004, 23.508216000000125], [105.90327100000005, 23.500833999999962], [105.90076100000002, 23.50339100000005], [105.90260699999999, 23.508253999999987], [105.89971600000007, 23.522675000000092], [105.8849800000001, 23.532018000000065], [105.8729680000001, 23.534703], [105.85084499999991, 23.52694600000016], [105.8497430000001, 23.530662000000135], [105.84896500000005, 23.53094700000009], [105.84584800000007, 23.530636000000115], [105.8363919999999, 23.527620000000148], [105.82770900000008, 23.51972000000002], [105.82635355473704, 23.52047290776114], [105.82386000000011, 23.521857999999995], [105.82149900000016, 23.52098800000013], [105.81166899999997, 23.506951000000086], [105.81597200000002, 23.482106], [105.80822400000011, 23.469033000000053], [105.79763800000015, 23.47314100000004], [105.75859899999999, 23.46419400000015], [105.75141500000012, 23.45848100000014], [105.74880200000011, 23.451600000000127], [105.75069900000004, 23.445902000000117], [105.74515500000015, 23.438016000000083], [105.72934000000001, 23.43247799999999], [105.71220100000006, 23.411782000000002], [105.69412700000012, 23.39804800000016], [105.68341100000006, 23.39984700000015], [105.67695700000003, 23.40941800000016], [105.668736, 23.411384000000027], [105.66195700000006, 23.403404999999935], [105.64536300000002, 23.407200000000138], [105.62836500000012, 23.404940000000018], [105.63375500000004, 23.4006300000001], [105.65470200000001, 23.396513000000162], [105.66576000000013, 23.390700000000052], [105.66811400000003, 23.388147000000025], [105.67092900000007, 23.385734000000035], [105.67188300000014, 23.377403000000044], [105.68979700000015, 23.37135100000014], [105.69105200000007, 23.369499000000026], [105.69153300000008, 23.36763799999997], [105.69107500000003, 23.36605900000015], [105.683525, 23.359576000000025], [105.67001700000012, 23.360498000000106], [105.66695100000001, 23.355455000000028], [105.67102099999997, 23.351194999999983], [105.68220200000005, 23.349826000000128], [105.69754900000012, 23.33277900000008], [105.69629399999994, 23.33027000000014], [105.69429100000002, 23.328251000000066], [105.69186924669475, 23.327857122994565], [105.689778, 23.327517000000086], [105.6833470000001, 23.32931400000009], [105.67565600000003, 23.32559600000004], [105.67040700000004, 23.327825999999988], [105.66852600000001, 23.32924499999998], [105.66804899999991, 23.330247000000014], [105.67091800000006, 23.34345600000003], [105.66152600000011, 23.35069100000011], [105.64928400000008, 23.350045000000044], [105.64710200000002, 23.349458000000055], [105.64706028108094, 23.349425127726796], [105.64620600000013, 23.348752000000083], [105.64486400000013, 23.341579000000067], [105.63276300000004, 23.338346999999906], [105.62179200000018, 23.327381000000024], [105.61326600000012, 23.329122000000012], [105.60957000000003, 23.3247820000001], [105.61039000000002, 23.31798100000013], [105.59101899999999, 23.315845000000145], [105.58341999999998, 23.309759000000007], [105.58785600000002, 23.299092999999992], [105.57684300000007, 23.292638000000053], [105.56952700000012, 23.29444100000002], [105.57049200000003, 23.289712000000073], [105.56619300000014, 23.282223000000023], [105.56690300000008, 23.26629400000011], [105.56242800000001, 23.261242999999986], [105.56293100000006, 23.257088000000103], [105.55407000000018, 23.254856000000167], [105.54893199999997, 23.248934000000098], [105.5431220000001, 23.25108500000008], [105.53419900000006, 23.24794399999999], [105.52806199999989, 23.239735999999958], [105.53076200000008, 23.23161199999995], [105.52888600000011, 23.226776000000115], [105.54066900000001, 23.206264000000075], [105.54681400000004, 23.201535999999948], [105.54032500000014, 23.198637000000154], [105.54192400000002, 23.193533000000087]]]}}, {"type": "Feature", "properties": {"name": "普洱市", "kind": "0137", "admin_code": "530822", "code_1": 5308}, "geometry": {"type": "Polygon", "coordinates": [[[100.74622000000002, 24.787467000000007], [100.75290400000016, 24.78441200000001], [100.76676199999996, 24.768863000000096], [100.7681769999999, 24.74957500000008], [100.77690200000015, 24.74024900000009], [100.7873460000001, 24.738223000000147], [100.79961400000013, 24.72591000000002], [100.80255500000013, 24.72542400000004], [100.80708700000011, 24.732938000000026], [100.81448100000011, 24.736502000000037], [100.82449300000002, 24.7299590000001], [100.84165700000015, 24.73434800000016], [100.85064, 24.730701000000032], [100.8617219999999, 24.731273000000108], [100.87053800000004, 24.72627999999999], [100.89812499999991, 24.749290000000123], [100.8994989999999, 24.75000200000006], [100.900723, 24.75063000000015], [100.90379800000005, 24.750894000000145], [100.9120490000001, 24.743243000000014], [100.90633499999993, 24.73608900000015], [100.91443700000015, 24.72705700000015], [100.91967900000009, 24.729130000000076], [100.93101100000014, 24.7268359999999], [100.94086900000009, 24.732595000000067], [100.94542000000006, 24.729022000000022], [100.952752, 24.71598100000014], [100.94447300000004, 24.709160000000118], [100.94376000000003, 24.69861000000011], [100.94738500000003, 24.693614000000096], [100.94423399999998, 24.67722099999998], [100.94956699999999, 24.675203000000167], [100.96657200000011, 24.657395000000037], [100.9669840000001, 24.651637000000036], [100.97923300000016, 24.63665200000007], [100.98297900000014, 24.62484099999991], [101.00025300000014, 24.60851100000012], [100.99872600000009, 24.599300000000056], [101.02018800000005, 24.579761000000055], [101.02335800000014, 24.570972000000005], [101.02155800000007, 24.564302000000126], [101.04007800000014, 24.55880000000017], [101.03828100000013, 24.54400200000004], [101.03175000000013, 24.537332000000077], [101.04481500000003, 24.522336000000088], [101.04311400000016, 24.510476000000047], [101.03899800000013, 24.50570400000001], [101.04927500000011, 24.498920000000027], [101.05374199999997, 24.489081000000134], [101.07548900000013, 24.479583000000126], [101.07781200000014, 24.465943000000067], [101.08298100000007, 24.45920700000015], [101.08273700000014, 24.451133000000013], [101.122204, 24.419775000000165], [101.126397, 24.410786000000172], [101.12458800000007, 24.404396000000105], [101.14496200000006, 24.388861999999925], [101.15163100000012, 24.388672000000014], [101.15526300000008, 24.37914800000007], [101.16471100000004, 24.36792900000013], [101.16592800000001, 24.35122299999997], [101.17279100000013, 24.346221000000078], [101.19340500000008, 24.34216300000005], [101.20364500000002, 24.329748000000095], [101.21283800000002, 24.329227999999972], [101.22589499999998, 24.31823100000001], [101.23173500000001, 24.318760000000083], [101.23986500000017, 24.311186000000106], [101.24263400000012, 24.300418], [101.25246400000006, 24.304637000000028], [101.26960800000015, 24.300477999999906], [101.27532300000014, 24.29599399999998], [101.29456400000001, 24.268266000000004], [101.30940299999989, 24.2376480000001], [101.32612600000003, 24.21588400000003], [101.34240000000007, 24.201172999999997], [101.34120200000007, 24.18413700000015], [101.35102600000005, 24.147542000000065], [101.3564840000001, 24.14250100000006], [101.38100500000002, 24.13321699999991], [101.37788000000009, 24.117919000000065], [101.38196600000012, 24.101858000000064], [101.38960399999999, 24.095219], [101.40788300000008, 24.08967900000001], [101.411858, 24.08169299999996], [101.40838700000005, 24.075299000000093], [101.41088900000011, 24.066293000000115], [101.4052210000001, 24.056453000000054], [101.41040900000002, 24.039032000000148], [101.4216770000001, 24.031680000000065], [101.4299620000001, 24.03232], [101.44171200000011, 24.02811399999998], [101.4423110000001, 24.01576900000004], [101.45288900000013, 23.99821600000005], [101.45288900000013, 23.995924000000123], [101.44911300000015, 23.990219000000067], [101.4484790000001, 23.9885040000001], [101.477753, 23.981447999999908], [101.48079000000011, 23.969945000000003], [101.48946100000009, 23.959599000000175], [101.49006000000008, 23.956715999999936], [101.490029, 23.950985000000124], [101.50306699999999, 23.941177000000046], [101.51618300000004, 23.94052200000003], [101.52045500000001, 23.929591000000116], [101.53225399999998, 23.920361000000078], [101.49776900000003, 23.898747000000164], [101.488904, 23.874180999999986], [101.45946600000003, 23.843270000000082], [101.45739800000017, 23.85171900000016], [101.44793400000013, 23.850643000000126], [101.44648500000014, 23.85115100000006], [101.44466500000001, 23.85278900000005], [101.443265, 23.854241000000023], [101.43231999999999, 23.85177100000002], [101.43226300000006, 23.849724000000116], [101.43312500000016, 23.845950000000137], [101.43284700000007, 23.845125999999908], [101.42671300000005, 23.847405000000002], [101.39841599999998, 23.829977999999954], [101.40341700000005, 23.825378000000022], [101.40821200000013, 23.822460999999983], [101.41817100000009, 23.81953200000011], [101.42247800000004, 23.81034300000009], [101.41817900000004, 23.80212300000013], [101.42448900000007, 23.78920700000011], [101.42478699999995, 23.78692100000015], [101.4246720000001, 23.785325999999984], [101.42477900000009, 23.781661000000142], [101.42352700000005, 23.78052000000006], [101.4216470000001, 23.77824300000013], [101.41727900000001, 23.774254999999947], [101.40665900000008, 23.77086300000004], [101.40659700000009, 23.758818000000147], [101.409055, 23.75308100000011], [101.40924900000013, 23.752529000000003], [101.4096650000001, 23.75135199999996], [101.41960200000001, 23.744996000000043], [101.419003, 23.742308000000122], [101.41938100000002, 23.74056900000012], [101.41940700000004, 23.74021299999989], [101.422924, 23.74148200000017], [101.42556799999991, 23.723549], [101.42798299999997, 23.721590999999997], [101.43248400000006, 23.721947000000142], [101.4388050000001, 23.730548000000006], [101.45562000000014, 23.732733999999958], [101.46564900000003, 23.75987300000004], [101.46832000000005, 23.760723000000027], [101.47142799999999, 23.761236000000018], [101.47555200000015, 23.762905999999994], [101.48023300000003, 23.76689800000007], [101.485413, 23.77523800000001], [101.48705000000008, 23.77671799999999], [101.50140099999999, 23.78008000000007], [101.51384000000016, 23.77543400000006], [101.52761499999994, 23.785098000000126], [101.53072800000001, 23.785639000000124], [101.533143, 23.7857160000001], [101.54621900000011, 23.775233000000043], [101.54699700000018, 23.771121000000072], [101.55195700000004, 23.76053900000008], [101.56998100000011, 23.74606600000002], [101.57017900000015, 23.745130000000024], [101.57257100000001, 23.736339000000072], [101.57426500000001, 23.73027900000013], [101.57197600000015, 23.728158000000143], [101.57020600000007, 23.72695200000001], [101.56646800000006, 23.725258000000004], [101.54840100000017, 23.728192000000114], [101.53969200000007, 23.71924700000003], [101.53994800000012, 23.71550900000001], [101.5407830000001, 23.71141200000013], [101.54028700000009, 23.706382000000147], [101.53640400000016, 23.69075799999998], [101.53714000000005, 23.689176999999994], [101.54048600000004, 23.688772000000057], [101.54386600000011, 23.687735000000053], [101.55408200000002, 23.676724000000007], [101.55607700000006, 23.672870999999972], [101.56127600000016, 23.688234000000044], [101.56518599999995, 23.690966000000046], [101.5691800000001, 23.692932], [101.572777, 23.69341799999998], [101.58171500000003, 23.67929800000008], [101.584191, 23.67755100000013], [101.58790300000008, 23.674678000000092], [101.59224400000008, 23.671788999999976], [101.60207799999992, 23.655090000000122], [101.60706000000002, 23.654493000000024], [101.60954700000016, 23.655047000000117], [101.61205300000003, 23.654469000000077], [101.61326700000012, 23.649874000000025], [101.61321300000009, 23.642427000000076], [101.61382300000011, 23.640125000000033], [101.61504400000007, 23.637823000000168], [101.6165430000001, 23.63738800000006], [101.619835, 23.636818999999967], [101.634434, 23.65089800000002], [101.65127300000006, 23.654793000000062], [101.678875, 23.680999000000135], [101.69305900000013, 23.663126000000133], [101.70358399999995, 23.65675300000005], [101.70604400000018, 23.652154000000024], [101.70103900000012, 23.65045700000004], [101.69731600000003, 23.649350000000013], [101.69480900000016, 23.647063999999965], [101.686563, 23.63048000000012], [101.68157600000002, 23.6270969999999], [101.678452, 23.62539499999994], [101.66537100000001, 23.625470000000014], [101.66518800000014, 23.60854400000003], [101.68679100000003, 23.610613000000157], [101.68271700000011, 23.601061000000037], [101.70230600000016, 23.581352999999993], [101.70434200000004, 23.57129400000011], [101.71312800000011, 23.57300700000009], [101.72337800000017, 23.569117000000105], [101.72402600000014, 23.567745000000095], [101.72525900000002, 23.565451000000003], [101.72520900000015, 23.560287000000038], [101.72023800000007, 23.557463000000055], [101.71649600000006, 23.556343999999932], [101.71399700000006, 23.555779000000165], [101.71827800000008, 23.546017000000163], [101.71195300000005, 23.534010000000038], [101.7255670000001, 23.525891000000087], [101.72797500000003, 23.51612500000011], [101.74850500000014, 23.51827800000008], [101.7632990000001, 23.50382600000016], [101.76881100000018, 23.489382000000013], [101.76713600000015, 23.48829100000016], [101.76559900000017, 23.486921999999957], [101.76511400000001, 23.485328000000138], [101.77918300000003, 23.471031000000075], [101.78462600000009, 23.45493000000014], [101.78212799999999, 23.453229000000086], [101.78088000000011, 23.451516000000105], [101.78148300000001, 23.449221999999928], [101.78270800000001, 23.44749300000013], [101.78455000000001, 23.44574999999989], [101.78328699999996, 23.442320000000038], [101.76956299999998, 23.434981999999962], [101.76881800000005, 23.420082000000008], [101.74588000000001, 23.424278000000086], [101.74462200000002, 23.422563000000117], [101.74337000000017, 23.421420000000047], [101.746292, 23.398469999999996], [101.75797700000012, 23.384050999999964], [101.78409200000013, 23.390152000000008], [101.79583000000002, 23.382033000000057], [101.82057200000011, 23.373818000000156], [101.82177400000009, 23.36979299999993], [101.82175100000015, 23.366924999999952], [101.81921400000002, 23.360075000000016], [101.8173300000001, 23.355500000000106], [101.81793600000015, 23.353776000000103], [101.82350199999999, 23.352580999999994], [101.82724000000009, 23.351986000000146], [101.84523500000006, 23.351850000000084], [101.8494950000001, 23.339795000000073], [101.85935600000013, 23.33397900000007], [101.87562200000004, 23.33194999999997], [101.87368100000002, 23.32351700000006], [101.87865899999989, 23.31429500000015], [101.87217400000003, 23.308631000000112], [101.8911750000001, 23.298256000000016], [101.889409, 23.295734000000067], [101.88575000000012, 23.29263500000016], [101.87451199999995, 23.265483000000152], [101.87368100000002, 23.265809000000125], [101.87131600000009, 23.266839000000083], [101.86925599999992, 23.26730700000008], [101.86835900000003, 23.266083999999964], [101.86782900000006, 23.26155100000007], [101.8662150000001, 23.261000000000045], [101.85244800000001, 23.265748000000052], [101.84758499999998, 23.258005000000125], [101.83259200000006, 23.25448400000012], [101.82449400000007, 23.24882500000014], [101.823864, 23.24653700000001], [101.82383400000018, 23.24310199999993], [101.82990700000013, 23.229868000000153], [101.84096599999998, 23.21659300000001], [101.82639400000008, 23.179442000000016], [101.82699699999998, 23.177146000000114], [101.82759900000005, 23.17542700000017], [101.8288160000001, 23.17254300000011], [101.83494300000008, 23.166184000000122], [101.85292500000004, 23.163207000000007], [101.88135600000001, 23.152110000000036], [101.88506700000002, 23.15150700000006], [101.88755800000015, 23.151493000000144], [101.90998899999998, 23.162225000000113], [101.920086, 23.15922699999995], [101.93199900000016, 23.149917000000045], [101.93974399999999, 23.14890700000005], [101.94419100000013, 23.15640100000016], [101.96917800000006, 23.175402000000055], [101.98221200000008, 23.189755000000133], [101.988946, 23.184523000000134], [101.98635900000001, 23.174218999999965], [101.98514999999998, 23.171968000000142], [101.98241800000007, 23.169501000000125], [101.98074400000012, 23.16797700000015], [102.0022020000001, 23.16610399999999], [102.0023010000001, 23.159803999999994], [102.0016939999999, 23.158071000000135], [101.99298500000006, 23.151823999999998], [101.99357300000004, 23.148375000000087], [102.00024100000002, 23.14393899999996], [102.02267500000002, 23.140646000000075], [102.0357710000001, 23.130406000000136], [102.03336000000009, 23.11950099999998], [102.04273600000013, 23.109806000000013], [102.0631720000001, 23.10819500000003], [102.06504499999991, 23.107059000000007], [102.06567800000013, 23.10534500000012], [102.06693300000006, 23.104208000000014], [102.06513700000014, 23.09502600000004], [102.04299600000014, 23.077686], [102.05055600000003, 23.06052000000014], [102.05553800000013, 23.05827400000011], [102.05740400000016, 23.057140000000075], [102.05484800000005, 23.043339000000017], [102.04525100000004, 23.032476000000045], [102.04403700000012, 23.021886000000016], [102.04181400000004, 23.021236000000144], [102.0391740000001, 23.02178400000001], [102.03615600000015, 23.02136099999992], [102.02930100000015, 23.008223000000008], [102.01376100000002, 22.991504000000006], [102.0072329999999, 22.997899000000046], [102.00590600000014, 22.997022000000044], [102.00521500000016, 22.99579200000006], [102.00226299999999, 22.99312400000011], [101.98417300000014, 22.991223000000026], [101.96595100000005, 22.99205700000011], [101.96325700000008, 22.993371999999937], [101.96038400000003, 22.99499100000004], [101.9590000000001, 22.997033000000066], [101.95916799999989, 22.99787000000004], [101.96081600000008, 22.999963000000022], [101.96817500000003, 23.003505000000168], [101.96827000000008, 23.009269000000046], [101.96743800000016, 23.011763999999978], [101.96748800000003, 23.01945200000015], [101.96581700000016, 23.021937999999963], [101.96315800000005, 23.024713000000062], [101.95279800000006, 23.023813000000025], [101.94945500000011, 23.020416000000154], [101.94437500000008, 23.017894000000027], [101.94133799999997, 23.016040000000103], [101.92649900000018, 23.013583000000025], [101.90538000000001, 23.012295000000037], [101.89667900000005, 23.019005000000114], [101.87570600000006, 23.015208000000186], [101.86743599999997, 22.999899000000056], [101.86647900000008, 22.993124999999928], [101.869168, 22.985444000000065], [101.86492600000003, 22.979476000000098], [101.85999700000005, 22.977039000000076], [101.85525200000002, 22.971593000000134], [101.86035999999999, 22.942500000000024], [101.85696100000003, 22.938207999999996], [101.84969800000002, 22.932171999999994], [101.85109800000004, 22.920821000000146], [101.83179500000003, 22.910895000000075], [101.81371300000015, 22.88808900000012], [101.8036500000001, 22.884406000000034], [101.80045399999999, 22.879190000000115], [101.81797499999999, 22.856546999999885], [101.8232770000001, 22.842830000000113], [101.8361670000001, 22.83149000000011], [101.85088699999991, 22.824976000000085], [101.85960000000006, 22.813255000000176], [101.87498900000006, 22.80417199999996], [101.88666900000013, 22.799927000000174], [101.89964400000005, 22.80021700000001], [101.912297, 22.823989000000132], [101.926617, 22.825645000000016], [101.965622, 22.797805000000103], [101.96935300000015, 22.797410000000106], [101.97722700000008, 22.798501999999957], [101.98490200000006, 22.79795500000008], [101.98764800000008, 22.79589200000001], [101.99261100000003, 22.790480000000123], [101.9959610000001, 22.78717600000013], [102.00959100000003, 22.78001299999997], [102.02902199999998, 22.7500170000001], [102.05579000000002, 22.726584000000138], [102.05795300000003, 22.69097200000003], [102.071999, 22.664526000000173], [102.08210800000012, 22.65274500000001], [102.0892870000001, 22.651124999999993], [102.09925500000008, 22.649436000000044], [102.10890199999992, 22.64618499999991], [102.15130600000003, 22.628232000000125], [102.17938700000016, 22.62679900000004], [102.19689600000007, 22.61695299999993], [102.21474100000006, 22.627937000000053], [102.223668, 22.62516400000012], [102.23393700000011, 22.61534000000014], [102.2462580000001, 22.60998000000003], [102.26214300000011, 22.608038000000107], [102.27638699999997, 22.613991000000077], [102.29291600000005, 22.574150000000003], [102.31327500000003, 22.557496000000143], [102.32086779846298, 22.55759218676856], [102.32063000000002, 22.554972000000028], [102.31768, 22.54877900000001], [102.3134, 22.54506700000001], [102.30378000000002, 22.538389000000002], [102.30163999999996, 22.536408999999956], [102.28743259221595, 22.504663528265326], [102.28616, 22.505843999999996], [102.28428999999998, 22.505845999999984], [102.28082000000002, 22.503620000000012], [102.27708000000001, 22.50015400000003], [102.27573999999998, 22.496436999999972], [102.27439999999996, 22.492472], [102.27667932964098, 22.479726668227883], [102.26494600000004, 22.47616800000005], [102.26074726950715, 22.46497829387757], [102.24775400000007, 22.460738000000035], [102.2662930000001, 22.429713000000028], [102.26491505224351, 22.418885686313786], [102.26277745557938, 22.416752687138455], [102.25986000000003, 22.415520000000043], [102.25745000000003, 22.41527600000002], [102.23878500000014, 22.426915999999977], [102.22017902065599, 22.42718904119088], [102.21190000000001, 22.431708999999977], [102.20321886608997, 22.428731323753247], [102.18535700000012, 22.434702000000172], [102.16929682767415, 22.42825565943376], [102.15813499999993, 22.42981000000006], [102.15373300000012, 22.424383000000006], [102.15455000000003, 22.415018000000074], [102.14387999999997, 22.401278999999995], [102.12975999999998, 22.411213000000018], [102.13076000000002, 22.432189999999984], [102.12694593099752, 22.43425004952242], [102.126408, 22.43460200000007], [102.09517000000014, 22.4449440000001], [102.08103600000007, 22.443344000000053], [102.07314300000016, 22.447604999999918], [102.06011999999998, 22.44860099999999], [102.04453400000003, 22.45872700000009], [102.02218700000005, 22.456779000000026], [102.01300816528348, 22.44543334829283], [102.00023300000007, 22.443389000000046], [101.99654000000004, 22.43432599999997], [101.99019, 22.432773999999988], [101.96508000000001, 22.430129999999984], [101.95311000000001, 22.444530000000043], [101.95131000000003, 22.444477000000006], [101.94931000000003, 22.442762000000037], [101.94795000000002, 22.441025000000025], [101.90955, 22.439577000000035], [101.90852000000004, 22.43627500000003], [101.90922999999998, 22.432075999999967], [101.9145859813544, 22.42508241410468], [101.91368999999996, 22.422252999999984], [101.91131999999998, 22.420671000000006], [101.91112000000004, 22.400883000000007], [101.90630058174489, 22.390243559628175], [101.90149000000002, 22.387537000000023], [101.89956999999998, 22.38474500000003], [101.89908000000003, 22.382020999999973], [101.89456999999999, 22.381470000000036], [101.88915299999988, 22.38820399999988], [101.86395000000002, 22.39105399999997], [101.86129000000001, 22.394848000000003], [101.86018726776825, 22.39532268605997], [101.85886000000012, 22.397112000000007], [101.85737999999998, 22.40536500000003], [101.85496000000002, 22.405929999999977], [101.85288999999999, 22.405409000000034], [101.85036, 22.406335999999996], [101.84749999999997, 22.411567999999995], [101.83599526377904, 22.415472621102353], [101.83231, 22.428218999999963], [101.82915000000003, 22.42964599999999], [101.82655474447479, 22.432616109234196], [101.8263750000001, 22.434346000000026], [101.82537600000005, 22.43789899999993], [101.8288079999999, 22.45673600000002], [101.82095000000004, 22.466140999999972], [101.81853000000001, 22.466349000000044], [101.81293999999995, 22.467743000000006], [101.81194065749699, 22.468639707327064], [101.80816883651823, 22.475584157789477], [101.80949900000017, 22.485376000000045], [101.79897000000004, 22.484545000000033], [101.78298999999998, 22.501343], [101.76263, 22.508514000000027], [101.75862999999998, 22.507942000000035], [101.75443000000001, 22.50260700000004], [101.75322, 22.498116999999972], [101.74915000000004, 22.496116999999963], [101.73866000000001, 22.499830000000046], [101.72828700000008, 22.497749000000077], [101.7297632930057, 22.491356620050887], [101.72469000000001, 22.48291599999999], [101.72283000000004, 22.481550000000027], [101.72013000000001, 22.48140700000001], [101.71773000000003, 22.48220800000003], [101.71574999999999, 22.483950000000007], [101.71384000000005, 22.484375], [101.70622, 22.473909000000013], [101.69220999999996, 22.47333299999996], [101.68612999999996, 22.47509999999997], [101.68427, 22.47647700000004], [101.68226999999999, 22.477979999999967], [101.67687999999995, 22.477812000000007], [101.673, 22.476995000000002], [101.67142000000001, 22.476094999999965], [101.67213500000011, 22.469214000000036], [101.67757000000003, 22.463233999999964], [101.67544000000001, 22.461520999999983], [101.67320999999998, 22.460287000000022], [101.67085000000002, 22.45879199999996], [101.66620300000002, 22.446956000000128], [101.66770200000013, 22.44561999999999], [101.66832699999998, 22.444582999999987], [101.66813000000002, 22.442306999999964], [101.66199999999998, 22.430355000000034], [101.66596716993432, 22.42549648499417], [101.66505000000001, 22.423448999999998], [101.66271999999995, 22.419593999999975], [101.64866000000005, 22.41447999999997], [101.65395400000003, 22.395575000000022], [101.66764996465709, 22.383659402756372], [101.66972999999999, 22.374215999999983], [101.66784000000001, 22.371776999999973], [101.66397, 22.36809499999997], [101.65004999999995, 22.36631800000002], [101.64821999999998, 22.365427000000018], [101.64576, 22.361693999999964], [101.65008000000003, 22.348064000000022], [101.65044515734893, 22.33373974043016], [101.63918000000011, 22.34292100000002], [101.61680999999999, 22.34713399999999], [101.60948600000009, 22.34689000000005], [101.60165899999997, 22.340009000000038], [101.59975200000011, 22.339434000000068], [101.59573799999998, 22.339311000000016], [101.59512000000001, 22.339024000000073], [101.59217500000005, 22.333870000000132], [101.58546500000016, 22.33225699999999], [101.58157800000006, 22.33905400000007], [101.57681300000016, 22.339079000000183], [101.57170500000004, 22.367002000000035], [101.56083700000008, 22.366649999999957], [101.55729400000004, 22.369431999999925], [101.55936399999999, 22.3747559999999], [101.55887200000004, 22.375778000000167], [101.55269999999999, 22.37374400000001], [101.55159400000004, 22.374512000000045], [101.54728400000012, 22.379226000000173], [101.54453000000015, 22.381388], [101.531754, 22.383282000000037], [101.52580300000002, 22.39189799999999], [101.50950300000014, 22.40364899999998], [101.5115850000001, 22.414990000000067], [101.50689000000011, 22.436163000000086], [101.49279399999999, 22.453392999999913], [101.49158099999991, 22.46990600000001], [101.47730300000008, 22.501127000000153], [101.46913900000013, 22.537502000000153], [101.46237600000003, 22.536387999999995], [101.45835599999995, 22.538966000000137], [101.445165, 22.585834000000048], [101.42744100000007, 22.58473400000016], [101.41987200000014, 22.581030000000027], [101.41956000000009, 22.580312000000035], [101.41846100000011, 22.576311000000103], [101.41784300000013, 22.57588699999993], [101.4132310000001, 22.57817900000012], [101.40628899999993, 22.574767000000072], [101.40367899999998, 22.57706399999997], [101.40229800000002, 22.578068999999992], [101.40059700000015, 22.577930999999943], [101.37793400000012, 22.569401], [101.36989600000013, 22.563125000000042], [101.35360800000016, 22.561906000000164], [101.35264300000009, 22.56016600000008], [101.3507390000001, 22.558006000000063], [101.34930500000011, 22.55582900000006], [101.34582600000003, 22.55428600000011], [101.34164800000002, 22.551772000000113], [101.33346600000002, 22.548003000000016], [101.33030000000007, 22.549290000000013], [101.32736300000006, 22.544850999999902], [101.32380000000013, 22.540863000000066], [101.32074000000009, 22.53787600000001], [101.31478500000011, 22.539540000000024], [101.31200100000017, 22.538888000000078], [101.30895699999994, 22.53515000000006], [101.3061950000001, 22.532436000000033], [101.30350900000008, 22.531153999999923], [101.28677100000002, 22.543286999999992], [101.25830899999998, 22.541644000000026], [101.25000000000011, 22.54449500000002], [101.24882900000004, 22.544897000000063], [101.22377799999997, 22.53433800000002], [101.21764000000015, 22.53428400000017], [101.21121200000013, 22.535680000000035], [101.2040990000001, 22.536199000000167], [101.19705199999996, 22.53768000000005], [101.19110200000014, 22.538647000000033], [101.18906100000001, 22.539844000000045], [101.18479200000012, 22.55184400000003], [101.178921, 22.549354000000065], [101.17011299999999, 22.551107000000158], [101.16030200000009, 22.552521999999996], [101.15267699999998, 22.54932700000014], [101.14335700000014, 22.546892999999926], [101.13288500000002, 22.544232999999927], [101.12514899999995, 22.546473999999897], [101.10836800000007, 22.544615000000178], [101.08057900000003, 22.559350000000066], [101.07286900000007, 22.5594219999999], [101.02968600000005, 22.593047], [101.02410900000011, 22.592869000000015], [101.01975300000012, 22.590595000000157], [101.01742600000014, 22.579802000000115], [101.01362600000013, 22.57653000000002], [101.0062530000001, 22.57654799999991], [101.000672, 22.582824000000045], [100.99422099999995, 22.581835000000105], [100.99205100000007, 22.58627400000004], [100.98957899999999, 22.584250999999902], [100.98864799999998, 22.583960999999974], [100.98771400000005, 22.58424100000005], [100.9841550000001, 22.590264000000126], [100.97863100000009, 22.58911700000008], [100.97599900000003, 22.585956000000017], [100.97753600000001, 22.57836800000004], [100.96873900000017, 22.571719000000122], [100.959969, 22.572927000000064], [100.95100800000003, 22.583641000000142], [100.9388129999999, 22.58819800000007], [100.91072900000012, 22.572337999999917], [100.90810799999997, 22.569459000000002], [100.90548400000011, 22.567043000000034], [100.9038780000001, 22.564636999999912], [100.90334400000015, 22.561737000000036], [100.90329100000002, 22.55495200000015], [100.90171100000003, 22.55302300000006], [100.89804200000005, 22.550120000000028], [100.87869300000014, 22.545868000000112], [100.87498900000008, 22.546430000000072], [100.87488600000009, 22.54644500000007], [100.87416100000014, 22.547566000000096], [100.87478700000007, 22.555446000000167], [100.86999900000004, 22.56187900000006], [100.866585, 22.577032000000074], [100.86279700000003, 22.576467000000044], [100.85962000000015, 22.574715000000033], [100.8538100000001, 22.56616800000002], [100.82714500000006, 22.564550999999902], [100.81665500000005, 22.571690000000032], [100.81572800000001, 22.581429000000085], [100.80964700000001, 22.586128000000038], [100.80939600000002, 22.58270600000005], [100.80262100000007, 22.579695000000143], [100.7800980000001, 22.580221000000144], [100.77948000000012, 22.58007400000006], [100.77875600000007, 22.577730000000095], [100.77855000000008, 22.577349000000012], [100.7643700000001, 22.577045999999903], [100.76453000000002, 22.57389299999997], [100.75959000000003, 22.574030000000022], [100.75742400000004, 22.574236000000013], [100.7547690000001, 22.57151399999995], [100.75488300000012, 22.569879000000114], [100.75335699999998, 22.568090999999967], [100.75645500000016, 22.56290200000015], [100.7603080000001, 22.560873000000136], [100.76391600000002, 22.55823700000017], [100.76625500000003, 22.553443000000172], [100.76840999999999, 22.54853300000017], [100.76580100000002, 22.545579000000004], [100.76608300000001, 22.542713000000013], [100.76803600000002, 22.539007000000154], [100.77012300000004, 22.53495600000017], [100.77006900000002, 22.52228600000008], [100.74752399999991, 22.522232000000052], [100.73235000000003, 22.53657700000018], [100.72216900000016, 22.526275000000084], [100.71771300000006, 22.52600100000015], [100.71429500000005, 22.526929000000017], [100.71157500000007, 22.526671999999984], [100.70898800000006, 22.523971000000053], [100.70610799999999, 22.52187500000018], [100.70165700000013, 22.52054899999998], [100.67860800000014, 22.526211000000117], [100.658112, 22.52261799999993], [100.65719999999996, 22.520777999999922], [100.65552499999993, 22.515652999999894], [100.65509000000007, 22.510775000000052], [100.65617400000005, 22.49812200000003], [100.64975400000017, 22.496773000000147], [100.64072799999988, 22.49719000000001], [100.636044, 22.496973999999994], [100.6178249999999, 22.491540000000064], [100.61544800000004, 22.48802000000014], [100.61015800000004, 22.47086500000004], [100.61637200000001, 22.457872000000044], [100.6148230000001, 22.453610000000012], [100.61123300000007, 22.44909200000003], [100.60761300000004, 22.446758999999993], [100.58614400000005, 22.448369999999976], [100.57496400000014, 22.463667000000086], [100.55901000000003, 22.46122499999992], [100.52891900000012, 22.464746000000012], [100.52574500000003, 22.46434700000004], [100.52363200000018, 22.462210000000148], [100.5210339999999, 22.460765000000137], [100.48621400000003, 22.45983600000001], [100.47368300000008, 22.45289100000003], [100.471913, 22.453214000000024], [100.46919700000015, 22.45565300000012], [100.44728500000011, 22.440727999999964], [100.44537799999998, 22.428864999999945], [100.439557, 22.428325999999934], [100.43550199999996, 22.428208000000026], [100.43297300000003, 22.43379800000016], [100.42995200000001, 22.43864200000003], [100.4273810000001, 22.43987100000011], [100.4223830000001, 22.441721000000058], [100.41689, 22.442074000000133], [100.41299200000006, 22.440159000000136], [100.40017700000004, 22.41236200000005], [100.38763900000004, 22.405396000000025], [100.38441200000003, 22.405139000000162], [100.38068500000003, 22.404863999999883], [100.37918900000005, 22.40096800000002], [100.3767250000001, 22.397676999999952], [100.37638200000015, 22.395419000000082], [100.37732400000012, 22.39255500000008], [100.38084500000012, 22.38831800000016], [100.38115400000011, 22.386960000000066], [100.36872100000008, 22.379326000000013], [100.38646300000008, 22.376303000000085], [100.38920200000004, 22.375077000000076], [100.38998400000008, 22.37236600000012], [100.38976800000016, 22.36740200000009], [100.38825300000005, 22.360643000000046], [100.3853080000001, 22.348716000000145], [100.38562500000003, 22.347963000000014], [100.38722300000009, 22.34763800000004], [100.38834100000004, 22.346277000000136], [100.38235200000011, 22.32813300000001], [100.38309500000013, 22.313156000000077], [100.381436, 22.309256999999974], [100.37833500000002, 22.306276000000146], [100.37684300000011, 22.30313000000008], [100.37697300000002, 22.299667000000078], [100.37872400000013, 22.296943000000027], [100.37914700000013, 22.29032800000008], [100.37328400000015, 22.28362500000005], [100.37536700000001, 22.276434000000144], [100.37026200000005, 22.264462000000073], [100.35744100000008, 22.25855200000011], [100.34496400000015, 22.24594600000016], [100.27524200000003, 22.274942000000152], [100.27461299999996, 22.276751000000083], [100.27575400000012, 22.278548000000086], [100.2757580000001, 22.27914800000017], [100.25843500000005, 22.290006000000083], [100.22909600000017, 22.296410999999885], [100.22306500000015, 22.293732999999996], [100.21804900000008, 22.29242300000005], [100.21256700000018, 22.29307100000002], [100.20772200000005, 22.29548700000008], [100.20288100000008, 22.295380999999928], [100.19588200000007, 22.29046100000007], [100.19503500000015, 22.286557000000172], [100.19468400000005, 22.28249900000006], [100.19433300000014, 22.27904300000001], [100.19576000000009, 22.27602100000008], [100.20303300000003, 22.265524000000013], [100.20267500000008, 22.261467000000067], [100.20038999999994, 22.25847700000012], [100.19713300000001, 22.257283000000093], [100.19212800000014, 22.25687599999999], [100.187779, 22.25766700000007], [100.18241900000008, 22.256939000000052], [100.1686409999999, 22.24058100000017], [100.16170200000013, 22.24004299999998], [100.149899, 22.23966700000004], [100.14761400000013, 22.238922000000038], [100.14549300000014, 22.236081999999982], [100.142098, 22.234759000000025], [100.11584100000005, 22.240975000000084], [100.10593499999996, 22.248274000000045], [100.09228900000002, 22.245499000000123], [100.09137700000005, 22.233176000000142], [100.08700600000006, 22.232301000000042], [100.08360800000011, 22.229931000000057], [100.08221500000013, 22.227151000000077], [100.0831420000001, 22.22173099999989], [100.08149800000014, 22.218435000000028], [100.07826299999999, 22.21815300000005], [100.07343400000012, 22.218493999999936], [100.07147300000005, 22.215797999999978], [100.08001800000008, 22.204731000000002], [100.07037800000003, 22.185130999999927], [100.06978300000002, 22.185070000000117], [100.061837, 22.17994800000016], [100.06092100000005, 22.175191000000027], [100.06271100000001, 22.171440000000175], [100.06569800000005, 22.17026799999993], [100.06905499999999, 22.169647000000147], [100.06915000000004, 22.16941100000016], [100.06951600000005, 22.168498000000028], [100.06935200000007, 22.16678400000005], [100.06038300000012, 22.15778300000013], [100.05366199999995, 22.14002700000004], [100.03801800000006, 22.125162000000053], [100.01586600000005, 22.119793000000087], [100.00798100000009, 22.111233000000063], [99.99598799999998, 22.110130000000105], [99.99395500000007, 22.104625000000077], [99.99667800000013, 22.095931000000157], [99.97994200000005, 22.06740500000015], [99.97938600000006, 22.06100099999999], [99.978359, 22.059137000000042], [99.97474300000013, 22.05682800000004], [99.97280600000008, 22.054874000000012], [99.9724390000001, 22.05435800000013], [99.95476265529908, 22.052805786039386], [99.93573400000014, 22.061995000000167], [99.91820672212334, 22.05593881575141], [99.90498399999998, 22.069407999999967], [99.88377400000002, 22.071825000000025], [99.87397800000004, 22.069667999999986], [99.86716499999997, 22.064093000000028], [99.86097699999999, 22.06280500000004], [99.860275, 22.055888999999972], [99.877540713862, 22.040660877995165], [99.8684130000001, 22.038658000000154], [99.86791806189086, 22.037878174834823], [99.866692, 22.037571000000014], [99.864983, 22.031157999999998], [99.85975600000005, 22.027456000000022], [99.85447167376479, 22.027376077680948], [99.83249700000007, 22.03026300000002], [99.83514400000006, 22.038687999999887], [99.8187680000001, 22.04855900000011], [99.81723100000012, 22.048445000000093], [99.81569300000005, 22.048508000000155], [99.8123100000001, 22.04902700000011], [99.80821199999995, 22.054482], [99.782703, 22.055157999999977], [99.76092500000001, 22.07112100000004], [99.74091000000007, 22.074543000000027], [99.73471099999999, 22.068614999999994], [99.72003899999999, 22.066319999999997], [99.71891799999996, 22.06252099999999], [99.72022999999999, 22.053884999999987], [99.72057300000003, 22.047662999999964], [99.71765899999997, 22.043902999999986], [99.69930533609627, 22.042168007394757], [99.68826462998878, 22.047479921797496], [99.69400100000013, 22.058444000000165], [99.69128400000004, 22.07438300000002], [99.68701199999998, 22.077587], [99.68395999999996, 22.078612999999983], [99.67648300000002, 22.076870000000007], [99.67089099999998, 22.078668999999998], [99.66202200000006, 22.089681999999947], [99.65358800000016, 22.092718000000055], [99.65084500000005, 22.105388000000147], [99.6482399999999, 22.106142000000006], [99.63535800000011, 22.105327000000074], [99.61482200000003, 22.094683000000018], [99.597656, 22.11538299999998], [99.592949, 22.111900000000006], [99.59119987038953, 22.1093201068266], [99.58975802654636, 22.10814797970049], [99.58409899999998, 22.106596000000003], [99.58074200000004, 22.105713000000037], [99.574333, 22.105616000000005], [99.56847042882276, 22.107283657609614], [99.56448800000005, 22.117247000000106], [99.55947500000005, 22.118363999999893], [99.553154, 22.109902999999974], [99.53855899999999, 22.110699000000025], [99.52178335900969, 22.098748343013796], [99.50031096963505, 22.115536707804687], [99.49543500000006, 22.126405000000048], [99.48775899999998, 22.12905000000005], [99.48012500000002, 22.137295000000037], [99.46090700000002, 22.12766300000004], [99.44935043869896, 22.115522222758187], [99.44647999999995, 22.114576], [99.43746900000001, 22.113094000000032], [99.43399000000001, 22.10718900000004], [99.43391400000003, 22.10384400000003], [99.42576600000007, 22.11021700000002], [99.41499799999997, 22.107615000000024], [99.40800883717957, 22.09987347184861], [99.39099200000003, 22.100233000000124], [99.3660780000001, 22.107406000000054], [99.36366934317829, 22.1055396409515], [99.36264799999998, 22.105089000000014], [99.35985822801518, 22.09442714527603], [99.34223199999998, 22.098811999999967], [99.32461171952413, 22.094924041728994], [99.32402788751926, 22.0952796929651], [99.32129700000002, 22.099643999999977], [99.31763900000004, 22.10243900000004], [99.30231500000002, 22.102734000000027], [99.29780599999998, 22.109499000000035], [99.29429599999999, 22.112919000000034], [99.29122899999997, 22.113459000000034], [99.28402699999995, 22.112647999999993], [99.27481551639855, 22.10336968039386], [99.27171561900627, 22.10163007022834], [99.269288, 22.10197900000017], [99.25377700000004, 22.113253000000043], [99.22931896549302, 22.11750452782566], [99.21425380373859, 22.126120329561004], [99.21266900000003, 22.132960999999995], [99.20233900000001, 22.130053999999987], [99.18872800000004, 22.14084399999996], [99.16684800000014, 22.150019000000064], [99.15481600000008, 22.163753000000085], [99.15774200000007, 22.168777000000105], [99.187698, 22.163427000000027], [99.20332100000007, 22.170670999999878], [99.20105000000004, 22.175364000000044], [99.191002, 22.170609999999982], [99.17612500000016, 22.178575000000066], [99.17720500000017, 22.182006000000086], [99.18043200000001, 22.182570000000034], [99.18089700000012, 22.185582000000025], [99.17905500000012, 22.187161000000025], [99.177525, 22.190027000000015], [99.17721600000002, 22.19131699999999], [99.18350999999996, 22.194121999999993], [99.19226800000001, 22.206625000000038], [99.19530500000005, 22.204891000000003], [99.19738799999999, 22.206046999999998], [99.19597600000004, 22.211813000000035], [99.19656400000002, 22.214911000000036], [99.19895199999999, 22.218451000000016], [99.20387300000002, 22.220266000000002], [99.20650200000003, 22.23325300000012], [99.2223750000001, 22.236880000000014], [99.23209100000003, 22.246220000000093], [99.23479500000002, 22.25848399999999], [99.23262000000001, 22.264504999999993], [99.231247, 22.271708000000004], [99.23342100000002, 22.27716399999997], [99.23584700000004, 22.281897999999977], [99.23621400000002, 22.286673999999998], [99.23220800000011, 22.293958000000046], [99.23299500000005, 22.299118000000043], [99.24730300000013, 22.31320400000014], [99.25711799999999, 22.335279000000007], [99.27901500000004, 22.349023999999964], [99.28099100000003, 22.356635999999973], [99.280586, 22.361425000000004], [99.24945100000004, 22.386611000000144], [99.25006100000006, 22.39521500000008], [99.27476500000003, 22.398132000000025], [99.29725300000013, 22.41392900000003], [99.307885, 22.42741500000014], [99.31172200000003, 22.43887400000004], [99.33024200000003, 22.44650600000002], [99.35298899999998, 22.471193], [99.35976400000001, 22.474876000000002], [99.36318200000002, 22.477915000000003], [99.36697800000013, 22.487396000000025], [99.38117999999997, 22.497593000000137], [99.37778900000006, 22.50776400000005], [99.36719974723732, 22.513398618161084], [99.36490600000002, 22.51733199999999], [99.359924, 22.523892999999994], [99.36006900000002, 22.529867000000017], [99.36048900000004, 22.536553999999967], [99.38572000000009, 22.57458900000009], [99.36044000000007, 22.64667100000006], [99.36258700000008, 22.664158000000015], [99.34913700000011, 22.67388300000006], [99.34107999999996, 22.712133000000037], [99.31734500000006, 22.730335999999987], [99.31310578404472, 22.736508739489672], [99.314331, 22.740666999999995], [99.31483144124914, 22.741890773200105], [99.31893600000006, 22.74397300000006], [99.32169000000003, 22.744973000000023], [99.32522599999996, 22.75241300000002], [99.34022600000017, 22.75414899999995], [99.34333500000002, 22.760334000000014], [99.35544599999997, 22.757142999999957], [99.36561599999997, 22.76520000000002], [99.385574, 22.764656000000038], [99.38855699999999, 22.770691000000042], [99.38662000000014, 22.791034000000046], [99.39066300000016, 22.806521999999887], [99.39081600000003, 22.809386000000153], [99.39081600000003, 22.81139200000004], [99.3889811001175, 22.814701105742444], [99.39872000000005, 22.82817300000002], [99.41695800000014, 22.82702800000005], [99.42160100000007, 22.833188999999912], [99.44186000000013, 22.845509000000085], [99.46282600000009, 22.845873000000005], [99.46215799999997, 22.854835999999978], [99.45145100000002, 22.862565000000167], [99.45248399999997, 22.875128000000025], [99.43715300000005, 22.914190000000033], [99.44114700000003, 22.94330200000003], [99.47542599999998, 22.92677500000002], [99.48378000000002, 22.92073199999998], [99.48944900000002, 22.915348000000016], [99.51517944929356, 22.909734881026388], [99.52322400000001, 22.90286300000004], [99.53464600000005, 22.901340999999967], [99.54410600000003, 22.907656000000046], [99.55488599999997, 22.905621999999973], [99.55880700000003, 22.908907000000077], [99.55936100000004, 22.920899000000027], [99.5641450000001, 22.930799999999984], [99.56238700000011, 22.94519400000008], [99.54713100000012, 22.962730000000086], [99.53293300000007, 22.96569500000001], [99.53508800000003, 22.974818000000162], [99.52171950463554, 22.990622430331364], [99.52184299999996, 23.013395000000017], [99.517876, 23.01970099999997], [99.51486200000002, 23.023113000000016], [99.5214, 23.026316], [99.52000940381834, 23.03001849832225], [99.5199565931877, 23.030175876874395], [99.519806, 23.03447900000004], [99.52375, 23.037260000000018], [99.52638200000001, 23.039116000000014], [99.52574900000003, 23.044628000000003], [99.52532199999996, 23.047985000000025], [99.53170000000001, 23.05477499999997], [99.52369799999997, 23.073846999999972], [99.51178275521724, 23.083964539771642], [99.50541699999997, 23.105188000000098], [99.49840200000006, 23.117060999999886], [99.52678400000005, 23.124598000000084], [99.54807300000007, 23.148544000000037], [99.57752700000012, 23.167975000000162], [99.59094300000012, 23.17296900000001], [99.61056600000015, 23.165729000000134], [99.61599400000003, 23.15555099999991], [99.63329000000007, 23.154149000000167], [99.63295500000007, 23.16678200000004], [99.62234199999999, 23.175470000000175], [99.618336, 23.19535300000004], [99.6270880000001, 23.203169999999965], [99.63079500000003, 23.21349199999994], [99.63187900000003, 23.214354000000114], [99.63219200000017, 23.214924000000025], [99.63836000000016, 23.221520999999903], [99.64638599999998, 23.227749000000152], [99.65992800000001, 23.231876000000028], [99.67056300000012, 23.25101500000015], [99.70165700000015, 23.238450000000043], [99.72882500000006, 23.236059000000097], [99.77391500000012, 23.216255000000018], [99.78094200000012, 23.215895999999894], [99.788899, 23.210047000000003], [99.79281700000017, 23.200903999999966], [99.79777900000003, 23.20074900000011], [99.79995800000003, 23.200605000000095], [99.8272290000001, 23.21191400000002], [99.84087099999998, 23.211619999999947], [99.85405400000006, 23.22221800000002], [99.87871600000003, 23.250309], [99.89406999999997, 23.258328000000027], [99.924813, 23.25173000000016], [99.93554000000009, 23.25331500000003], [99.97413300000002, 23.22672800000005], [99.99119599999997, 23.22857600000001], [100.02331600000007, 23.21850600000002], [100.03089200000002, 23.220479999999924], [100.04507500000008, 23.21785100000009], [100.05355500000005, 23.22646300000015], [100.07218600000007, 23.231749], [100.07939600000012, 23.240457000000013], [100.0920990000001, 23.282222000000118], [100.08937600000004, 23.30222200000007], [100.07862600000001, 23.311931000000044], [100.07522600000007, 23.32068800000011], [100.07968600000014, 23.347782000000116], [100.09197700000013, 23.367721000000174], [100.10499300000008, 23.378474000000104], [100.10911200000001, 23.387059000000065], [100.11053900000005, 23.395443999999912], [100.1006480000001, 23.40301200000001], [100.10141800000005, 23.418467000000142], [100.11875599999993, 23.443356999999956], [100.13609800000013, 23.450128000000014], [100.15311499999993, 23.477002999999932], [100.15672400000001, 23.513498000000176], [100.17020900000003, 23.546881000000063], [100.17876100000011, 23.580618999999928], [100.18581900000002, 23.592117999999942], [100.18334200000007, 23.604076000000006], [100.18500200000003, 23.613749000000105], [100.19879200000014, 23.614907000000173], [100.21326400000012, 23.621310000000072], [100.22378500000003, 23.610108000000118], [100.24809700000007, 23.61440100000005], [100.25606200000007, 23.63613799999993], [100.282979, 23.646616000000023], [100.28513399999996, 23.64564699999996], [100.288036, 23.64299200000002], [100.293003, 23.637442000000085], [100.30387200000004, 23.62004200000014], [100.30879999999993, 23.617697000000092], [100.34198500000004, 23.61542200000015], [100.36147300000007, 23.617480999999984], [100.36963700000003, 23.623782999999968], [100.38176800000011, 23.62555099999988], [100.40829100000012, 23.650837000000124], [100.43592500000004, 23.659339000000145], [100.43110300000004, 23.66685200000005], [100.39632800000008, 23.684039000000134], [100.39114, 23.68794500000002], [100.38621499999999, 23.691862000000107], [100.38242700000009, 23.694754000000117], [100.38039400000011, 23.69778500000008], [100.37901300000007, 23.69976300000014], [100.37935700000011, 23.703026000000115], [100.38570500000007, 23.713142000000097], [100.38690200000016, 23.725431999999927], [100.34385399999988, 23.752153000000064], [100.34768400000013, 23.76612800000013], [100.349793, 23.76611200000005], [100.35471400000003, 23.765664000000108], [100.35931800000012, 23.767002000000147], [100.36196999999999, 23.779983000000037], [100.35563300000004, 23.79998600000006], [100.35051399999998, 23.804577000000137], [100.34807299999999, 23.808375000000147], [100.36147399999999, 23.835045999999885], [100.35342400000006, 23.855747000000015], [100.35920000000013, 23.863436000000007], [100.3652540000001, 23.857466999999957], [100.37552700000012, 23.858762000000077], [100.37773900000016, 23.871387999999996], [100.389122, 23.878573000000024], [100.40287100000002, 23.876538000000046], [100.4117130000001, 23.898978999999912], [100.40934800000018, 23.90628500000018], [100.41397500000004, 23.917499000000063], [100.40712799999991, 23.937759000000035], [100.3947910000001, 23.94374500000007], [100.39057600000004, 23.95816300000002], [100.39322300000003, 23.967325000000116], [100.3908880000001, 23.968731000000012], [100.389019, 23.97087499999995], [100.38818399999994, 23.975597000000114], [100.38861200000008, 23.979159000000138], [100.38854700000003, 23.98133], [100.37440900000016, 23.99994500000011], [100.37377200000003, 24.008564000000042], [100.37973100000013, 24.02089200000008], [100.36733300000017, 24.02977900000016], [100.36068700000007, 24.05353100000005], [100.36428499999997, 24.06567200000007], [100.37197899999993, 24.070634000000112], [100.38581600000002, 24.072079999999943], [100.41497799999999, 24.06772100000014], [100.428143, 24.072287999999922], [100.45805800000008, 24.07315800000005], [100.469734, 24.079730000000076], [100.48056099999994, 24.080604000000093], [100.49565900000002, 24.09503200000016], [100.49539600000018, 24.103651999999997], [100.51057500000005, 24.136154999999995], [100.509648, 24.14874800000002], [100.51712500000002, 24.161814000000014], [100.51816599999992, 24.169093000000096], [100.51459200000005, 24.174780999999903], [100.519364, 24.18217599999999], [100.52178300000006, 24.1973270000001], [100.51669300000016, 24.210762999999893], [100.51700699999995, 24.238423000000097], [100.50957900000006, 24.24959499999997], [100.49825700000011, 24.25615700000006], [100.50390700000005, 24.26875599999996], [100.51245600000007, 24.272042000000148], [100.51381700000005, 24.279280000000035], [100.50482600000007, 24.305858000000157], [100.50961400000003, 24.325205999999987], [100.49683800000012, 24.338429000000005], [100.50348300000016, 24.349467000000068], [100.50643599999998, 24.37494600000003], [100.50621500000007, 24.376916999999956], [100.505802, 24.3787340000001], [100.50516500000006, 24.380029000000135], [100.49770799999999, 24.386012000000015], [100.5060399999999, 24.40218200000006], [100.50323100000008, 24.411296999999998], [100.50609199999994, 24.42074200000006], [100.50314300000008, 24.429253000000116], [100.513153, 24.454492000000116], [100.54526599999997, 24.46364200000002], [100.54595200000006, 24.47635300000004], [100.5353360000001, 24.489362000000114], [100.529667, 24.5121770000001], [100.51010500000005, 24.521880000000017], [100.49764700000009, 24.523828999999985], [100.49740300000016, 24.537719000000124], [100.49201300000004, 24.549919000000052], [100.49583900000007, 24.561878000000114], [100.49198600000013, 24.56903199999998], [100.48395600000008, 24.571129000000113], [100.48614100000003, 24.580544000000003], [100.47841700000008, 24.58859000000013], [100.47702000000012, 24.59538800000003], [100.46970100000011, 24.59821899999988], [100.4618690000001, 24.595427999999877], [100.45910700000002, 24.611297999999884], [100.4477960000001, 24.61946100000001], [100.45401, 24.625654000000118], [100.44112800000013, 24.628527000000155], [100.43558900000014, 24.641569000000032], [100.42034600000014, 24.649476000000114], [100.41939600000003, 24.65145399999991], [100.41880900000015, 24.656827999999933], [100.41902300000001, 24.65837200000005], [100.42368800000007, 24.66196700000014], [100.42120800000004, 24.673797000000008], [100.41948000000006, 24.67625800000006], [100.41619200000015, 24.67975900000001], [100.41431100000013, 24.680911000000116], [100.40679600000006, 24.678360000000076], [100.40311099999998, 24.68191299999998], [100.4069559999999, 24.71012100000005], [100.42821500000018, 24.709652000000148], [100.446148, 24.735124000000063], [100.45283500000012, 24.733336999999914], [100.45794299999999, 24.725822000000022], [100.4694260000001, 24.73698700000002], [100.48487900000006, 24.740688], [100.49678900000015, 24.736402000000027], [100.50862499999991, 24.73644700000002], [100.51329400000012, 24.723421000000045], [100.52314800000002, 24.72019999999999], [100.53083800000007, 24.712554000000097], [100.54841300000012, 24.715508000000085], [100.56552900000001, 24.707223000000077], [100.6002240000001, 24.734800000000078], [100.61496700000012, 24.740333999999933], [100.62399700000012, 24.750266000000053], [100.62983800000006, 24.76357500000008], [100.63031799999999, 24.789497000000104], [100.63708200000009, 24.8086759999999], [100.63019999999992, 24.825170999999926], [100.63345800000009, 24.829969000000162], [100.6343470000001, 24.82991600000004], [100.63501800000003, 24.827902000000023], [100.6366550000001, 24.825476000000023], [100.67327200000005, 24.81844200000014], [100.68082900000005, 24.808390999999943], [100.69110500000014, 24.806829000000022], [100.69707900000006, 24.79660899999996], [100.70881700000012, 24.798387999999896], [100.71724, 24.79345099999997], [100.72030300000014, 24.78751599999989], [100.74622000000002, 24.787467000000007]]]}}, {"type": "Feature", "properties": {"name": "西双版纳傣族自治州", "kind": "0137", "admin_code": "532823", "code_1": 5328}, "geometry": {"type": "Polygon", "coordinates": [[[101.65044515734893, 22.33373974043016], [101.63231000000003, 22.317147999999975], [101.62557999999999, 22.30270999999997], [101.62816823591047, 22.28861435491327], [101.62704, 22.285004000000022], [101.62296, 22.27742399999999], [101.62097999999997, 22.276060000000022], [101.61789, 22.27581000000003], [101.61615, 22.27718200000004], [101.61211999999999, 22.278872999999976], [101.59139999999996, 22.27016599999996], [101.57954000000001, 22.27474999999999], [101.56586000000001, 22.275579000000015], [101.56516000000002, 22.270949999999992], [101.56443000000002, 22.26858900000004], [101.56444000000005, 22.265605999999963], [101.54910000000001, 22.246157000000032], [101.55202650071013, 22.239614845689303], [101.54881, 22.232567000000024], [101.55715600000016, 22.222881000000093], [101.56678999999997, 22.217562], [101.57116800000009, 22.197580000000116], [101.58136400000012, 22.18447400000001], [101.5856060000001, 22.183747999999895], [101.58666514498515, 22.183370954146866], [101.59011, 22.178995], [101.59016999999999, 22.177443000000018], [101.58892000000003, 22.174861999999983], [101.58835000000003, 22.173449000000048], [101.59064500000011, 22.167040999999998], [101.60274166769537, 22.157069153298735], [101.60302999999999, 22.15624199999999], [101.59866, 22.152574999999985], [101.59633999999997, 22.14895600000004], [101.60124000000003, 22.130467999999958], [101.57317, 22.12630099999997], [101.57542000000001, 22.111789999999964], [101.57837000000002, 22.10355900000016], [101.58458577598051, 22.102154823216424], [101.58676200000018, 22.090021000000014], [101.59510000000004, 22.085553999999988], [101.59364000000004, 22.064609999999995], [101.60384267184776, 22.06240631318626], [101.61112999999997, 22.053987999999983], [101.61106000000004, 22.039315999999978], [101.61688300000017, 22.03545099999993], [101.61878000000002, 22.015358000000006], [101.63071, 22.013193000000022], [101.61871800000011, 22.003873999999904], [101.617397428356, 21.97994400985499], [101.60136000000001, 21.97013099999998], [101.61934400000004, 21.97050100000004], [101.63558300000003, 21.95471300000007], [101.64171300000008, 21.954405000000165], [101.64634447571868, 21.95593136679588], [101.65520900000013, 21.952996000000113], [101.65581200000011, 21.952614000000125], [101.65772599999994, 21.946640000000016], [101.65929000000003, 21.943163000000098], [101.67094, 21.934003999999987], [101.68949999999992, 21.948338], [101.6919680000001, 21.94849299999995], [101.69542400000006, 21.94727999999995], [101.69939000000011, 21.942777000000135], [101.70500904985504, 21.92342885154173], [101.69727000000003, 21.901303000000127], [101.71283299999996, 21.884152999999998], [101.73820874951602, 21.873807977064374], [101.7350999999999, 21.855009000000017], [101.74242500000014, 21.84452100000007], [101.75998400000009, 21.835174000000123], [101.76923160348085, 21.838781927460474], [101.77640200000015, 21.828911000000083], [101.77877139886374, 21.828395807631765], [101.78043, 21.827507000000004], [101.7820187490144, 21.82665521691505], [101.7829529356737, 21.82514920263803], [101.78300000000002, 21.82479299999998], [101.78164999999996, 21.822693000000037], [101.77607000000003, 21.820623000000005], [101.77297999999999, 21.819896999999976], [101.77151000000003, 21.81839800000003], [101.77013, 21.79992099999997], [101.75719000000002, 21.77962099999997], [101.75799999999998, 21.774582000000045], [101.75960999999998, 21.767012000000044], [101.75912000000002, 21.764048000000024], [101.75590999999999, 21.757122000000017], [101.75158999999995, 21.75452999999996], [101.74861999999997, 21.75339500000002], [101.74575000000002, 21.751944000000044], [101.74592999999999, 21.730706999999974], [101.7483480000001, 21.726122999999944], [101.75810300000006, 21.72381200000013], [101.77007, 21.712212000000022], [101.77144000000001, 21.705008000000014], [101.76936000000005, 21.700787], [101.76856999999995, 21.697117000000013], [101.77315200000001, 21.683892999999998], [101.77042800000004, 21.663081000000005], [101.78089214261857, 21.656829759275567], [101.78087205954613, 21.65591161359208], [101.78025859088146, 21.651419532295726], [101.77944200000015, 21.64701400000004], [101.78230699999997, 21.637774999999884], [101.79287400000004, 21.64501700000001], [101.80119300000003, 21.642371000000104], [101.80265100000005, 21.643483000000096], [101.80597799999998, 21.646667000000107], [101.80964699999998, 21.64696900000005], [101.81148899999998, 21.628011000000157], [101.81369500000008, 21.62661900000009], [101.81591899999998, 21.625801000000088], [101.82982226939868, 21.62935007692746], [101.83042000000003, 21.628778000000025], [101.83370271600005, 21.626155484822206], [101.83480500000003, 21.621591000000095], [101.82551999999998, 21.601996999999983], [101.82544000000001, 21.59043300000001], [101.80872000000002, 21.58684299999998], [101.80771999999997, 21.58401700000001], [101.80812999999998, 21.581450999999973], [101.80549999999997, 21.579517000000003], [101.80172000000002, 21.577500999999998], [101.77607000000003, 21.579827999999978], [101.76548, 21.586039999999976], [101.75023000000004, 21.583945999999997], [101.74684999999998, 21.57261300000004], [101.75270100000003, 21.56352699999993], [101.76147000000003, 21.558867000000006], [101.75517000000005, 21.550424999999976], [101.75405, 21.544856999999972], [101.76010200000009, 21.529311000000128], [101.77183600000001, 21.525061000000022], [101.77745707243287, 21.517925924552664], [101.77671999999998, 21.51544600000002], [101.77113000000003, 21.512658999999992], [101.76701000000003, 21.511727999999962], [101.76163000000004, 21.501299000000017], [101.73547000000005, 21.483560999999995], [101.74475457509111, 21.46422453481407], [101.74009000000004, 21.458472999999966], [101.750676, 21.453504000000144], [101.75417457346347, 21.442388947846535], [101.74477000000002, 21.43193099999998], [101.75092800000007, 21.418652000000037], [101.75136877373313, 21.409371269556065], [101.74891498791496, 21.407349350041848], [101.73942999999996, 21.409451], [101.73749999999995, 21.405700999999965], [101.7418510961692, 21.380583017000475], [101.737496, 21.372801000000074], [101.73795320676763, 21.365753818511045], [101.73341000000005, 21.361691000000004], [101.72842, 21.357804999999995], [101.72609999999997, 21.354066999999976], [101.73154100000002, 21.332912000000114], [101.74420200000009, 21.306636999999927], [101.76089500000015, 21.288503999999996], [101.77954200000008, 21.292758999999894], [101.78483200000008, 21.28972799999993], [101.78795699999992, 21.28850200000001], [101.79744000000001, 21.292154000000018], [101.80146, 21.272223], [101.80937600000013, 21.262078000000017], [101.84278063899069, 21.255967369231964], [101.83504600000008, 21.225391000000137], [101.83579700000004, 21.222698000000072], [101.8369870000001, 21.220777000000023], [101.83982811195592, 21.21766985737603], [101.83922000000003, 21.214582000000014], [101.83944000000002, 21.21063999999999], [101.83767999999998, 21.207837999999967], [101.83319955648182, 21.20671386477], [101.82899686101348, 21.206272620793975], [101.82658105712028, 21.206069801437287], [101.82574200000013, 21.20950500000005], [101.82487900000014, 21.213648000000006], [101.82296800000012, 21.21483400000008], [101.7914320000001, 21.206839000000087], [101.78522000000002, 21.196172999999984], [101.78638, 21.17926799999996], [101.78133999999997, 21.170493999999994], [101.77854445640853, 21.16493676888116], [101.77826509378393, 21.164658042456907], [101.77300999999997, 21.162073000000014], [101.76983000000004, 21.15884200000002], [101.75853999999998, 21.14312699999996], [101.74448, 21.147422999999964], [101.72017999999997, 21.143357999999978], [101.71664, 21.14395499999999], [101.71129, 21.14872600000004], [101.69714692208053, 21.149884281164354], [101.69637300000007, 21.156542000000144], [101.69904000000011, 21.158955000000134], [101.70200700000011, 21.164075000000103], [101.69843, 21.17414999999998], [101.69439000000004, 21.175003000000036], [101.68983999999998, 21.175871], [101.68802999999997, 21.17819999999997], [101.68633, 21.180522999999972], [101.68346000000003, 21.18169399999996], [101.6826499277544, 21.183039210880427], [101.68216700000008, 21.188000000000006], [101.67687000000002, 21.19241300000001], [101.67667, 21.193730999999993], [101.67668000000003, 21.197309000000008], [101.67668999999997, 21.200888000000017], [101.67450000000004, 21.203347999999988], [101.67059, 21.20419499999999], [101.64751000000003, 21.195786000000027], [101.63230599999989, 21.199625000000054], [101.61234258162743, 21.177677322190313], [101.59632800099551, 21.177924677256343], [101.58586238330437, 21.189528700497394], [101.602139, 21.208776000000128], [101.60286454283539, 21.221087855352504], [101.61225100000007, 21.224664000000026], [101.61394999999996, 21.229655999999974], [101.60275, 21.239810999999985], [101.58815628281107, 21.235242095815398], [101.58382000000003, 21.24032199999999], [101.55396000000005, 21.251212999999968], [101.52972000000003, 21.256308], [101.52649000000002, 21.252581000000003], [101.52335000000001, 21.250058999999965], [101.51778000000002, 21.25083900000002], [101.51376000000002, 21.252165000000044], [101.50995, 21.252408999999982], [101.50614999999999, 21.24955000000004], [101.5017401162286, 21.24730770578902], [101.48512, 21.248329], [101.46552000000001, 21.237988999999956], [101.45264999999998, 21.22719000000004], [101.44877000000002, 21.230089000000007], [101.44346999999999, 21.231452999999977], [101.40578, 21.22706000000003], [101.40082999999997, 21.23080100000003], [101.39829999999998, 21.231118999999964], [101.38562999999998, 21.228901000000032], [101.38105000000002, 21.225586000000018], [101.37979000000003, 21.222403999999994], [101.37563, 21.22003200000002], [101.37089999999998, 21.21946699999999], [101.36348000000004, 21.219372000000035], [101.3598830196558, 21.209695154197238], [101.35748854171844, 21.208868784081524], [101.35642626886289, 21.208683736305844], [101.35294999999999, 21.20956199999997], [101.3292, 21.19301200000001], [101.31327, 21.195781999999962], [101.30859000000002, 21.193066000000037], [101.30156000000002, 21.184814000000006], [101.29770673669684, 21.180543461198486], [101.29690556516789, 21.180212454411617], [101.28807999999998, 21.17771899999996], [101.28388000000001, 21.177850999999958], [101.27805000000001, 21.186864999999976], [101.27641999999996, 21.191093000000038], [101.27436000000004, 21.193903000000013], [101.25481000000002, 21.198689999999964], [101.24749000000001, 21.20381200000001], [101.24793, 21.212748999999963], [101.24509999999998, 21.215581999999976], [101.23825000000004, 21.219615999999974], [101.23204000000003, 21.22398599999997], [101.22599999999997, 21.233006000000042], [101.21693000000002, 21.232211999999983], [101.21576999999996, 21.23523100000002], [101.21630310863108, 21.237801403768785], [101.22683000000006, 21.245449000000093], [101.22459100000009, 21.256588000000164], [101.22685300000002, 21.258080999999972], [101.23114100000006, 21.25820299999994], [101.23185800000007, 21.264309000000047], [101.23434500000013, 21.26618400000011], [101.23951000000002, 21.270132000000007], [101.2396081983668, 21.27165875905954], [101.24016389199888, 21.27523851311086], [101.241486, 21.27775700000003], [101.24414900000006, 21.278479999999988], [101.24728500000019, 21.282833], [101.24975999999998, 21.29544999999997], [101.24323999999999, 21.30551300000001], [101.24030000000002, 21.30846999999998], [101.21589000000003, 21.313288000000007], [101.21083999999999, 21.321561999999993], [101.20857999999996, 21.322467999999994], [101.2059, 21.322432000000035], [101.20221999999998, 21.32191799999996], [101.19176000000004, 21.332150000000038], [101.18900000000004, 21.333071000000036], [101.18580999999998, 21.33328799999996], [101.18289999999999, 21.333498000000017], [101.18093917416539, 21.335921693856207], [101.18068718654315, 21.336858164911753], [101.17976999999999, 21.34230800000003], [101.18250999999995, 21.351497999999957], [101.16402313990582, 21.366182286537082], [101.16289, 21.380198999999966], [101.14430930079169, 21.400906399903107], [101.1441542821646, 21.401209583481883], [101.14203000000003, 21.406505999999958], [101.140902779306, 21.408579402912785], [101.14132, 21.40992699999995], [101.14318900000009, 21.411814000000028], [101.14690899999997, 21.41441999999991], [101.16842940022394, 21.420918122982368], [101.1789480000001, 21.414702000000062], [101.18244404813767, 21.42075533560892], [101.18347679354855, 21.42129873342793], [101.18623100000016, 21.421875999999983], [101.19117099999998, 21.42466499999991], [101.19881900000004, 21.441195999999895], [101.19076655917675, 21.445068611562967], [101.19188999999997, 21.475986000000024], [101.22262200000006, 21.502788000000027], [101.21056399999998, 21.502952000000008], [101.20869960009432, 21.50388758977082], [101.20625000000001, 21.506809000000015], [101.205191721924, 21.50946895567476], [101.20526755069969, 21.529068241981463], [101.21520599999994, 21.533982000000073], [101.20912074824126, 21.543088639522544], [101.20926399999999, 21.543832000000073], [101.2120060000001, 21.548397000000044], [101.20895000000002, 21.560490000000087], [101.18254000000005, 21.55711899999997], [101.16987000000003, 21.56300499999999], [101.14789000000003, 21.563658000000018], [101.14627000000002, 21.564901000000013], [101.14272000000001, 21.56882499999997], [101.14152999999996, 21.57124899999998], [101.14808999999997, 21.587398999999976], [101.16698800000015, 21.59331000000011], [101.17101700000008, 21.603370999999896], [101.16145700000001, 21.621055999999975], [101.15982200000016, 21.631058000000024], [101.16289100000009, 21.63939700000006], [101.15603117165455, 21.650285916722403], [101.15342, 21.67230000000002], [101.14925000000002, 21.67362399999997], [101.14149000000003, 21.67416199999999], [101.13416312528668, 21.67676285643092], [101.127759, 21.68393000000004], [101.12658300000012, 21.6902190000001], [101.11673000000005, 21.691790000000054], [101.11945399999993, 21.717022000000007], [101.11286000000004, 21.75568600000004], [101.11394999999999, 21.761143000000004], [101.11899, 21.769819000000034], [101.12328000000002, 21.774507999999962], [101.12276, 21.777628000000007], [101.12075000000004, 21.77864500000004], [101.09997999999997, 21.779885999999962], [101.08360000000005, 21.77573599999996], [101.07969, 21.769767999999992], [101.07809999999998, 21.76468499999997], [101.04802000000001, 21.74323800000002], [101.04374, 21.737877000000005], [101.04144000000002, 21.734126999999972], [101.03789999999996, 21.731251000000043], [101.01983000000001, 21.725832000000025], [101.01389000000005, 21.720282000000005], [101.01237999999998, 21.713642000000036], [101.01212999999998, 21.711207999999992], [100.98067999999999, 21.70631000000001], [100.97742, 21.704378000000027], [100.97467000000002, 21.702431000000047], [100.97129000000004, 21.70062300000002], [100.94142200000002, 21.700833999999894], [100.92124200000009, 21.688642], [100.91254900000007, 21.688797000000037], [100.91162900000016, 21.686611999999997], [100.91165077613644, 21.686473021092056], [100.90645999999995, 21.688259000000023], [100.90307999999999, 21.69027099999996], [100.89951, 21.690255999999962], [100.89265000000005, 21.687713999999957], [100.89033999999995, 21.687303999999962], [100.88786000000002, 21.689169], [100.88586000000001, 21.690780999999973], [100.88194000000003, 21.687792000000016], [100.87947999999997, 21.687029000000038], [100.8788397227016, 21.681555981797132], [100.86807300000001, 21.6755499999999], [100.84412000000002, 21.640255999999994], [100.83421999999996, 21.637776999999957], [100.81429000000003, 21.620530999999964], [100.81059000000005, 21.62039899999997], [100.80836652602977, 21.6184424557728], [100.80574500000009, 21.617994000000017], [100.80670299999996, 21.613579000000115], [100.80667214492627, 21.611782698094764], [100.80062200000006, 21.603903000000123], [100.7935, 21.573671000000004], [100.79098999999997, 21.57123799999996], [100.78764, 21.570138999999976], [100.77124, 21.568103999999998], [100.76656000000003, 21.55737100000004], [100.76311999999999, 21.557709000000024], [100.75969000000003, 21.55816500000001], [100.75698, 21.557167000000035], [100.75171999999998, 21.55265999999998], [100.72374000000003, 21.513406999999972], [100.71804999999998, 21.51106100000002], [100.71131, 21.511727999999962], [100.70806999999996, 21.513971000000012], [100.70300000000005, 21.515068000000007], [100.69780256854408, 21.51311225684085], [100.6965450000001, 21.51282099999998], [100.694283, 21.512081000000038], [100.68504000000004, 21.503872000000012], [100.67995643868352, 21.48871883443395], [100.67722999999998, 21.48567400000003], [100.67135000000002, 21.481179999999988], [100.64236, 21.483899999999977], [100.63554000000005, 21.481821], [100.60852999999997, 21.463719999999963], [100.60392000000002, 21.46313099999999], [100.59778000000003, 21.46258200000004], [100.58112999999997, 21.452170999999986], [100.57472999999996, 21.451273000000025], [100.56942, 21.452850000000034], [100.56367000000003, 21.456711000000016], [100.55835999999996, 21.45817000000003], [100.55148000000004, 21.458117999999992], [100.53421000000002, 21.472236999999982], [100.50860999999999, 21.468721000000034], [100.48277, 21.457500000000017], [100.476470207252, 21.461613547430257], [100.46052000000005, 21.488915999999957], [100.46194999999997, 21.502255999999974], [100.45757999999998, 21.50954100000002], [100.45339999999997, 21.514669000000033], [100.44958000000001, 21.51477100000003], [100.44525999999998, 21.515602000000044], [100.42935999999997, 21.541822000000032], [100.42731, 21.541399000000027], [100.41727, 21.53879700000003], [100.40258000000001, 21.53393200000002], [100.39321000000002, 21.52796700000004], [100.38853000000005, 21.52498399999996], [100.38377000000003, 21.527739000000004], [100.37370000000003, 21.532541000000037], [100.36148999999997, 21.533817000000013], [100.35384000000002, 21.53401800000003], [100.3481560000001, 21.531865999999965], [100.32678656593036, 21.508071573692455], [100.32268999999997, 21.507830000000027], [100.31777000000002, 21.505568000000007], [100.29417000000002, 21.483717000000023], [100.29028000000004, 21.48166699999996], [100.28873999999999, 21.481468000000014], [100.28075100000004, 21.486708000000142], [100.26978400000016, 21.473841999999998], [100.25710300000006, 21.473457000000117], [100.24642200000004, 21.467453000000013], [100.23463500000017, 21.470171000000015], [100.2291680000001, 21.475429000000034], [100.23286000000004, 21.483324000000014], [100.22512, 21.489256000000022], [100.21835999999996, 21.493729000000016], [100.21485071969931, 21.495417806275107], [100.203362, 21.51399099999989], [100.19034600000013, 21.51533800000005], [100.18164000000002, 21.52141799999996], [100.17705999999997, 21.521772000000027], [100.17490000000004, 21.518002000000024], [100.16782500000014, 21.48528599999999], [100.15560200000007, 21.49595000000002], [100.13092116163264, 21.507935636927677], [100.12979000000001, 21.51124], [100.12539999999996, 21.518756999999965], [100.12427, 21.541726999999987], [100.12156999999996, 21.54585600000003], [100.11991000000002, 21.55020000000001], [100.12314999999995, 21.55657200000001], [100.12533999999997, 21.56153700000003], [100.12479999999996, 21.569675000000046], [100.12269, 21.576180000000036], [100.10669209571088, 21.593017960670323], [100.11243800000004, 21.6032200000001], [100.13165300000006, 21.615193000000076], [100.13775300000012, 21.635124000000005], [100.1514780000001, 21.64869800000011], [100.17371800000004, 21.65146200000001], [100.17296000000002, 21.66271000000004], [100.16580000000002, 21.67149400000004], [100.16347000000005, 21.676431999999956], [100.16328999999999, 21.679066000000027], [100.15903000000003, 21.681801000000014], [100.15603999999999, 21.68474399999998], [100.15124999999998, 21.686774999999983], [100.13739000000001, 21.70265600000001], [100.11636000000001, 21.70915400000004], [100.11072, 21.70857799999999], [100.10655999999997, 21.70605299999997], [100.10890999999998, 21.698826000000018], [100.09616599999998, 21.70735500000005], [100.08685999999997, 21.696264000000042], [100.06833999999999, 21.69194000000003], [100.05738, 21.68408399999999], [100.0514, 21.68040699999996], [100.04900999999997, 21.677357000000022], [100.04808999999996, 21.671644000000015], [100.04802999999997, 21.669732999999994], [100.04122300000003, 21.676979000000095], [100.02962000000004, 21.67854699999998], [100.03047999999995, 21.68187100000003], [100.03423, 21.687755999999972], [100.03218000000001, 21.69688799999998], [100.02867999999998, 21.699602000000006], [100.02072000000004, 21.698361999999996], [100.01537000000005, 21.698969000000034], [99.99029391806894, 21.708363847546444], [99.98408500000002, 21.717065000000012], [99.97573900000012, 21.741041999999958], [99.97335800000002, 21.767000000000024], [99.96839900000005, 21.772616999999997], [99.96345499999998, 21.778710999999994], [99.96244000000002, 21.78829600000001], [99.96091499999997, 21.797894000000028], [99.94950100000005, 21.80828600000011], [99.94785000000005, 21.811045999999948], [99.94694200000006, 21.812910000000073], [99.94526700000003, 21.817070000000015], [99.946721, 21.864721000000053], [99.96309700000003, 21.88439800000002], [99.96247100000002, 21.908073000000016], [99.98258200000001, 21.922405000000047], [99.9802710000001, 21.93813200000003], [99.98990700000016, 21.962927999999884], [99.999184, 21.97522300000012], [99.98823200000012, 21.995919999999927], [99.97899299999997, 22.001647000000112], [99.96461200000014, 22.018455000000102], [99.96031199999999, 22.031745999999977], [99.96178400000002, 22.03864099999999], [99.978359, 22.059137000000042], [99.97938600000006, 22.06100099999999], [99.97994200000005, 22.06740500000015], [99.990285, 22.081885999999983], [99.99683800000005, 22.096643000000093], [99.99505700000012, 22.10912900000006], [100.01061700000005, 22.112525000000026], [100.01834500000017, 22.12079499999995], [100.03801800000006, 22.125162000000053], [100.05366199999995, 22.14002700000004], [100.06038300000012, 22.15778300000013], [100.06935200000007, 22.16678400000005], [100.06951600000005, 22.168498000000028], [100.06915000000004, 22.16941100000016], [100.06905499999999, 22.169647000000147], [100.06569800000005, 22.17026799999993], [100.06271100000001, 22.171440000000175], [100.06092100000005, 22.175191000000027], [100.061837, 22.17994800000016], [100.06978300000002, 22.185070000000117], [100.07037800000003, 22.185130999999927], [100.08001800000008, 22.204731000000002], [100.07147300000005, 22.215797999999978], [100.07343400000012, 22.218493999999936], [100.07826299999999, 22.21815300000005], [100.08149800000014, 22.218435000000028], [100.0831420000001, 22.22173099999989], [100.08221500000013, 22.227151000000077], [100.08360800000011, 22.229931000000057], [100.08700600000006, 22.232301000000042], [100.09137700000005, 22.233176000000142], [100.09228900000002, 22.245499000000123], [100.10593499999996, 22.248274000000045], [100.11584100000005, 22.240975000000084], [100.142098, 22.234759000000025], [100.14549300000014, 22.236081999999982], [100.14761400000013, 22.238922000000038], [100.149899, 22.23966700000004], [100.16170200000013, 22.24004299999998], [100.1686409999999, 22.24058100000017], [100.18241900000008, 22.256939000000052], [100.187779, 22.25766700000007], [100.19212800000014, 22.25687599999999], [100.19713300000001, 22.257283000000093], [100.20038999999994, 22.25847700000012], [100.20267500000008, 22.261467000000067], [100.20303300000003, 22.265524000000013], [100.19576000000009, 22.27602100000008], [100.19433300000014, 22.27904300000001], [100.19468400000005, 22.28249900000006], [100.19503500000015, 22.286557000000172], [100.19588200000007, 22.29046100000007], [100.20288100000008, 22.295380999999928], [100.20772200000005, 22.29548700000008], [100.21256700000018, 22.29307100000002], [100.21804900000008, 22.29242300000005], [100.22306500000015, 22.293732999999996], [100.22909600000017, 22.296410999999885], [100.25843500000005, 22.290006000000083], [100.2757580000001, 22.27914800000017], [100.27575400000012, 22.278548000000086], [100.27461299999996, 22.276751000000083], [100.27524200000003, 22.274942000000152], [100.34496400000015, 22.24594600000016], [100.35744100000008, 22.25855200000011], [100.37026200000005, 22.264462000000073], [100.37536700000001, 22.276434000000144], [100.37328400000015, 22.28362500000005], [100.37914700000013, 22.29032800000008], [100.37872400000013, 22.296943000000027], [100.37697300000002, 22.299667000000078], [100.37684300000011, 22.30313000000008], [100.37833500000002, 22.306276000000146], [100.381436, 22.309256999999974], [100.38309500000013, 22.313156000000077], [100.38235200000011, 22.32813300000001], [100.38834100000004, 22.346277000000136], [100.38722300000009, 22.34763800000004], [100.38562500000003, 22.347963000000014], [100.3853080000001, 22.348716000000145], [100.38825300000005, 22.360643000000046], [100.38976800000016, 22.36740200000009], [100.38998400000008, 22.37236600000012], [100.38920200000004, 22.375077000000076], [100.38646300000008, 22.376303000000085], [100.36872100000008, 22.379326000000013], [100.38115400000011, 22.386960000000066], [100.38084500000012, 22.38831800000016], [100.37732400000012, 22.39255500000008], [100.37638200000015, 22.395419000000082], [100.3767250000001, 22.397676999999952], [100.37918900000005, 22.40096800000002], [100.38068500000003, 22.404863999999883], [100.38441200000003, 22.405139000000162], [100.38763900000004, 22.405396000000025], [100.40017700000004, 22.41236200000005], [100.41299200000006, 22.440159000000136], [100.41689, 22.442074000000133], [100.4223830000001, 22.441721000000058], [100.4273810000001, 22.43987100000011], [100.42995200000001, 22.43864200000003], [100.43297300000003, 22.43379800000016], [100.43550199999996, 22.428208000000026], [100.439557, 22.428325999999934], [100.44537799999998, 22.428864999999945], [100.44728500000011, 22.440727999999964], [100.46919700000015, 22.45565300000012], [100.471913, 22.453214000000024], [100.47368300000008, 22.45289100000003], [100.48621400000003, 22.45983600000001], [100.5210339999999, 22.460765000000137], [100.52363200000018, 22.462210000000148], [100.52574500000003, 22.46434700000004], [100.52891900000012, 22.464746000000012], [100.55901000000003, 22.46122499999992], [100.57496400000014, 22.463667000000086], [100.58614400000005, 22.448369999999976], [100.60761300000004, 22.446758999999993], [100.61123300000007, 22.44909200000003], [100.6148230000001, 22.453610000000012], [100.61637200000001, 22.457872000000044], [100.61015800000004, 22.47086500000004], [100.61544800000004, 22.48802000000014], [100.6178249999999, 22.491540000000064], [100.636044, 22.496973999999994], [100.64072799999988, 22.49719000000001], [100.64975400000017, 22.496773000000147], [100.65617400000005, 22.49812200000003], [100.65509000000007, 22.510775000000052], [100.65552499999993, 22.515652999999894], [100.65719999999996, 22.520777999999922], [100.658112, 22.52261799999993], [100.67860800000014, 22.526211000000117], [100.70165700000013, 22.52054899999998], [100.70610799999999, 22.52187500000018], [100.70898800000006, 22.523971000000053], [100.71157500000007, 22.526671999999984], [100.71429500000005, 22.526929000000017], [100.71771300000006, 22.52600100000015], [100.72216900000016, 22.526275000000084], [100.73235000000003, 22.53657700000018], [100.74752399999991, 22.522232000000052], [100.77006900000002, 22.52228600000008], [100.77012300000004, 22.53495600000017], [100.76803600000002, 22.539007000000154], [100.76608300000001, 22.542713000000013], [100.76580100000002, 22.545579000000004], [100.76840999999999, 22.54853300000017], [100.76625500000003, 22.553443000000172], [100.76391600000002, 22.55823700000017], [100.7603080000001, 22.560873000000136], [100.75645500000016, 22.56290200000015], [100.75335699999998, 22.568090999999967], [100.75488300000012, 22.569879000000114], [100.7547690000001, 22.57151399999995], [100.75742400000004, 22.574236000000013], [100.75959000000003, 22.574030000000022], [100.76453000000002, 22.57389299999997], [100.76498400000011, 22.57418499999997], [100.76329100000001, 22.576759000000045], [100.77855000000008, 22.577349000000012], [100.77875600000007, 22.577730000000095], [100.77948000000012, 22.58007400000006], [100.7905880000001, 22.58152900000001], [100.80262100000007, 22.579695000000143], [100.80939600000002, 22.58270600000005], [100.80964700000001, 22.586128000000038], [100.81572800000001, 22.581429000000085], [100.81665500000005, 22.571690000000032], [100.82714500000006, 22.564550999999902], [100.8538100000001, 22.56616800000002], [100.85962000000015, 22.574715000000033], [100.86279700000003, 22.576467000000044], [100.866585, 22.577032000000074], [100.86999900000004, 22.56187900000006], [100.87478700000007, 22.555446000000167], [100.87416100000014, 22.547566000000096], [100.88234400000006, 22.5458449999999], [100.89804200000005, 22.550120000000028], [100.90171100000003, 22.55302300000006], [100.90329100000002, 22.55495200000015], [100.90334400000015, 22.561737000000036], [100.9038780000001, 22.564636999999912], [100.90548400000011, 22.567043000000034], [100.90810799999997, 22.569459000000002], [100.91072900000012, 22.572337999999917], [100.9388129999999, 22.58819800000007], [100.95100800000003, 22.583641000000142], [100.959969, 22.572927000000064], [100.96873900000017, 22.571719000000122], [100.97753600000001, 22.57836800000004], [100.97599900000003, 22.585956000000017], [100.97863100000009, 22.58911700000008], [100.9841550000001, 22.590264000000126], [100.98771400000005, 22.58424100000005], [100.98864799999998, 22.583960999999974], [100.98957899999999, 22.584250999999902], [100.99205100000007, 22.58627400000004], [100.99422099999995, 22.581835000000105], [101.000672, 22.582824000000045], [101.0062530000001, 22.57654799999991], [101.01362600000013, 22.57653000000002], [101.01742600000014, 22.579802000000115], [101.01975300000012, 22.590595000000157], [101.02410900000011, 22.592869000000015], [101.02968600000005, 22.593047], [101.07286900000007, 22.5594219999999], [101.08057900000003, 22.559350000000066], [101.10836800000007, 22.544615000000178], [101.12514899999995, 22.546473999999897], [101.13288500000002, 22.544232999999927], [101.14335700000014, 22.546892999999926], [101.15267699999998, 22.54932700000014], [101.16030200000009, 22.552521999999996], [101.17011299999999, 22.551107000000158], [101.178921, 22.549354000000065], [101.18479200000012, 22.55184400000003], [101.18906100000001, 22.539844000000045], [101.19110200000014, 22.538647000000033], [101.19705199999996, 22.53768000000005], [101.2040990000001, 22.536199000000167], [101.21121200000013, 22.535680000000035], [101.21764000000015, 22.53428400000017], [101.22377799999997, 22.53433800000002], [101.24882900000004, 22.544897000000063], [101.25000000000011, 22.54449500000002], [101.25830899999998, 22.541644000000026], [101.28677100000002, 22.543286999999992], [101.30350900000008, 22.531153999999923], [101.3061950000001, 22.532436000000033], [101.30895699999994, 22.53515000000006], [101.31200100000017, 22.538888000000078], [101.31478500000011, 22.539540000000024], [101.32074000000009, 22.53787600000001], [101.32380000000013, 22.540863000000066], [101.32736300000006, 22.544850999999902], [101.33030000000007, 22.549290000000013], [101.33346600000002, 22.548003000000016], [101.34164800000002, 22.551772000000113], [101.34582600000003, 22.55428600000011], [101.34930500000011, 22.55582900000006], [101.3507390000001, 22.558006000000063], [101.35264300000009, 22.56016600000008], [101.35360800000016, 22.561906000000164], [101.36989600000013, 22.563125000000042], [101.37793400000012, 22.569401], [101.40059700000015, 22.577930999999943], [101.40229800000002, 22.578068999999992], [101.40367899999998, 22.57706399999997], [101.40628899999993, 22.574767000000072], [101.4132310000001, 22.57817900000012], [101.41784300000013, 22.57588699999993], [101.41846100000011, 22.576311000000103], [101.41956000000009, 22.580312000000035], [101.41987200000014, 22.581030000000027], [101.42744100000007, 22.58473400000016], [101.445165, 22.585834000000048], [101.45835599999995, 22.538966000000137], [101.46237600000003, 22.536387999999995], [101.46913900000013, 22.537502000000153], [101.47730300000008, 22.501127000000153], [101.49158099999991, 22.46990600000001], [101.49279399999999, 22.453392999999913], [101.50689000000011, 22.436163000000086], [101.5115850000001, 22.414990000000067], [101.50950300000014, 22.40364899999998], [101.52580300000002, 22.39189799999999], [101.531754, 22.383282000000037], [101.54453000000015, 22.381388], [101.54728400000012, 22.379226000000173], [101.55159400000004, 22.374512000000045], [101.55269999999999, 22.37374400000001], [101.55887200000004, 22.375778000000167], [101.55936399999999, 22.3747559999999], [101.55729400000004, 22.369431999999925], [101.56083700000008, 22.366649999999957], [101.57170500000004, 22.367002000000035], [101.57681300000016, 22.339079000000183], [101.58157800000006, 22.33905400000007], [101.58546500000016, 22.33225699999999], [101.59217500000005, 22.333870000000132], [101.59512000000001, 22.339024000000073], [101.59573799999998, 22.339311000000016], [101.59975200000011, 22.339434000000068], [101.60165899999997, 22.340009000000038], [101.60948600000009, 22.34689000000005], [101.61680999999999, 22.34713399999999], [101.63918000000011, 22.34292100000002], [101.65044515734893, 22.33373974043016]]]}}, {"type": "Feature", "properties": {"name": "临沧市", "kind": "0137", "admin_code": "530927", "code_1": 5309}, "geometry": {"type": "Polygon", "coordinates": [[[100.4069559999999, 24.71012100000005], [100.40311099999998, 24.68191299999998], [100.40679600000006, 24.678360000000076], [100.41431100000013, 24.680911000000116], [100.41619200000015, 24.67975900000001], [100.41948000000006, 24.67625800000006], [100.42120800000004, 24.673797000000008], [100.42368800000007, 24.66196700000014], [100.41902300000001, 24.65837200000005], [100.41880900000015, 24.656827999999933], [100.41939600000003, 24.65145399999991], [100.42034600000014, 24.649476000000114], [100.43558900000014, 24.641569000000032], [100.44112800000013, 24.628527000000155], [100.45401, 24.625654000000118], [100.4477960000001, 24.61946100000001], [100.45910700000002, 24.611297999999884], [100.4618690000001, 24.595427999999877], [100.46970100000011, 24.59821899999988], [100.47702000000012, 24.59538800000003], [100.47841700000008, 24.58859000000013], [100.48614100000003, 24.580544000000003], [100.48395600000008, 24.571129000000113], [100.49198600000013, 24.56903199999998], [100.49583900000007, 24.561878000000114], [100.49201300000004, 24.549919000000052], [100.49740300000016, 24.537719000000124], [100.49764700000009, 24.523828999999985], [100.51010500000005, 24.521880000000017], [100.529667, 24.5121770000001], [100.5353360000001, 24.489362000000114], [100.54595200000006, 24.47635300000004], [100.54526599999997, 24.46364200000002], [100.513153, 24.454492000000116], [100.50314300000008, 24.429253000000116], [100.50609199999994, 24.42074200000006], [100.50323100000008, 24.411296999999998], [100.5060399999999, 24.40218200000006], [100.49770799999999, 24.386012000000015], [100.50516500000006, 24.380029000000135], [100.505802, 24.3787340000001], [100.50621500000007, 24.376916999999956], [100.50643599999998, 24.37494600000003], [100.50348300000016, 24.349467000000068], [100.49683800000012, 24.338429000000005], [100.50961400000003, 24.325205999999987], [100.50482600000007, 24.305858000000157], [100.51381700000005, 24.279280000000035], [100.51245600000007, 24.272042000000148], [100.50390700000005, 24.26875599999996], [100.49825700000011, 24.25615700000006], [100.50957900000006, 24.24959499999997], [100.51700699999995, 24.238423000000097], [100.51669300000016, 24.210762999999893], [100.52178300000006, 24.1973270000001], [100.519364, 24.18217599999999], [100.51459200000005, 24.174780999999903], [100.51816599999992, 24.169093000000096], [100.51712500000002, 24.161814000000014], [100.509648, 24.14874800000002], [100.51057500000005, 24.136154999999995], [100.49539600000018, 24.103651999999997], [100.49565900000002, 24.09503200000016], [100.48056099999994, 24.080604000000093], [100.469734, 24.079730000000076], [100.45805800000008, 24.07315800000005], [100.428143, 24.072287999999922], [100.41497799999999, 24.06772100000014], [100.38581600000002, 24.072079999999943], [100.37197899999993, 24.070634000000112], [100.36428499999997, 24.06567200000007], [100.36068700000007, 24.05353100000005], [100.36733300000017, 24.02977900000016], [100.37973100000013, 24.02089200000008], [100.37377200000003, 24.008564000000042], [100.37440900000016, 23.99994500000011], [100.38854700000003, 23.98133], [100.38861200000008, 23.979159000000138], [100.38818399999994, 23.975597000000114], [100.389019, 23.97087499999995], [100.3908880000001, 23.968731000000012], [100.39322300000003, 23.967325000000116], [100.39057600000004, 23.95816300000002], [100.3947910000001, 23.94374500000007], [100.40712799999991, 23.937759000000035], [100.41397500000004, 23.917499000000063], [100.40934800000018, 23.90628500000018], [100.4117130000001, 23.898978999999912], [100.40287100000002, 23.876538000000046], [100.389122, 23.878573000000024], [100.37773900000016, 23.871387999999996], [100.37552700000012, 23.858762000000077], [100.3652540000001, 23.857466999999957], [100.35920000000013, 23.863436000000007], [100.35342400000006, 23.855747000000015], [100.36147399999999, 23.835045999999885], [100.34807299999999, 23.808375000000147], [100.35051399999998, 23.804577000000137], [100.35563300000004, 23.79998600000006], [100.36196999999999, 23.779983000000037], [100.35931800000012, 23.767002000000147], [100.35471400000003, 23.765664000000108], [100.349793, 23.76611200000005], [100.34768400000013, 23.76612800000013], [100.34385399999988, 23.752153000000064], [100.38690200000016, 23.725431999999927], [100.38570500000007, 23.713142000000097], [100.37935700000011, 23.703026000000115], [100.37901300000007, 23.69976300000014], [100.38039400000011, 23.69778500000008], [100.38242700000009, 23.694754000000117], [100.38621499999999, 23.691862000000107], [100.39114, 23.68794500000002], [100.39632800000008, 23.684039000000134], [100.43110300000004, 23.66685200000005], [100.43592500000004, 23.659339000000145], [100.40829100000012, 23.650837000000124], [100.38176800000011, 23.62555099999988], [100.36963700000003, 23.623782999999968], [100.36147300000007, 23.617480999999984], [100.34198500000004, 23.61542200000015], [100.30879999999993, 23.617697000000092], [100.30387200000004, 23.62004200000014], [100.293003, 23.637442000000085], [100.288036, 23.64299200000002], [100.28513399999996, 23.64564699999996], [100.282979, 23.646616000000023], [100.25606200000007, 23.63613799999993], [100.24809700000007, 23.61440100000005], [100.22378500000003, 23.610108000000118], [100.21326400000012, 23.621310000000072], [100.19879200000014, 23.614907000000173], [100.18500200000003, 23.613749000000105], [100.18334200000007, 23.604076000000006], [100.18581900000002, 23.592117999999942], [100.17876100000011, 23.580618999999928], [100.17020900000003, 23.546881000000063], [100.15672400000001, 23.513498000000176], [100.15311499999993, 23.477002999999932], [100.13609800000013, 23.450128000000014], [100.11875599999993, 23.443356999999956], [100.10141800000005, 23.418467000000142], [100.1006480000001, 23.40301200000001], [100.11053900000005, 23.395443999999912], [100.10911200000001, 23.387059000000065], [100.10499300000008, 23.378474000000104], [100.09197700000013, 23.367721000000174], [100.07968600000014, 23.347782000000116], [100.07522600000007, 23.32068800000011], [100.07862600000001, 23.311931000000044], [100.08937600000004, 23.30222200000007], [100.0920990000001, 23.282222000000118], [100.08830399999991, 23.264190000000106], [100.07595900000014, 23.234705000000154], [100.05355500000005, 23.22646300000015], [100.04507500000008, 23.21785100000009], [100.03089200000002, 23.220479999999924], [100.02331600000007, 23.21850600000002], [99.99119599999997, 23.22857600000001], [99.97413300000002, 23.22672800000005], [99.93554000000009, 23.25331500000003], [99.924813, 23.25173000000016], [99.89406999999997, 23.258328000000027], [99.87871600000003, 23.250309], [99.85405400000006, 23.22221800000002], [99.84087099999998, 23.211619999999947], [99.82536800000014, 23.21148700000004], [99.79995800000003, 23.200605000000095], [99.79777900000003, 23.20074900000011], [99.79281700000017, 23.200903999999966], [99.788899, 23.210047000000003], [99.78094200000012, 23.215895999999894], [99.77391500000012, 23.216255000000018], [99.72882500000006, 23.236059000000097], [99.70165700000015, 23.238450000000043], [99.67056300000012, 23.25101500000015], [99.65992800000001, 23.231876000000028], [99.64638599999998, 23.227749000000152], [99.63836000000016, 23.221520999999903], [99.63219200000017, 23.214924000000025], [99.63187900000003, 23.214354000000114], [99.63079500000003, 23.21349199999994], [99.6270880000001, 23.203169999999965], [99.618336, 23.19535300000004], [99.62234199999999, 23.175470000000175], [99.63295500000007, 23.16678200000004], [99.63329000000007, 23.154149000000167], [99.61599400000003, 23.15555099999991], [99.61056600000015, 23.165729000000134], [99.59302600000017, 23.172583000000046], [99.579377, 23.1689790000001], [99.54514000000005, 23.146247000000052], [99.52678400000005, 23.124598000000084], [99.49840200000006, 23.117060999999886], [99.50541699999997, 23.105188000000098], [99.51178275521724, 23.083964539771642], [99.50829299999998, 23.08435099999999], [99.50050399999998, 23.082611], [99.49453700000001, 23.081787000000034], [99.48941800000003, 23.083334000000043], [99.48300200000003, 23.08515000000002], [99.479164, 23.08642999999997], [99.47395299999997, 23.084632999999968], [99.46823899999995, 23.083562999999984], [99.46391299999996, 23.086047999999984], [99.46005199999999, 23.08637199999997], [99.438332, 23.085413000000024], [99.40557900000002, 23.097839], [99.38834400000005, 23.100600999999997], [99.38479600000002, 23.103307999999977], [99.38155400000001, 23.107920000000014], [99.37898999999996, 23.108931], [99.37309300000001, 23.110493000000012], [99.36859899999996, 23.116804000000023], [99.36261000000003, 23.125300999999986], [99.34467299999997, 23.136917000000004], [99.34021799999996, 23.134382000000045], [99.32793900000016, 23.137121999999998], [99.32176200000004, 23.119470999999983], [99.32477600000001, 23.11605800000003], [99.32508695636184, 23.112297469654955], [99.32456971671677, 23.111005603239242], [99.30767800000001, 23.10374599999998], [99.30429099999999, 23.102620999999978], [99.300476, 23.104853000000006], [99.29205300000004, 23.109094999999982], [99.28581999999999, 23.10779000000001], [99.2856900910158, 23.107736080430755], [99.28365000000011, 23.107913000000146], [99.272226689354, 23.10030125076719], [99.26206300000013, 23.10258800000009], [99.26264524114751, 23.084061442983852], [99.2582670000001, 23.081410000000012], [99.24755616578312, 23.080790018250163], [99.23953200000001, 23.08459700000001], [99.23139600000007, 23.09450199999994], [99.21991971492334, 23.09091723801926], [99.20461299999997, 23.111500000000106], [99.19703700000008, 23.11011900000006], [99.19038206937351, 23.103999968907843], [99.18542499999995, 23.10548399999999], [99.180565, 23.10749600000002], [99.15804300000002, 23.105555999999993], [99.14208200000002, 23.108027999999983], [99.132675, 23.10367199999999], [99.12744899999996, 23.10114499999998], [99.12436700000003, 23.101922999999957], [99.118469, 23.10395199999997], [99.11511199999998, 23.104019000000008], [99.11255599999997, 23.09378600000003], [99.10942100000001, 23.092413000000022], [99.10581999999997, 23.093203000000017], [99.10095199999998, 23.09497300000001], [99.09793899999998, 23.098617999999973], [99.09416200000003, 23.102997000000002], [99.04764600000001, 23.12302599999996], [99.05020100000003, 23.14473899999998], [99.06231700000004, 23.166027000000014], [99.06298099999998, 23.172472000000013], [99.06095900000003, 23.174664000000014], [99.06050818041533, 23.174377898220946], [99.06005200000011, 23.175080000000058], [99.05962183097118, 23.173815397918254], [99.05912800000004, 23.17350199999997], [99.05508400000002, 23.166407000000014], [99.03421502311042, 23.160538156451004], [99.02052300000001, 23.16731799999998], [99.01377899999997, 23.16625199999998], [99.00727800000004, 23.164700999999987], [99.00182299999997, 23.163609999999956], [98.97238899999998, 23.174213], [98.96362299999996, 23.175097000000044], [98.95820600000002, 23.17591499999996], [98.94954699999997, 23.181817999999964], [98.92093799999995, 23.188102000000143], [98.90681099999992, 23.18790200000003], [98.90052499999993, 23.179896000000014], [98.88842799999999, 23.183015999999967], [98.88515499999998, 23.187141000000032], [98.88494899999999, 23.189298999999977], [98.88871800000001, 23.19640399999996], [98.89189099999999, 23.199694000000036], [98.89405100000002, 23.203719999999997], [98.888924, 23.21329600000015], [98.91123999999999, 23.233298999999995], [98.91319300000004, 23.239960000000018], [98.91153, 23.246686999999987], [98.91166699999997, 23.25290299999996], [98.92752200000015, 23.267889000000096], [98.92329461563449, 23.29417589095624], [98.9235890883345, 23.29471568912267], [98.92416929433995, 23.29510999477977], [98.92605600000002, 23.295843000000026], [98.93066399999998, 23.293364999999987], [98.93400600000001, 23.292346999999957], [98.9361840000001, 23.30525200000013], [98.94465300000005, 23.309566000000025], [98.94396383253252, 23.30980846978197], [98.94397000000004, 23.310097], [98.94352699999996, 23.313691999999996], [98.90728000000007, 23.33495800000007], [98.89493199999998, 23.335876], [98.88152300000003, 23.330869999999962], [98.87919599999996, 23.330913999999957], [98.877159, 23.33262399999996], [98.89196500000017, 23.34260699999995], [98.9020336445937, 23.35794555609445], [98.90946199999996, 23.353424000000025], [98.9188849999999, 23.353875000000038], [98.92041000000003, 23.38024699999999], [98.91014100000001, 23.396463000000026], [98.91851100000012, 23.420854000000112], [98.90735700000005, 23.43717200000006], [98.89737978237048, 23.445603869559164], [98.897049, 23.447320000000026], [98.89795700000016, 23.45059100000013], [98.89780500000002, 23.453395000000143], [98.89170100000017, 23.46553700000007], [98.87456500000005, 23.487160000000017], [98.84937300000001, 23.48475299999999], [98.84752699999996, 23.48311200000002], [98.84822799999996, 23.479510999999967], [98.84639000000004, 23.47858799999998], [98.82600822754927, 23.479917004336784], [98.81921224307854, 23.485033852366243], [98.81805900000009, 23.49838799999999], [98.80083199999999, 23.539741000000113], [98.80963200000005, 23.544018999999963], [98.81897718837342, 23.556837608064754], [98.83278300000012, 23.56266], [98.84254224320321, 23.578489937680324], [98.86098900000005, 23.580182000000008], [98.86512100000006, 23.586989000000024], [98.8756070000001, 23.588813000000044], [98.87817100000015, 23.59034600000014], [98.88176800000005, 23.593305000000008], [98.8908500000001, 23.605505000000115], [98.89146100000002, 23.610089000000144], [98.89094200000008, 23.61433100000012], [98.87809799999997, 23.625270999999984], [98.86046471404353, 23.628669332513866], [98.84620345544477, 23.642557788186757], [98.83886000000005, 23.687222000000062], [98.819931, 23.695460999999995], [98.81787572907933, 23.699076989937964], [98.81979800000008, 23.716927000000098], [98.82999100000004, 23.727955000000044], [98.82747700000004, 23.73064300000005], [98.8249400000001, 23.73290399999999], [98.82271700000001, 23.735653000000156], [98.815209, 23.75222200000009], [98.80618000000007, 23.760372000000118], [98.8023030000001, 23.772794999999938], [98.78662900000015, 23.78315799999993], [98.75270867486688, 23.777314136619168], [98.74754800000007, 23.78044500000007], [98.74617800000004, 23.782375000000066], [98.74647600000019, 23.783034000000058], [98.74648700000003, 23.784900999999905], [98.7452320000001, 23.784049000000017], [98.74274500000004, 23.783921000000085], [98.7407190000001, 23.78464600000003], [98.73733500000006, 23.789549999999984], [98.71769700000003, 23.79369899999999], [98.7007760000001, 23.785876000000016], [98.69682400000013, 23.78761499999993], [98.69266199999996, 23.792279999999913], [98.68919800000012, 23.803730000000044], [98.67410524099134, 23.80601647095697], [98.67704500000018, 23.81273800000001], [98.69398500000008, 23.815511000000036], [98.704083, 23.842048000000048], [98.69394400905531, 23.84720334912143], [98.69334500000005, 23.84929499999997], [98.6932380000001, 23.851640000000017], [98.69313900000006, 23.855138000000075], [98.69851700000007, 23.861930000000186], [98.69860900000003, 23.865144000000015], [98.69839500000009, 23.869332000000142], [98.69721600000007, 23.87070800000013], [98.6952289999999, 23.8730699999999], [98.69430999999989, 23.874906000000017], [98.69552600000003, 23.88580500000004], [98.68764237827872, 23.89247620351116], [98.68771000000011, 23.893858000000122], [98.68885800000007, 23.896084000000094], [98.68931600000012, 23.89901500000005], [98.681912, 23.914943999999963], [98.68937700000001, 23.92097199999992], [98.69538500000002, 23.934533000000016], [98.703175, 23.94003500000006], [98.69823499999993, 23.953489000000005], [98.67714310726826, 23.954752743305384], [98.67993489393118, 23.968023719838193], [98.70175200000003, 23.984791000000016], [98.72537200000002, 23.96954299999996], [98.73001764225046, 23.97058192261661], [98.7329260000001, 23.970516999999994], [98.73574500000012, 23.97165599999991], [98.74140400960762, 23.98137496313437], [98.75216699999997, 23.98198100000004], [98.76231697896048, 23.996101119326177], [98.76304300000012, 23.99631900000012], [98.76662100000006, 23.997392000000083], [98.76429400000008, 24.015176000000004], [98.77068700000004, 24.018490000000114], [98.77446000000003, 24.02596100000001], [98.80368399999996, 24.02558500000007], [98.81452600000014, 24.042155], [98.84738600000011, 24.055116000000098], [98.86562400000011, 24.067235999999895], [98.86957600000008, 24.07427000000004], [98.8682260000001, 24.084658000000147], [98.88579300000019, 24.094664000000087], [98.89973499999994, 24.109944999999946], [98.89765300000005, 24.11563599999991], [98.8910491519227, 24.11757737503646], [98.89390300000011, 24.12591400000006], [98.88712300000002, 24.146179000000004], [98.882813, 24.151522000000035], [98.87951699999996, 24.15541100000003], [98.87872080036325, 24.155499126631618], [98.89864800000014, 24.170210000000147], [98.90900899999988, 24.184527999999908], [98.94450500000006, 24.190533000000002], [98.98089300000007, 24.20851700000013], [99.01950100000009, 24.216174000000045], [99.02238499999997, 24.217988000000034], [99.026078, 24.220066000000017], [99.02560500000013, 24.234421999999903], [99.048482, 24.230353000000115], [99.07279299999996, 24.24083499999992], [99.09174000000009, 24.239716000000143], [99.10426700000008, 24.256194000000008], [99.10636500000011, 24.25651200000003], [99.1132630000001, 24.25705999999999], [99.11545200000003, 24.257780000000054], [99.13330099999993, 24.273793000000076], [99.14730500000016, 24.280589000000163], [99.15763100000012, 24.29157500000001], [99.16641600000011, 24.314156999999994], [99.18513900000009, 24.317328999999987], [99.18642100000011, 24.324852000000007], [99.18164899999991, 24.331622000000074], [99.18988000000014, 24.334840000000057], [99.20062600000003, 24.333099000000068], [99.20772200000008, 24.338679000000084], [99.21118199999992, 24.349778000000043], [99.21112500000008, 24.373898000000004], [99.22427800000017, 24.39032800000016], [99.22498000000016, 24.39684000000002], [99.23109800000012, 24.401967000000035], [99.23266700000008, 24.40803100000013], [99.24186400000005, 24.410245999999994], [99.24366400000012, 24.41774000000001], [99.25262200000003, 24.42326700000008], [99.25810600000003, 24.438490000000023], [99.26582699999999, 24.448425999999948], [99.2953160000001, 24.449127999999945], [99.30505800000003, 24.44288499999996], [99.31148900000012, 24.443424000000057], [99.32634800000014, 24.423309000000003], [99.32518400000012, 24.417453000000066], [99.33214600000008, 24.403061000000136], [99.330434, 24.397623000000145], [99.33625100000009, 24.388911999999976], [99.33685000000008, 24.381167000000147], [99.34719899999999, 24.371675000000103], [99.34528000000002, 24.355601000000007], [99.34830099999996, 24.338705000000104], [99.358014, 24.326563000000178], [99.35898299999988, 24.31870900000004], [99.366444, 24.315056000000034], [99.36294199999989, 24.297184000000115], [99.35446300000007, 24.289895000000094], [99.35304700000015, 24.276801000000006], [99.35737700000013, 24.270289000000055], [99.35646100000001, 24.261075999999917], [99.35941000000011, 24.254754000000055], [99.35327200000012, 24.25006000000016], [99.35385600000012, 24.246536000000084], [99.35927700000005, 24.243276], [99.37217700000006, 24.24360400000014], [99.384259, 24.235799000000057], [99.40460999999996, 24.23182500000005], [99.41200700000012, 24.233514], [99.41609600000004, 24.22788899999999], [99.42698700000003, 24.24275899999995], [99.43596000000011, 24.24949200000006], [99.46026300000011, 24.24333399999992], [99.46325400000015, 24.253992999999888], [99.47558200000019, 24.261079000000073], [99.47625400000001, 24.283740999999928], [99.48022500000005, 24.297087999999988], [99.49259599999999, 24.31058100000014], [99.49438100000006, 24.318333000000017], [99.5163850000001, 24.323316000000105], [99.52249599999999, 24.32742599999991], [99.54925900000015, 24.33088400000012], [99.55637400000016, 24.33580900000012], [99.55539699999997, 24.340602000000032], [99.56009700000001, 24.340830999999888], [99.56042500000015, 24.34174400000002], [99.56060400000004, 24.343430000000076], [99.56080600000004, 24.345061000000022], [99.57091200000009, 24.347950000000054], [99.577461, 24.35632700000012], [99.58453799999998, 24.359323000000032], [99.58287500000013, 24.37137599999997], [99.5877890000001, 24.382908000000135], [99.5919690000001, 24.38484899999989], [99.59625699999998, 24.407465000000016], [99.60034200000011, 24.414509000000017], [99.60465700000009, 24.415474999999923], [99.60622099999992, 24.42407100000017], [99.6285630000001, 24.445781000000032], [99.62695000000005, 24.449160000000013], [99.65031500000006, 24.45830600000003], [99.6575010000001, 24.452325999999957], [99.671505, 24.450184000000007], [99.68074800000012, 24.454849999999986], [99.6819350000001, 24.47875900000016], [99.6738820000001, 24.487943999999942], [99.6861580000001, 24.499881000000045], [99.68785499999993, 24.516421000000065], [99.67820400000014, 24.53772699999999], [99.66606200000003, 24.546785999999912], [99.667294, 24.56983599999998], [99.65232100000006, 24.570781000000096], [99.64207900000002, 24.582627000000045], [99.65439300000016, 24.587512000000025], [99.66416600000018, 24.599130000000024], [99.67543100000002, 24.5943240000001], [99.68124100000006, 24.596203000000138], [99.68469000000015, 24.615967999999924], [99.67833400000005, 24.623204000000086], [99.68085100000012, 24.62872999999999], [99.70691400000008, 24.63675199999991], [99.71696200000012, 24.633801000000076], [99.72409900000018, 24.636097999999976], [99.72614300000001, 24.646339000000083], [99.72201300000006, 24.654789000000065], [99.72418300000002, 24.665534000000044], [99.72043300000007, 24.670185000000025], [99.72226400000005, 24.675095000000027], [99.73627200000001, 24.675005000000127], [99.76164300000009, 24.6882689999999], [99.76767400000011, 24.688676000000086], [99.77412400000017, 24.695857000000053], [99.78943300000013, 24.69651200000007], [99.80607700000004, 24.706152000000102], [99.80050299999999, 24.714436000000028], [99.80527600000003, 24.71590800000014], [99.81032700000016, 24.72430000000012], [99.812047, 24.739615000000036], [99.80942600000003, 24.748711], [99.79889299999994, 24.765094999999995], [99.77584500000003, 24.775147999999916], [99.767971, 24.78846800000005], [99.7948880000001, 24.80393300000012], [99.805879, 24.82139400000014], [99.82339200000007, 24.826166999999913], [99.83576700000009, 24.837680000000105], [99.8114170000001, 24.854730000000046], [99.80392900000014, 24.866460999999987], [99.81549899999999, 24.87235900000011], [99.82727899999998, 24.87396700000002], [99.83559900000004, 24.880188000000047], [99.8353700000001, 24.885006000000075], [99.86233600000017, 24.90544600000002], [99.8518179999999, 24.91586800000001], [99.83873800000006, 24.937976000000027], [99.8452350000001, 24.95101000000004], [99.85929100000013, 24.960029000000027], [99.87049100000009, 24.963939000000067], [99.87621400000003, 24.962603000000016], [99.89856000000012, 24.992035000000023], [99.91264000000017, 24.99109700000004], [99.91664500000007, 24.999980999999963], [99.9393080000001, 25.00930100000007], [99.959843, 25.008826000000028], [99.97247800000012, 25.018480000000153], [99.97514699999998, 25.026303999999946], [99.98188900000004, 25.031543999999982], [99.99426700000012, 25.035419000000147], [100.00317499999991, 25.024309999999986], [100.01478600000004, 25.020491000000014], [100.01953200000014, 24.994245000000006], [100.01849099999998, 24.977285000000137], [100.02425799999995, 24.956530000000065], [100.02566200000001, 24.95401700000015], [100.02691000000007, 24.952648000000032], [100.02855400000003, 24.951460000000147], [100.04147400000002, 24.947003999999964], [100.05927300000012, 24.950182000000012], [100.06610600000008, 24.972810000000067], [100.07366200000016, 24.981256000000073], [100.09035900000002, 24.978474000000105], [100.10470300000006, 24.99304200000003], [100.11325800000003, 24.992371000000112], [100.12373400000013, 24.98631099999991], [100.13819500000008, 24.98715900000017], [100.14474500000007, 24.98308800000013], [100.15144400000013, 24.984683000000118], [100.15620500000006, 24.98217300000001], [100.1680220000001, 24.98851300000011], [100.17971499999999, 24.987061000000054], [100.18581500000005, 24.976475999999906], [100.20067299999991, 24.976845000000147], [100.210476, 24.967514000000016], [100.20372400000001, 24.93510600000006], [100.19807500000014, 24.929297999999925], [100.19875799999991, 24.911032999999996], [100.19686900000002, 24.909906000000007], [100.19325300000014, 24.908226], [100.19136499999999, 24.90681399999997], [100.18878300000013, 24.89927599999995], [100.18222100000004, 24.896671000000147], [100.17937900000008, 24.86107599999994], [100.16759900000008, 24.84280600000004], [100.15465199999991, 24.831576000000076], [100.14983800000012, 24.820084000000108], [100.15191299999995, 24.796134000000002], [100.14427999999997, 24.772720000000014], [100.1344230000001, 24.765125000000076], [100.1307990000001, 24.75761199999991], [100.12980700000008, 24.734824000000025], [100.11557100000002, 24.732696000000075], [100.094528, 24.71563099999996], [100.09129400000003, 24.703246], [100.09820600000003, 24.687453000000147], [100.09745800000013, 24.669092999999997], [100.11332800000014, 24.66342500000016], [100.12692300000012, 24.666659500000087], [100.13203100000007, 24.675496000000074], [100.13743999999997, 24.710234999999983], [100.14927700000007, 24.71204700000007], [100.16840400000008, 24.72255600000006], [100.18891600000012, 24.74189400000013], [100.23660999999998, 24.743855000000025], [100.24469400000007, 24.74945300000011], [100.25600500000016, 24.748708999999927], [100.27076699999996, 24.754088000000095], [100.27721400000013, 24.752588999999972], [100.28818900000013, 24.75918600000002], [100.30731200000017, 24.762194000000036], [100.31447600000016, 24.7622420000001], [100.31833700000004, 24.762038000000096], [100.31990100000013, 24.761427999999988], [100.33448099999998, 24.748775000000144], [100.35245600000007, 24.752598999999996], [100.36873299999993, 24.729479000000175], [100.38245400000002, 24.731860000000005], [100.38871799999997, 24.719862000000006], [100.405125, 24.715417000000016], [100.4069559999999, 24.71012100000005]]]}}, {"type": "Feature", "properties": {"name": "大理白族自治州", "kind": "0137", "admin_code": "532926", "code_1": 5329}, "geometry": {"type": "Polygon", "coordinates": [[[100.90889800000015, 26.17028200000002], [100.92041100000009, 26.14437900000015], [100.9204950000001, 26.127244000000104], [100.9150010000001, 26.117997999999986], [100.91226200000014, 26.057886000000096], [100.93405200000004, 26.048777999999942], [100.93459300000004, 26.040737000000135], [100.93922099999997, 26.03406100000003], [100.93386500000003, 26.024137000000124], [100.91687900000005, 26.016024000000137], [100.90374800000001, 25.99287300000006], [100.90604499999999, 25.986754000000033], [100.90657900000012, 25.98553100000001], [100.91040400000006, 25.979719999999972], [100.91988500000008, 25.970792000000053], [100.92569400000004, 25.97065699999999], [100.9279490000001, 25.96974200000004], [100.94281499999991, 25.973771000000156], [100.95565900000008, 25.95423600000013], [100.964718, 25.95215199999992], [100.9554680000001, 25.936245000000135], [100.9569560000001, 25.92422400000001], [100.9491390000001, 25.9020530000001], [100.94385199999999, 25.896450000000137], [100.93977800000006, 25.893173999999973], [100.93457800000004, 25.892636000000046], [100.92865, 25.891487000000012], [100.92294800000002, 25.888164000000046], [100.91763800000015, 25.884165000000017], [100.91535599999997, 25.881779000000037], [100.91578800000002, 25.879343000000098], [100.91918599999997, 25.876887000000103], [100.92462500000005, 25.875730000000118], [100.92849400000007, 25.87445900000003], [100.93065600000008, 25.872679000000097], [100.93050000000014, 25.87082799999998], [100.93045400000005, 25.86797399999992], [100.93561899999995, 25.862842000000022], [100.91736300000005, 25.847834000000013], [100.89001899999997, 25.833992000000116], [100.88950800000003, 25.83334099999999], [100.88810800000002, 25.831557999999987], [100.88760800000004, 25.828472999999995], [100.89758, 25.81284300000013], [100.9130329999999, 25.813444000000032], [100.91286500000011, 25.809807000000106], [100.91367000000011, 25.806176000000058], [100.91538699999998, 25.80515100000016], [100.92060900000004, 25.80564900000015], [100.92304300000006, 25.80554700000006], [100.92433200000013, 25.80423099999998], [100.92586600000006, 25.798304999999935], [100.92775299999997, 25.791925999999975], [100.94776900000008, 25.770050000000055], [100.94256300000009, 25.757969000000024], [100.93827900000002, 25.759215000000005], [100.93649000000015, 25.75889200000001], [100.93447100000007, 25.7456510000001], [100.95530300000004, 25.751321000000104], [100.97380500000011, 25.74777200000009], [100.97376000000013, 25.74498900000004], [100.972393, 25.74096500000016], [100.96703800000012, 25.73291100000008], [100.96261200000002, 25.72902500000007], [100.96175499999998, 25.726551000000008], [100.94036099999998, 25.71298000000015], [100.93426900000006, 25.70437900000011], [100.93741200000005, 25.700307000000166], [100.93621100000016, 25.689097000000082], [100.93748900000003, 25.685282], [100.95440700000006, 25.675134000000035], [100.94724699999998, 25.659760000000034], [100.96888000000004, 25.665633000000042], [100.9884230000001, 25.656629000000052], [100.99488199999993, 25.641240000000053], [100.98843100000005, 25.638033000000092], [100.99349699999999, 25.628553000000153], [100.99608300000008, 25.60318599999996], [101.00184699999997, 25.58638200000003], [100.9997480000001, 25.56346800000002], [100.99065800000002, 25.56217000000001], [100.97732200000016, 25.56726800000002], [100.96107500000004, 25.565682000000066], [100.95267200000004, 25.559072000000093], [100.95492200000004, 25.557477000000105], [100.955792, 25.556884000000068], [100.95610100000007, 25.5559870000001], [100.95602900000014, 25.554179000000076], [100.955658, 25.551829999999967], [100.94771200000017, 25.529806000000143], [100.95382700000003, 25.518757000000058], [100.94495399999997, 25.499154000000004], [100.94884500000003, 25.486801000000114], [100.94116200000018, 25.48505599999997], [100.94452300000009, 25.480320999999975], [100.94011700000004, 25.47487800000001], [100.94098700000009, 25.474072000000113], [100.94344700000005, 25.47404400000002], [100.94651, 25.473052000000095], [100.94899800000016, 25.471008000000083], [100.95454100000013, 25.46536600000009], [100.9581840000001, 25.462220000000023], [100.95031800000012, 25.454505000000104], [100.949726, 25.45100600000014], [100.95090499999995, 25.447964000000155], [100.95173700000012, 25.444928000000132], [100.95582599999997, 25.442016000000066], [100.95880900000013, 25.4414260000001], [100.96405500000004, 25.435934999999986], [100.96653400000017, 25.431527000000045], [100.96912500000013, 25.428315000000026], [100.98024399999997, 25.426488000000028], [100.9782790000001, 25.42491699999998], [100.97777599999998, 25.420858000000045], [100.98277000000007, 25.413648000000165], [100.9900870000001, 25.412107000000027], [100.994927, 25.411977000000107], [101.00209100000016, 25.416241000000042], [101.01585800000007, 25.41719200000012], [101.03052200000005, 25.403215000000067], [101.03201300000003, 25.40146399999996], [101.03369200000004, 25.398946999999986], [101.03441300000001, 25.397183999999953], [101.02876700000004, 25.388638999999927], [101.03269600000006, 25.379819000000147], [101.027809, 25.372147000000055], [101.03784999999999, 25.36082399999995], [101.03928400000017, 25.360144999999903], [101.04148100000005, 25.360432000000024], [101.043301, 25.360411999999968], [101.04491399999998, 25.353462000000015], [100.99533100000004, 25.348748000000064], [100.99310700000005, 25.347864999999928], [100.99203899999989, 25.346833000000068], [100.99171499999999, 25.345379000000023], [100.99301600000015, 25.345365999999927], [100.99463299999994, 25.346119000000144], [100.99583900000015, 25.346333000000087], [100.996273, 25.345104000000006], [100.99619700000002, 25.343609000000036], [100.98991500000008, 25.340093000000174], [100.987458, 25.333896999999993], [100.97545300000004, 25.335238000000103], [100.95893900000004, 25.329673000000085], [100.95576900000013, 25.32187899999994], [100.9604380000001, 25.302716000000046], [100.98724000000001, 25.268285999999954], [100.97520500000013, 25.25733000000001], [100.96016, 25.25336899999993], [100.943135, 25.253596000000144], [100.93076400000012, 25.241924000000026], [100.91781700000004, 25.246255000000083], [100.90770400000012, 25.24346799999997], [100.89287999999998, 25.25316099999995], [100.88237400000006, 25.250027000000074], [100.86766100000003, 25.252537000000096], [100.85123100000006, 25.260137000000007], [100.85214699999992, 25.261530000000064], [100.85273400000007, 25.26270300000013], [100.85226100000001, 25.263672000000014], [100.83036500000003, 25.277609999999953], [100.82786200000007, 25.278607000000108], [100.82567600000002, 25.27878500000009], [100.82485600000004, 25.278057999999895], [100.83369900000002, 25.261746000000173], [100.82861699999992, 25.23123399999998], [100.82108700000012, 25.22288900000016], [100.82391400000007, 25.215331000000084], [100.82246100000012, 25.20018500000012], [100.81785600000012, 25.196033000000128], [100.80043500000004, 25.20502200000012], [100.79000899999998, 25.202740000000134], [100.77806199999995, 25.204448000000056], [100.77044400000014, 25.191391999999915], [100.77266, 25.183222999999913], [100.75724900000013, 25.16531700000011], [100.74848599999993, 25.14585799999989], [100.75894599999995, 25.12768099999996], [100.75045500000003, 25.1058820000001], [100.76038100000002, 25.093001000000136], [100.75902700000016, 25.08449000000008], [100.76377600000016, 25.072899000000092], [100.77280900000007, 25.065902999999977], [100.76537400000004, 25.056060000000024], [100.74964900000013, 25.050998000000057], [100.74884400000013, 25.041442000000046], [100.76345200000017, 25.030951000000037], [100.780434, 25.009369000000014], [100.75257100000013, 24.994966000000062], [100.73839200000006, 24.992723999999924], [100.72913400000002, 24.985817000000154], [100.72044800000006, 24.984505000000134], [100.72456400000009, 24.967862999999937], [100.72590300000003, 24.968862999999985], [100.72695200000014, 24.96926500000003], [100.72781800000003, 24.969096999999984], [100.73566499999995, 24.962223000000016], [100.73550400000003, 24.94174299999996], [100.75261699999996, 24.937790999999912], [100.75489100000007, 24.936721000000105], [100.75680600000007, 24.934503000000085], [100.75917500000014, 24.932283000000076], [100.75760700000009, 24.90750500000003], [100.74716600000004, 24.889114000000156], [100.7436910000001, 24.888336000000002], [100.74125700000016, 24.886174000000082], [100.73926600000009, 24.883170000000042], [100.737469, 24.877246999999983], [100.73604600000012, 24.872259000000007], [100.74203100000007, 24.840093000000095], [100.74770800000012, 24.833985999999996], [100.75806099999991, 24.834131999999997], [100.7578970000001, 24.833330999999895], [100.75779800000008, 24.832862999999982], [100.75641700000003, 24.828900999999995], [100.75895800000013, 24.82546000000012], [100.76162000000012, 24.819479999999963], [100.7609070000001, 24.817673000000106], [100.75895800000013, 24.817886000000144], [100.75614200000001, 24.81880999999995], [100.75280499999988, 24.819616000000025], [100.74758499999999, 24.816145999999975], [100.741283, 24.802109000000016], [100.74498800000012, 24.786051000000086], [100.72160400000013, 24.787189999999917], [100.70881700000012, 24.798387999999896], [100.69707900000006, 24.79660899999996], [100.69110500000014, 24.806829000000022], [100.68082900000005, 24.808390999999943], [100.67327200000005, 24.81844200000014], [100.6366550000001, 24.825476000000023], [100.63501800000003, 24.827902000000023], [100.6343470000001, 24.82991600000004], [100.63345800000009, 24.829969000000162], [100.63019999999992, 24.825170999999926], [100.63708200000009, 24.8086759999999], [100.63031799999999, 24.789497000000104], [100.62983800000006, 24.76357500000008], [100.62399700000012, 24.750266000000053], [100.61496700000012, 24.740333999999933], [100.6002240000001, 24.734800000000078], [100.56509400000007, 24.707110999999962], [100.54841300000012, 24.715508000000085], [100.53083800000007, 24.712554000000097], [100.52314800000002, 24.72019999999999], [100.51329400000012, 24.723421000000045], [100.50862499999991, 24.73644700000002], [100.49678900000015, 24.736402000000027], [100.48487900000006, 24.740688], [100.4694260000001, 24.73698700000002], [100.45794299999999, 24.725822000000022], [100.45283500000012, 24.733336999999914], [100.446148, 24.735124000000063], [100.42821500000018, 24.709652000000148], [100.4069559999999, 24.71012100000005], [100.405125, 24.715417000000016], [100.38871799999997, 24.719862000000006], [100.38245400000002, 24.731860000000005], [100.36873299999993, 24.729479000000175], [100.35245600000007, 24.752598999999996], [100.33448099999998, 24.748775000000144], [100.31990100000013, 24.761427999999988], [100.31833700000004, 24.762038000000096], [100.31447600000016, 24.7622420000001], [100.30731200000017, 24.762194000000036], [100.28818900000013, 24.75918600000002], [100.27721400000013, 24.752588999999972], [100.27076699999996, 24.754088000000095], [100.25600500000016, 24.748708999999927], [100.24469400000007, 24.74945300000011], [100.23660999999998, 24.743855000000025], [100.18891600000012, 24.74189400000013], [100.16840400000008, 24.72255600000006], [100.14927700000007, 24.71204700000007], [100.13743999999997, 24.710234999999983], [100.13203100000007, 24.675496000000074], [100.12692300000012, 24.666659500000087], [100.11332800000014, 24.66342500000016], [100.09804600000011, 24.668729999999897], [100.09820600000003, 24.687453000000147], [100.09129400000003, 24.703246], [100.094528, 24.71563099999996], [100.11557100000002, 24.732696000000075], [100.12980700000008, 24.734824000000025], [100.1307990000001, 24.75761199999991], [100.1344230000001, 24.765125000000076], [100.14427999999997, 24.772720000000014], [100.15191299999995, 24.796134000000002], [100.14983800000012, 24.820084000000108], [100.15465199999991, 24.831576000000076], [100.16759900000008, 24.84280600000004], [100.17937900000008, 24.86107599999994], [100.18222100000004, 24.896671000000147], [100.18878300000013, 24.89927599999995], [100.19136499999999, 24.90681399999997], [100.19325300000014, 24.908226], [100.19686900000002, 24.909906000000007], [100.19875799999991, 24.911032999999996], [100.19807500000014, 24.929297999999925], [100.20372400000001, 24.93510600000006], [100.210476, 24.967514000000016], [100.20067299999991, 24.976845000000147], [100.18581500000005, 24.976475999999906], [100.17971499999999, 24.987061000000054], [100.1680220000001, 24.98851300000011], [100.15620500000006, 24.98217300000001], [100.15144400000013, 24.984683000000118], [100.14474500000007, 24.98308800000013], [100.13819500000008, 24.98715900000017], [100.12373400000013, 24.98631099999991], [100.11325800000003, 24.992371000000112], [100.10470300000006, 24.99304200000003], [100.09035900000002, 24.978474000000105], [100.07366200000016, 24.981256000000073], [100.06610600000008, 24.972810000000067], [100.05927300000012, 24.950182000000012], [100.04336200000009, 24.946854000000073], [100.02691000000007, 24.952648000000032], [100.01849099999998, 24.977285000000137], [100.01953200000014, 24.994245000000006], [100.01545400000006, 25.019128000000123], [100.00317499999991, 25.024309999999986], [99.99426700000012, 25.035419000000147], [100.00432300000011, 25.040965000000014], [100.01881500000016, 25.039708000000104], [100.02922100000015, 25.049736000000088], [100.04546000000013, 25.055483999999886], [100.04153100000012, 25.074282000000125], [100.02822500000016, 25.086229999999986], [100.03846400000002, 25.101278000000015], [100.02055400000015, 25.111143000000013], [100.013112, 25.108392999999943], [99.996174, 25.109135000000137], [99.98823200000012, 25.104680000000123], [99.98167100000012, 25.10174999999999], [99.9803590000001, 25.102353000000143], [99.98072100000003, 25.106534000000046], [99.97915000000008, 25.116116000000076], [99.97788700000002, 25.122688000000103], [99.97365999999997, 25.126337000000042], [99.96974200000005, 25.129933000000037], [99.96909700000015, 25.13233100000003], [99.96913900000007, 25.13741199999997], [99.96686200000015, 25.141004000000166], [99.96067900000016, 25.14644500000005], [99.95842000000012, 25.151237999999964], [99.96009500000015, 25.15481100000001], [99.9594460000001, 25.156309000000142], [99.94924900000017, 25.157546999999994], [99.94731200000012, 25.159073000000042], [99.9427260000001, 25.162388000000057], [99.94311900000011, 25.17015400000011], [99.9381830000001, 25.170477000000012], [99.93858400000005, 25.179446000000127], [99.93696200000014, 25.182744000000156], [99.93270900000014, 25.186357999999956], [99.92944000000003, 25.18906700000001], [99.9328350000001, 25.201606000000098], [99.93024100000005, 25.206998000000013], [99.89474600000003, 25.193475000000042], [99.87966200000004, 25.194062999999936], [99.85316600000013, 25.178038000000157], [99.85376100000016, 25.167284999999964], [99.85834600000001, 25.15781399999988], [99.83598800000007, 25.133777000000038], [99.82456600000003, 25.112869000000003], [99.82805300000007, 25.10444099999998], [99.82456199999999, 25.09059000000005], [99.78336699999997, 25.088915000000014], [99.78098300000015, 25.088414000000036], [99.77948000000013, 25.08736100000013], [99.776432, 25.087109000000062], [99.77403700000008, 25.08264200000012], [99.77097800000011, 25.087315000000054], [99.76475200000012, 25.084609000000157], [99.75233500000017, 25.088950999999973], [99.74095600000014, 25.08460200000011], [99.73936200000006, 25.0783050000001], [99.73581000000016, 25.07719199999994], [99.73842300000017, 25.06350100000001], [99.72074900000011, 25.0552000000001], [99.6952480000001, 25.054217000000122], [99.6800200000001, 25.06943000000004], [99.669514, 25.068501999999995], [99.66364300000006, 25.074172999999988], [99.6551480000001, 25.070499000000112], [99.62717100000003, 25.096397000000103], [99.61154200000007, 25.104392000000097], [99.5784800000001, 25.110078], [99.56817300000013, 25.11670700000004], [99.55593599999997, 25.119773000000144], [99.5449260000001, 25.134269000000153], [99.5260440000001, 25.126397000000033], [99.51278800000003, 25.125394999999997], [99.50745500000002, 25.12124500000008], [99.49363400000007, 25.13709099999997], [99.46077000000014, 25.160862000000094], [99.45219800000001, 25.1764980000001], [99.43040900000001, 25.19975799999996], [99.40535800000012, 25.21702400000001], [99.38642900000013, 25.240310000000065], [99.37242900000012, 25.266703000000156], [99.37226100000001, 25.27573299999999], [99.36791300000004, 25.283274000000077], [99.358349, 25.29058099999999], [99.34413200000006, 25.290075000000044], [99.335301, 25.29620400000001], [99.31277500000013, 25.32845699999993], [99.30458900000014, 25.346519000000022], [99.28432500000001, 25.368458000000004], [99.28208600000002, 25.380131000000027], [99.29538000000005, 25.37834900000002], [99.29795100000015, 25.38419099999996], [99.29757700000012, 25.38609500000002], [99.29680300000003, 25.387908000000103], [99.29596300000016, 25.388823000000137], [99.29133600000011, 25.38925800000007], [99.28796400000002, 25.410854000000093], [99.28035800000005, 25.42259], [99.28159000000002, 25.42709900000004], [99.29120300000014, 25.430304000000014], [99.29718000000005, 25.42479800000008], [99.30505000000008, 25.42608600000007], [99.31416000000014, 25.418984000000066], [99.33487000000005, 25.411146000000095], [99.34148000000002, 25.411463000000033], [99.34334200000006, 25.4153540000001], [99.33916600000005, 25.439727000000033], [99.35150200000004, 25.461596000000085], [99.34210300000005, 25.469641000000045], [99.33752500000017, 25.481191000000102], [99.3250550000001, 25.497003000000106], [99.32252099999997, 25.507727000000123], [99.32600100000003, 25.520067999999995], [99.31254200000004, 25.517182000000126], [99.300915, 25.524545000000053], [99.289353, 25.523867999999908], [99.26758599999997, 25.542262000000115], [99.25247600000003, 25.549637000000146], [99.22651400000008, 25.546193000000116], [99.22398800000016, 25.545371000000138], [99.22165300000005, 25.54449900000011], [99.21710600000006, 25.542240999999976], [99.212906, 25.531069000000016], [99.19415400000011, 25.52283799999995], [99.18681400000013, 25.5145560000001], [99.17686100000013, 25.519222999999982], [99.17582699999994, 25.523859000000137], [99.17543100000012, 25.524179999999966], [99.17347799999999, 25.525085000000146], [99.17141400000011, 25.525714999999963], [99.15396500000001, 25.522914000000107], [99.15320200000012, 25.517535000000024], [99.16138500000004, 25.503886000000108], [99.15985500000002, 25.50101899999995], [99.14476500000015, 25.495587000000008], [99.12269300000017, 25.47841000000004], [99.0876010000001, 25.469754000000066], [99.065099, 25.50086700000007], [99.06942800000016, 25.50509099999998], [99.066224, 25.515097000000097], [99.07787400000015, 25.52543700000014], [99.07542099999998, 25.537977000000133], [99.06268300000002, 25.54913400000001], [99.05509200000006, 25.56892000000002], [99.05223600000001, 25.571875], [99.04694000000003, 25.570415000000168], [99.04570400000009, 25.56485199999996], [99.04533799999993, 25.563735000000086], [99.01970799999998, 25.563965000000024], [99.01547700000003, 25.562623000000094], [99.00813399999998, 25.560786999999976], [99.00116800000004, 25.5640980000001], [99.00075600000005, 25.578535000000024], [99.00157599999997, 25.579649000000003], [99.00280499999995, 25.57965100000017], [99.0052650000001, 25.580030000000086], [99.00239600000003, 25.592618000000144], [99.00444500000012, 25.59410300000009], [99.00732099999996, 25.59411300000003], [99.00732800000009, 25.598554000000128], [99.00895800000012, 25.605225000000175], [99.00608900000006, 25.607809000000103], [99.00527200000015, 25.61188200000013], [99.00855600000008, 25.62411600000003], [99.01060200000009, 25.63300100000012], [99.00897200000004, 25.63559900000014], [99.0065080000001, 25.634480000000018], [99.000195, 25.63203000000007], [98.9724280000001, 25.63847700000006], [98.9629479999999, 25.63720799999996], [98.95416000000009, 25.64166699999995], [98.92847099999999, 25.638925999999998], [98.91231599999995, 25.630579000000097], [98.89656200000002, 25.631347000000048], [98.88772300000001, 25.638063999999993], [98.89096500000002, 25.643586000000184], [98.89074399999996, 25.656771000000077], [98.88175600000012, 25.664603000000085], [98.88094000000011, 25.682328000000012], [98.87439699999999, 25.687499000000024], [98.87392099999997, 25.698396000000145], [98.8792310000001, 25.712483000000063], [98.87639200000004, 25.726467000000163], [98.8859980000001, 25.73307099999991], [98.88716600000011, 25.735078000000144], [98.88899700000007, 25.740157000000096], [98.88953100000003, 25.741760000000035], [98.87275400000013, 25.74665199999997], [98.87178100000008, 25.754471000000144], [98.86403300000009, 25.763382000000078], [98.86861499999996, 25.780130999999898], [98.89043900000001, 25.780109000000117], [98.90582300000014, 25.78418600000012], [98.90968799999993, 25.779046000000093], [98.90829500000004, 25.76885799999993], [98.91195800000007, 25.76216400000002], [98.92265700000016, 25.760628000000118], [98.93314800000007, 25.75471900000006], [98.94282200000008, 25.759036000000023], [98.95758500000015, 25.74815299999991], [98.9631969999999, 25.73918200000007], [98.97005900000002, 25.73958099999996], [98.99551400000004, 25.729045000000127], [99.02088200000006, 25.73349900000006], [99.02744700000011, 25.74688900000004], [99.03612200000006, 25.743301999999993], [99.05038500000015, 25.74395100000013], [99.04583000000004, 25.759653000000093], [99.03161300000002, 25.76928400000009], [99.02602400000015, 25.782247000000005], [99.01768200000004, 25.788849999999933], [99.01550700000003, 25.789919000000005], [99.01410300000003, 25.790076000000028], [99.00854900000004, 25.78472300000014], [98.99798200000004, 25.78154300000002], [98.99409500000013, 25.790807999999934], [98.973904, 25.79068900000012], [98.96815200000015, 25.793953000000002], [98.96925400000002, 25.800131999999934], [98.9773680000001, 25.801240000000035], [98.98444400000008, 25.80759699999995], [98.98284600000002, 25.816507000000065], [98.98640500000015, 25.826386000000156], [98.97884000000002, 25.841247000000166], [98.98789299999999, 25.850768000000038], [99.01191300000002, 25.825486000000033], [99.028298, 25.824077000000067], [99.04274800000012, 25.816561999999998], [99.05242200000012, 25.818856999999994], [99.06975600000011, 25.814102000000027], [99.08017800000002, 25.81675299999999], [99.09679500000001, 25.792376000000083], [99.12822400000005, 25.78641400000008], [99.13675400000008, 25.78853000000001], [99.09364700000013, 25.88982900000014], [99.08568200000013, 25.924415999999994], [99.06632700000009, 25.96024100000014], [99.05036200000004, 25.95805400000002], [99.0406910000001, 25.949627000000163], [99.03924600000008, 25.94772200000002], [99.038281, 25.946621000000135], [99.04014200000015, 25.936716000000025], [99.03780400000014, 25.925393000000007], [99.01649100000009, 25.93155500000004], [99.01609899999998, 25.913885999999955], [98.98116400000012, 25.917126000000067], [98.97172200000011, 25.921533000000018], [98.97609400000002, 25.932935], [99.00297600000007, 25.944180000000138], [99.003121, 25.959146000000132], [99.00879299999997, 25.965050000000048], [99.001934, 26.00913400000009], [99.01032699999999, 26.017824000000033], [99.00817100000003, 26.02196200000011], [99.01002200000005, 26.03455600000013], [99.00797000000009, 26.041836000000117], [99.00266000000003, 26.04544700000011], [98.99765500000017, 26.06939199999998], [99.00418100000012, 26.081157000000154], [99.003701, 26.09496800000015], [99.00766799999997, 26.09936400000008], [99.00298000000004, 26.108257999999942], [99.00411300000017, 26.11161400000006], [99.00518100000008, 26.11490200000015], [99.005822, 26.116812999999993], [99.00918599999999, 26.122401000000053], [99.01464900000009, 26.124154000000054], [99.01596500000008, 26.13009500000001], [99.0245899999999, 26.135257000000166], [99.02559000000012, 26.13630899999999], [99.02670800000007, 26.13765499999998], [99.02528900000009, 26.148291], [99.04655500000015, 26.160788000000167], [99.06892400000001, 26.15498999999997], [99.09928500000015, 26.154837000000008], [99.10148700000009, 26.150351000000093], [99.0988120000001, 26.138602], [99.08904300000005, 26.13977900000004], [99.08747900000006, 26.138831000000117], [99.08789799999991, 26.137462000000177], [99.08854700000003, 26.13679100000008], [99.10046900000006, 26.134338999999976], [99.10347799999998, 26.1306539999999], [99.12070100000003, 26.131857000000046], [99.13408400000006, 26.138627000000113], [99.15130300000003, 26.129082000000125], [99.17798700000003, 26.120476000000025], [99.18794700000008, 26.11099899999998], [99.19815100000005, 26.111408999999888], [99.20273300000011, 26.119942999999893], [99.19610700000004, 26.13051700000002], [99.16941500000009, 26.13898800000014], [99.16508900000008, 26.147399000000092], [99.15041799999999, 26.15738400000007], [99.15870299999992, 26.16406699999996], [99.17281400000005, 26.169270000000132], [99.186394, 26.185826000000056], [99.19363499999997, 26.187361000000053], [99.20083700000008, 26.19737400000004], [99.21645100000003, 26.208796000000078], [99.2282490000001, 26.211327999999966], [99.23806100000016, 26.218983000000073], [99.24180599999997, 26.22960300000001], [99.25799299999991, 26.226595999999994], [99.27078300000007, 26.236872000000155], [99.29208800000018, 26.2344110000001], [99.2992020000001, 26.242627], [99.309727, 26.24261099999992], [99.31192499999996, 26.250942999999992], [99.32109499999993, 26.254227999999927], [99.32510400000007, 26.261342000000035], [99.30371500000004, 26.27149400000006], [99.30100300000008, 26.278091000000025], [99.30467299999998, 26.293710000000047], [99.31299600000011, 26.30715700000004], [99.31773000000013, 26.309604], [99.321389, 26.3225249999999], [99.33381300000016, 26.319250000000082], [99.34484600000016, 26.32054600000002], [99.34926600000013, 26.32692499999998], [99.37285700000001, 26.33482400000011], [99.37524800000014, 26.34058700000017], [99.38377000000004, 26.345110999999946], [99.38577300000003, 26.351736000000002], [99.391042, 26.352455000000162], [99.39517700000007, 26.352763000000067], [99.39594700000002, 26.352720000000062], [99.40028500000012, 26.348551000000086], [99.42709800000014, 26.34724500000003], [99.43342600000005, 26.35158900000001], [99.43480000000005, 26.35890299999997], [99.44260800000004, 26.359963000000008], [99.450448, 26.36537800000005], [99.45659300000004, 26.37831500000003], [99.46004200000013, 26.380370000000063], [99.46525599999998, 26.38122100000013], [99.46760200000001, 26.38142900000011], [99.4680260000001, 26.381745000000144], [99.46991400000017, 26.38312600000001], [99.47964200000003, 26.392579000000026], [99.48222800000012, 26.39927000000013], [99.48191500000016, 26.40189900000005], [99.48265900000007, 26.403517000000164], [99.49351100000003, 26.41711999999992], [99.50476500000002, 26.4207580000001], [99.503746, 26.42682599999999], [99.51119300000003, 26.429232000000113], [99.52012000000005, 26.45140400000001], [99.51516, 26.45730200000005], [99.51213900000015, 26.471180000000082], [99.49705200000008, 26.48058700000002], [99.50385300000005, 26.49420199999988], [99.49987900000005, 26.508727000000064], [99.50350600000004, 26.517007000000014], [99.50223600000002, 26.53797999999992], [99.49960400000003, 26.548089000000033], [99.48957900000012, 26.56057900000006], [99.48979300000006, 26.574567000000137], [99.51443200000016, 26.589155000000034], [99.52497100000014, 26.60075700000013], [99.53213200000005, 26.593462000000144], [99.54570500000008, 26.603505999999946], [99.56661300000002, 26.60635800000002], [99.58139800000014, 26.621278000000025], [99.59393300000008, 26.62751100000007], [99.60328400000017, 26.623377000000147], [99.61333100000013, 26.624344000000043], [99.62277200000004, 26.637812999999902], [99.62513400000007, 26.669253000000047], [99.65301600000001, 26.68634600000017], [99.65404200000006, 26.686535], [99.65519799999997, 26.68632600000003], [99.65912600000007, 26.684566000000153], [99.68990000000011, 26.660899000000015], [99.69182700000002, 26.644023999999987], [99.70107000000007, 26.63458900000004], [99.70247700000013, 26.627796000000025], [99.70454100000003, 26.62668500000003], [99.70982800000013, 26.62431200000006], [99.71208200000004, 26.62320800000002], [99.72752400000006, 26.623639000000153], [99.73286100000004, 26.63056200000009], [99.73739000000015, 26.63006200000011], [99.74995800000013, 26.63753300000009], [99.77636799999996, 26.646988000000093], [99.78880400000006, 26.647588], [99.80176999999995, 26.643363000000008], [99.82761800000014, 26.623844000000062], [99.867478, 26.62568600000006], [99.87307800000008, 26.629946000000103], [99.88719999999998, 26.629486000000057], [99.88942000000006, 26.63731699999998], [99.89501599999998, 26.64181000000012], [99.89439100000014, 26.65189100000005], [99.89700700000006, 26.6557159999999], [99.916554, 26.64908099999999], [99.92176800000011, 26.638963000000018], [99.941239, 26.624856000000044], [99.94191800000004, 26.614720000000005], [99.96203600000017, 26.609897000000004], [99.97510600000014, 26.613975999999994], [99.97860400000002, 26.60789200000002], [99.98875900000003, 26.602878000000118], [99.99956600000016, 26.60387800000008], [100.00409700000007, 26.593813000000054], [100.00072099999998, 26.588820000000027], [100.015595, 26.585242000000008], [100.03368100000004, 26.59100300000008], [100.04354599999996, 26.587517000000126], [100.04110100000007, 26.596354000000154], [100.05006500000005, 26.59767000000015], [100.05548500000005, 26.60199300000008], [100.05629400000001, 26.603265000000164], [100.056591, 26.604194000000028], [100.056255, 26.605110000000053], [100.051285, 26.60824300000011], [100.04895400000004, 26.621958000000156], [100.05015600000002, 26.63493599999989], [100.05582100000014, 26.647918000000125], [100.06654500000016, 26.639170999999997], [100.08432400000001, 26.635913000000166], [100.086606, 26.62538600000002], [100.09413200000009, 26.617920000000183], [100.1104169999999, 26.616410999999943], [100.11014299999997, 26.60585800000004], [100.12135300000013, 26.610304000000106], [100.13129100000012, 26.606293000000058], [100.1560060000001, 26.62087600000016], [100.19781500000013, 26.68941700000007], [100.20582999999999, 26.6921010000001], [100.20982000000001, 26.697766000000044], [100.22262299999991, 26.691161000000044], [100.24294000000006, 26.700135000000124], [100.24502999999997, 26.690856000000117], [100.23795000000001, 26.682330999999884], [100.24121599999998, 26.667076000000044], [100.23796500000019, 26.65922399999998], [100.24366400000011, 26.640112000000137], [100.2552299999999, 26.63294100000011], [100.28459600000002, 26.628547000000168], [100.29413300000007, 26.622022000000037], [100.32601200000003, 26.631064999999964], [100.34239600000004, 26.625160000000058], [100.33399200000002, 26.601115999999905], [100.34462400000007, 26.58907700000006], [100.36094000000003, 26.5892020000001], [100.36264100000008, 26.58444199999999], [100.35949299999996, 26.57760800000004], [100.40557600000001, 26.564553000000068], [100.40472100000014, 26.555194000000014], [100.41584800000011, 26.537425999999996], [100.4395110000001, 26.54084500000009], [100.45749000000016, 26.539735000000086], [100.44872700000005, 26.518311999999987], [100.453935, 26.506083000000146], [100.46782400000006, 26.495167000000052], [100.4684750000001, 26.486986000000122], [100.43248100000001, 26.48695900000002], [100.42547600000003, 26.478911999999987], [100.4297340000001, 26.470697], [100.42767800000016, 26.461490000000175], [100.42904000000004, 26.457642000000114], [100.42985600000006, 26.455854000000144], [100.44018599999998, 26.448745000000095], [100.43964100000002, 26.43813500000001], [100.4452820000001, 26.422954000000075], [100.4514630000001, 26.42303100000005], [100.462471, 26.431278000000113], [100.47007400000007, 26.432104000000066], [100.47573100000005, 26.42283300000001], [100.49556399999997, 26.415352000000006], [100.49633799999997, 26.409515000000127], [100.488309, 26.398604999999996], [100.45009300000001, 26.401052000000135], [100.44466400000013, 26.388976999999983], [100.44455700000016, 26.375680000000145], [100.43029500000014, 26.361214000000047], [100.43433500000012, 26.354617000000168], [100.44359600000004, 26.360158999999975], [100.44833500000011, 26.356965000000024], [100.43630600000012, 26.34696400000005], [100.42668900000004, 26.33172100000005], [100.42899800000012, 26.319386000000144], [100.42128400000011, 26.31666399999999], [100.41381200000005, 26.32068700000014], [100.40451400000006, 26.317937000000157], [100.39312000000004, 26.301615000000055], [100.39330300000009, 26.30035399999999], [100.39360800000009, 26.29943599999998], [100.39437099999998, 26.298686000000004], [100.40340100000017, 26.298340000000152], [100.40498000000008, 26.296836000000056], [100.4067499999999, 26.294761000000143], [100.408573, 26.29205699999997], [100.41856400000012, 26.249590000000133], [100.42096400000011, 26.244652000000123], [100.42210100000003, 26.242640000000094], [100.42623600000005, 26.236283999999998], [100.43603500000009, 26.22809800000001], [100.43016100000008, 26.21827300000004], [100.43543300000002, 26.210857000000075], [100.43405500000003, 26.20103799999989], [100.41554700000007, 26.189034000000014], [100.40680800000015, 26.188171999999923], [100.41112500000013, 26.173295000000095], [100.41753799999996, 26.167859000000092], [100.41876300000007, 26.154304000000053], [100.42374800000006, 26.143406000000112], [100.44773100000006, 26.131719999999994], [100.47007000000009, 26.139622000000017], [100.48261700000013, 26.131388000000143], [100.48560800000016, 26.12261700000007], [100.47132500000001, 26.119641000000037], [100.47064199999991, 26.119109999999893], [100.47028400000004, 26.11824499999991], [100.47000900000002, 26.11657899999991], [100.4811180000001, 26.094560999999963], [100.47566300000011, 26.07869900000017], [100.47850900000006, 26.070951000000008], [100.48484500000009, 26.065789000000116], [100.48267099999998, 26.03822600000003], [100.48973900000001, 26.02795200000012], [100.49034500000006, 26.018668000000055], [100.49681900000016, 26.01476800000013], [100.5140880000001, 26.013978000000137], [100.52428899999992, 26.022170000000088], [100.55049600000015, 26.016948000000028], [100.55957500000014, 26.017858000000004], [100.56413700000004, 26.014126000000125], [100.56493100000009, 26.012960999999926], [100.56442700000014, 25.999989000000156], [100.56070400000011, 25.995075], [100.56855500000009, 25.988285000000054], [100.59102700000012, 25.99312099999989], [100.608701, 26.00652600000013], [100.62437500000013, 26.006307000000128], [100.6410110000001, 26.00159600000007], [100.64593200000013, 26.00558199999992], [100.66618800000012, 26.006579000000073], [100.65177199999991, 26.044670000000124], [100.647298, 26.07140899999998], [100.65226000000004, 26.08019500000014], [100.64544700000015, 26.09367900000008], [100.64537900000002, 26.096319000000022], [100.64639300000007, 26.09876500000008], [100.66789700000012, 26.114695999999896], [100.66868299999997, 26.12688499999998], [100.68658100000009, 26.130604000000027], [100.686245, 26.13344600000007], [100.68616099999997, 26.13534600000007], [100.68698100000015, 26.13668100000004], [100.70334700000015, 26.143873000000028], [100.70499100000004, 26.146246000000083], [100.70618100000016, 26.148758000000008], [100.70586000000007, 26.151453999999966], [100.73973499999991, 26.159145999999936], [100.74975300000003, 26.167477000000105], [100.76258200000014, 26.172534000000013], [100.76416100000004, 26.17425300000005], [100.765015, 26.176465000000015], [100.7658620000001, 26.178439000000097], [100.76572500000013, 26.18971900000011], [100.78758600000006, 26.187432000000065], [100.80641999999999, 26.199299000000153], [100.82202200000003, 26.200215000000092], [100.83115500000002, 26.194523000000046], [100.82617300000011, 26.187455000000014], [100.8275040000001, 26.179644000000145], [100.84984700000004, 26.17290300000017], [100.86820300000011, 26.156016000000037], [100.89830100000016, 26.156768000000085], [100.90889800000015, 26.17028200000002]]]}}, {"type": "Feature", "properties": {"name": "保山市", "kind": "0137", "admin_code": "530502", "code_1": 5305}, "geometry": {"type": "Polygon", "coordinates": [[[98.88772300000001, 25.638063999999993], [98.89656200000002, 25.631347000000048], [98.91081700000016, 25.630388000000103], [98.92847099999999, 25.638925999999998], [98.95416000000009, 25.64166699999995], [98.9629479999999, 25.63720799999996], [98.9724280000001, 25.63847700000006], [99.000195, 25.63203000000007], [99.0065080000001, 25.634480000000018], [99.00897200000004, 25.63559900000014], [99.01060200000009, 25.63300100000012], [99.00855600000008, 25.62411600000003], [99.00527200000015, 25.61188200000013], [99.00608900000006, 25.607809000000103], [99.00895800000012, 25.605225000000175], [99.00732800000009, 25.598554000000128], [99.00732099999996, 25.59411300000003], [99.00444500000012, 25.59410300000009], [99.00239600000003, 25.592618000000144], [99.0052650000001, 25.580030000000086], [99.00280499999995, 25.57965100000017], [99.00157599999997, 25.579649000000003], [99.00075600000005, 25.578535000000024], [99.00116800000004, 25.5640980000001], [99.00813399999998, 25.560786999999976], [99.01547700000003, 25.562623000000094], [99.01970799999998, 25.563965000000024], [99.04533799999993, 25.563735000000086], [99.04570400000009, 25.56485199999996], [99.04694000000003, 25.570415000000168], [99.05223600000001, 25.571875], [99.05509200000006, 25.56892000000002], [99.06268300000002, 25.54913400000001], [99.07542099999998, 25.537977000000133], [99.07787400000015, 25.52543700000014], [99.066224, 25.515097000000097], [99.06942800000016, 25.50509099999998], [99.065099, 25.50086700000007], [99.0876010000001, 25.469754000000066], [99.12269300000017, 25.47841000000004], [99.14476500000015, 25.495587000000008], [99.15985500000002, 25.50101899999995], [99.16138500000004, 25.503886000000108], [99.15320200000012, 25.517535000000024], [99.15396500000001, 25.522914000000107], [99.17141400000011, 25.525714999999963], [99.17347799999999, 25.525085000000146], [99.17543100000012, 25.524179999999966], [99.17582699999994, 25.523859000000137], [99.17686100000013, 25.519222999999982], [99.18681400000013, 25.5145560000001], [99.19415400000011, 25.52283799999995], [99.212906, 25.531069000000016], [99.21710600000006, 25.542240999999976], [99.22165300000005, 25.54449900000011], [99.22398800000016, 25.545371000000138], [99.22651400000008, 25.546193000000116], [99.25247600000003, 25.549637000000146], [99.26758599999997, 25.542262000000115], [99.289353, 25.523867999999908], [99.300915, 25.524545000000053], [99.31254200000004, 25.517182000000126], [99.32600100000003, 25.520067999999995], [99.32252099999997, 25.507727000000123], [99.3250550000001, 25.497003000000106], [99.33752500000017, 25.481191000000102], [99.34210300000005, 25.469641000000045], [99.35150200000004, 25.461596000000085], [99.33916600000005, 25.439727000000033], [99.34334200000006, 25.4153540000001], [99.34148000000002, 25.411463000000033], [99.33487000000005, 25.411146000000095], [99.31416000000014, 25.418984000000066], [99.30505000000008, 25.42608600000007], [99.29718000000005, 25.42479800000008], [99.29120300000014, 25.430304000000014], [99.28159000000002, 25.42709900000004], [99.28035800000005, 25.42259], [99.28796400000002, 25.410854000000093], [99.29133600000011, 25.38925800000007], [99.29596300000016, 25.388823000000137], [99.29680300000003, 25.387908000000103], [99.29757700000012, 25.38609500000002], [99.29795100000015, 25.38419099999996], [99.29538000000005, 25.37834900000002], [99.28208600000002, 25.380131000000027], [99.28432500000001, 25.368458000000004], [99.30458900000014, 25.346519000000022], [99.31277500000013, 25.32845699999993], [99.335301, 25.29620400000001], [99.34413200000006, 25.290075000000044], [99.358349, 25.29058099999999], [99.36791300000004, 25.283274000000077], [99.37226100000001, 25.27573299999999], [99.37242900000012, 25.266703000000156], [99.38642900000013, 25.240310000000065], [99.40535800000012, 25.21702400000001], [99.43040900000001, 25.19975799999996], [99.45219800000001, 25.1764980000001], [99.46077000000014, 25.160862000000094], [99.49363400000007, 25.13709099999997], [99.50745500000002, 25.12124500000008], [99.51278800000003, 25.125394999999997], [99.5260440000001, 25.126397000000033], [99.5449260000001, 25.134269000000153], [99.55593599999997, 25.119773000000144], [99.56817300000013, 25.11670700000004], [99.5784800000001, 25.110078], [99.61154200000007, 25.104392000000097], [99.62717100000003, 25.096397000000103], [99.6551480000001, 25.070499000000112], [99.66364300000006, 25.074172999999988], [99.669514, 25.068501999999995], [99.6800200000001, 25.06943000000004], [99.6952480000001, 25.054217000000122], [99.72074900000011, 25.0552000000001], [99.73842300000017, 25.06350100000001], [99.73581000000016, 25.07719199999994], [99.73936200000006, 25.0783050000001], [99.74095600000014, 25.08460200000011], [99.75233500000017, 25.088950999999973], [99.76475200000012, 25.084609000000157], [99.77097800000011, 25.087315000000054], [99.77403700000008, 25.08264200000012], [99.776432, 25.087109000000062], [99.77948000000013, 25.08736100000013], [99.78098300000015, 25.088414000000036], [99.78336699999997, 25.088915000000014], [99.82456199999999, 25.09059000000005], [99.82805300000007, 25.10444099999998], [99.82456600000003, 25.112869000000003], [99.83598800000007, 25.133777000000038], [99.85834600000001, 25.15781399999988], [99.8525710000001, 25.17738200000006], [99.87966200000004, 25.194062999999936], [99.89474600000003, 25.193475000000042], [99.92838700000013, 25.207834999999903], [99.93024100000005, 25.206998000000013], [99.9328350000001, 25.201606000000098], [99.92944000000003, 25.18906700000001], [99.93270900000014, 25.186357999999956], [99.93696200000014, 25.182744000000156], [99.93858400000005, 25.179446000000127], [99.9381830000001, 25.170477000000012], [99.94311900000011, 25.17015400000011], [99.9427260000001, 25.162388000000057], [99.94731200000012, 25.159073000000042], [99.94924900000017, 25.157546999999994], [99.9594460000001, 25.156309000000142], [99.96009500000015, 25.15481100000001], [99.95842000000012, 25.151237999999964], [99.96067900000016, 25.14644500000005], [99.96686200000015, 25.141004000000166], [99.96913900000007, 25.13741199999997], [99.96909700000015, 25.13233100000003], [99.96974200000005, 25.129933000000037], [99.97365999999997, 25.126337000000042], [99.97788700000002, 25.122688000000103], [99.97915000000008, 25.116116000000076], [99.98072100000003, 25.106534000000046], [99.9803590000001, 25.102353000000143], [99.98167100000012, 25.10174999999999], [99.98823200000012, 25.104680000000123], [99.996174, 25.109135000000137], [100.013112, 25.108392999999943], [100.02055400000015, 25.111143000000013], [100.03770100000013, 25.102247000000077], [100.03846400000002, 25.101278000000015], [100.03871600000008, 25.10018700000016], [100.03840300000005, 25.09904000000003], [100.02911399999999, 25.090734000000147], [100.028412, 25.089240999999987], [100.02809600000015, 25.087693000000066], [100.02822500000016, 25.086229999999986], [100.04153100000012, 25.074282000000125], [100.046212, 25.05841099999995], [100.04596000000012, 25.056806000000023], [100.04546000000013, 25.055483999999886], [100.04387700000007, 25.054507000000136], [100.02638300000017, 25.04783600000009], [100.01881500000016, 25.039708000000104], [100.00432300000011, 25.040965000000014], [99.97942400000001, 25.03032800000009], [99.97323300000006, 25.01928299999998], [99.959843, 25.008826000000028], [99.9393080000001, 25.00930100000007], [99.91664500000007, 24.999980999999963], [99.91264000000017, 24.99109700000004], [99.89856000000012, 24.992035000000023], [99.87621400000003, 24.962603000000016], [99.87049100000009, 24.963939000000067], [99.85929100000013, 24.960029000000027], [99.8452350000001, 24.95101000000004], [99.83873800000006, 24.937976000000027], [99.8518179999999, 24.91586800000001], [99.86233600000017, 24.90544600000002], [99.8353700000001, 24.885006000000075], [99.83559900000004, 24.880188000000047], [99.82727899999998, 24.87396700000002], [99.81549899999999, 24.87235900000011], [99.80392900000014, 24.866460999999987], [99.8114170000001, 24.854730000000046], [99.83576700000009, 24.837680000000105], [99.82339200000007, 24.826166999999913], [99.805879, 24.82139400000014], [99.7948880000001, 24.80393300000012], [99.767971, 24.78846800000005], [99.77584500000003, 24.775147999999916], [99.79889299999994, 24.765094999999995], [99.80942600000003, 24.748711], [99.812047, 24.739615000000036], [99.81032700000016, 24.72430000000012], [99.80527600000003, 24.71590800000014], [99.80050299999999, 24.714436000000028], [99.80607700000004, 24.706152000000102], [99.78943300000013, 24.69651200000007], [99.77412400000017, 24.695857000000053], [99.76767400000011, 24.688676000000086], [99.76164300000009, 24.6882689999999], [99.73627200000001, 24.675005000000127], [99.72226400000005, 24.675095000000027], [99.72043300000007, 24.670185000000025], [99.72418300000002, 24.665534000000044], [99.72201300000006, 24.654789000000065], [99.72614300000001, 24.646339000000083], [99.72409900000018, 24.636097999999976], [99.71696200000012, 24.633801000000076], [99.70691400000008, 24.63675199999991], [99.68085100000012, 24.62872999999999], [99.67833400000005, 24.623204000000086], [99.68469000000015, 24.615967999999924], [99.68124100000006, 24.596203000000138], [99.67543100000002, 24.5943240000001], [99.66416600000018, 24.599130000000024], [99.65439300000016, 24.587512000000025], [99.64207900000002, 24.582627000000045], [99.65232100000006, 24.570781000000096], [99.667294, 24.56983599999998], [99.66606200000003, 24.546785999999912], [99.67820400000014, 24.53772699999999], [99.68785499999993, 24.516421000000065], [99.6861580000001, 24.499881000000045], [99.6738820000001, 24.487943999999942], [99.6819350000001, 24.47875900000016], [99.68074800000012, 24.454849999999986], [99.671505, 24.450184000000007], [99.6575010000001, 24.452325999999957], [99.65031500000006, 24.45830600000003], [99.62695000000005, 24.449160000000013], [99.6285630000001, 24.445781000000032], [99.60622099999992, 24.42407100000017], [99.60465700000009, 24.415474999999923], [99.60034200000011, 24.414509000000017], [99.59625699999998, 24.407465000000016], [99.5919690000001, 24.38484899999989], [99.5877890000001, 24.382908000000135], [99.58287500000013, 24.37137599999997], [99.58453799999998, 24.359323000000032], [99.577461, 24.35632700000012], [99.57091200000009, 24.347950000000054], [99.56080600000004, 24.345061000000022], [99.56060400000004, 24.343430000000076], [99.56042500000015, 24.34174400000002], [99.56009700000001, 24.340830999999888], [99.55539699999997, 24.340602000000032], [99.55637400000016, 24.33580900000012], [99.54925900000015, 24.33088400000012], [99.52249599999999, 24.32742599999991], [99.5163850000001, 24.323316000000105], [99.49438100000006, 24.318333000000017], [99.49259599999999, 24.31058100000014], [99.48022500000005, 24.297087999999988], [99.47625400000001, 24.283740999999928], [99.47558200000019, 24.261079000000073], [99.46325400000015, 24.253992999999888], [99.46026300000011, 24.24333399999992], [99.43596000000011, 24.24949200000006], [99.42698700000003, 24.24275899999995], [99.41609600000004, 24.22788899999999], [99.41200700000012, 24.233514], [99.40460999999996, 24.23182500000005], [99.384259, 24.235799000000057], [99.37217700000006, 24.24360400000014], [99.35927700000005, 24.243276], [99.35385600000012, 24.246536000000084], [99.35327200000012, 24.25006000000016], [99.35941000000011, 24.254754000000055], [99.35646100000001, 24.261075999999917], [99.35737700000013, 24.270289000000055], [99.35304700000015, 24.276801000000006], [99.35446300000007, 24.289895000000094], [99.36294199999989, 24.297184000000115], [99.366444, 24.315056000000034], [99.35898299999988, 24.31870900000004], [99.358014, 24.326563000000178], [99.34830099999996, 24.338705000000104], [99.34528000000002, 24.355601000000007], [99.34719899999999, 24.371675000000103], [99.33685000000008, 24.381167000000147], [99.33625100000009, 24.388911999999976], [99.330434, 24.397623000000145], [99.33214600000008, 24.403061000000136], [99.32518400000012, 24.417453000000066], [99.32634800000014, 24.423309000000003], [99.31148900000012, 24.443424000000057], [99.30505800000003, 24.44288499999996], [99.2953160000001, 24.449127999999945], [99.26582699999999, 24.448425999999948], [99.25810600000003, 24.438490000000023], [99.25262200000003, 24.42326700000008], [99.24366400000012, 24.41774000000001], [99.24186400000005, 24.410245999999994], [99.23266700000008, 24.40803100000013], [99.23109800000012, 24.401967000000035], [99.22498000000016, 24.39684000000002], [99.22427800000017, 24.39032800000016], [99.21112500000008, 24.373898000000004], [99.21078200000012, 24.346799999999938], [99.20604700000004, 24.33660600000016], [99.20062600000003, 24.333099000000068], [99.18988000000014, 24.334840000000057], [99.18164899999991, 24.331622000000074], [99.18664899999997, 24.323828000000013], [99.1839110000001, 24.316047000000054], [99.16641600000011, 24.314156999999994], [99.15763100000012, 24.29157500000001], [99.15526999999999, 24.28932900000016], [99.153866, 24.28700700000006], [99.15193900000007, 24.28460599999991], [99.12665200000018, 24.26891600000014], [99.11545200000003, 24.257780000000054], [99.1132630000001, 24.25705999999999], [99.10636500000011, 24.25651200000003], [99.10426700000008, 24.256194000000008], [99.09174000000009, 24.239716000000143], [99.07279299999996, 24.24083499999992], [99.048482, 24.230353000000115], [99.02560500000013, 24.234421999999903], [99.026078, 24.220066000000017], [99.02238499999997, 24.217988000000034], [99.01950100000009, 24.216174000000045], [98.98089300000007, 24.20851700000013], [98.94450500000006, 24.190533000000002], [98.90900899999988, 24.184527999999908], [98.8971940000001, 24.168860000000002], [98.87242899999997, 24.15291200000003], [98.86545599999998, 24.143957000000007], [98.85828399999995, 24.137633999999977], [98.85405000000003, 24.134843999999966], [98.846733, 24.133783000000022], [98.83863100000002, 24.1325], [98.81754800000007, 24.136358], [98.75414700000002, 24.127381000000113], [98.74499600000004, 24.130662000000157], [98.73544000000011, 24.127926999999907], [98.71850599999999, 24.130537000000032], [98.70988200000001, 24.125072000000024], [98.68478100000006, 24.136901999999985], [98.684178, 24.143798999999987], [98.69192200000009, 24.167309000000017], [98.68662700000003, 24.17154600000002], [98.68950300000014, 24.188855000000075], [98.72664700000017, 24.210307000000086], [98.71732400000008, 24.241250000000058], [98.700822, 24.25880800000011], [98.70014999999992, 24.26090100000009], [98.70002800000003, 24.26264500000015], [98.70002800000003, 24.263662000000096], [98.70356099999997, 24.268300999999973], [98.69939500000007, 24.28675599999999], [98.719425, 24.33457800000005], [98.71302900000015, 24.342587000000137], [98.71895200000013, 24.356632999999952], [98.7246329999999, 24.36073000000001], [98.7146040000001, 24.372943000000035], [98.71160599999993, 24.383230000000047], [98.71293699999993, 24.39314200000011], [98.702722, 24.399763000000107], [98.70123700000005, 24.409012000000118], [98.68817500000003, 24.41754300000005], [98.6884270000001, 24.421828000000033], [98.69596900000002, 24.42640100000004], [98.69282499999994, 24.437407000000036], [98.68380400000004, 24.44692900000016], [98.68561999999994, 24.45327500000014], [98.69160099999999, 24.453201999999962], [98.69999400000006, 24.46063900000015], [98.70828299999997, 24.47683300000014], [98.72135600000009, 24.483586000000045], [98.72654000000003, 24.491293000000013], [98.71691100000001, 24.496503000000146], [98.70514799999992, 24.496805000000087], [98.69701800000003, 24.515041000000018], [98.69665900000017, 24.530673000000135], [98.68611200000005, 24.53242900000012], [98.68468900000008, 24.533502999999904], [98.68339600000004, 24.53491100000005], [98.68259100000004, 24.536546000000058], [98.68519300000004, 24.542930000000162], [98.69821200000005, 24.547489999999897], [98.69161200000002, 24.565143000000077], [98.67994700000013, 24.570339000000118], [98.66711499999995, 24.56572700000008], [98.65136000000004, 24.573572999999918], [98.64116700000008, 24.572954000000124], [98.63661600000012, 24.57911700000006], [98.6248250000001, 24.583147000000082], [98.592107, 24.57446000000003], [98.58620500000016, 24.57764300000005], [98.57904500000015, 24.57641000000008], [98.56257700000006, 24.565416000000106], [98.52414400000012, 24.550298000000147], [98.50674899999999, 24.55454700000017], [98.48537500000012, 24.54741499999991], [98.48267400000009, 24.556675000000027], [98.47515900000002, 24.55708700000001], [98.47853500000011, 24.56858500000012], [98.48468800000003, 24.57150399999997], [98.47680000000008, 24.57812800000012], [98.47671600000007, 24.58557800000014], [98.46935700000012, 24.59532100000017], [98.45818400000007, 24.5981970000001], [98.46200200000014, 24.602989000000107], [98.45650100000009, 24.617757999999967], [98.45505900000015, 24.61867800000006], [98.45231600000002, 24.61960099999996], [98.44839200000007, 24.61970100000015], [98.43924800000005, 24.63583000000009], [98.42363800000007, 24.64187100000006], [98.41573800000012, 24.639934000000018], [98.41582900000017, 24.651614999999907], [98.423837, 24.66035200000001], [98.43332700000006, 24.663174000000176], [98.43740900000012, 24.670510999999998], [98.45347999999998, 24.676407999999952], [98.45159199999999, 24.677428000000056], [98.45096600000007, 24.687384000000037], [98.4470720000001, 24.697042000000046], [98.44147200000003, 24.70106700000001], [98.4385080000001, 24.70589900000013], [98.44317300000009, 24.714528], [98.44903200000002, 24.719918000000106], [98.4482919999999, 24.722593000000103], [98.44693800000003, 24.727449999999983], [98.44718200000014, 24.737409000000035], [98.44332900000003, 24.74413300000011], [98.43568500000012, 24.744371000000086], [98.43144300000014, 24.74641000000004], [98.43039400000004, 24.74764900000006], [98.42843700000012, 24.758161000000122], [98.42058600000013, 24.7655740000001], [98.42183400000002, 24.771973000000024], [98.43158400000009, 24.779809000000007], [98.46803699999997, 24.78421800000004], [98.47895899999995, 24.798330000000156], [98.49873000000004, 24.813886999999937], [98.50734400000009, 24.813992000000006], [98.5168120000001, 24.807424000000047], [98.52567699999996, 24.805581000000053], [98.53634600000004, 24.810236000000096], [98.54459100000011, 24.803033], [98.55061400000002, 24.80463099999988], [98.55504600000009, 24.83057200000014], [98.54500200000001, 24.842022000000007], [98.53458800000007, 24.862992999999925], [98.53277600000007, 24.895151000000148], [98.52919400000016, 24.90069600000011], [98.51809000000014, 24.904230999999946], [98.49469000000008, 24.902358999999954], [98.49168400000005, 24.893057999999904], [98.47941700000008, 24.8954259999999], [98.47062700000004, 24.88976800000009], [98.46210500000014, 24.888710000000124], [98.44658300000015, 24.876963000000018], [98.43878600000002, 24.88131100000006], [98.4457560000001, 24.893203], [98.43622600000012, 24.903083999999986], [98.42051400000004, 24.902551000000116], [98.41032400000014, 24.90415399999997], [98.4076270000001, 24.90733600000008], [98.397312, 24.90004599999989], [98.39447400000003, 24.900984999999956], [98.39275800000016, 24.903352999999953], [98.39289500000004, 24.90586500000005], [98.39385700000005, 24.907363000000004], [98.3939940000001, 24.909876000000096], [98.39279600000009, 24.91063400000011], [98.39171300000001, 24.91082200000003], [98.39080100000005, 24.910799000000083], [98.38165300000006, 24.899033000000003], [98.38154300000001, 24.899071000000127], [98.37552700000015, 24.90124000000018], [98.37169300000001, 24.897711000000044], [98.36251099999996, 24.8996310000001], [98.3604400000001, 24.90045299999999], [98.35658699999998, 24.908443000000013], [98.35141000000009, 24.914324000000065], [98.35044500000001, 24.912888999999993], [98.35160900000002, 24.904608000000138], [98.35004400000004, 24.903921000000054], [98.33083800000006, 24.914853999999956], [98.33167300000005, 24.929641000000146], [98.32063400000007, 24.940729999999988], [98.32581000000006, 24.942025000000022], [98.33432800000017, 24.936025000000072], [98.3348510000001, 24.937383000000167], [98.33539999999996, 24.937906000000098], [98.33484299999996, 24.94280600000016], [98.33417900000009, 24.943976000000156], [98.33237100000007, 24.945454000000055], [98.33086400000008, 24.94621100000016], [98.32080500000001, 24.947100999999996], [98.32330799999991, 24.954387000000033], [98.31624300000003, 24.958995000000094], [98.3143160000001, 24.958931000000128], [98.31233700000014, 24.958303000000036], [98.31037900000014, 24.95741600000001], [98.29007700000007, 24.940500000000142], [98.27223300000016, 24.940047999999962], [98.25862599999991, 24.929692000000017], [98.24741100000003, 24.930569000000013], [98.24393200000011, 24.928224000000142], [98.24201300000014, 24.927314000000166], [98.23884300000005, 24.930177000000086], [98.23717100000007, 24.935599999999994], [98.23436800000016, 24.949421000000015], [98.24035700000007, 24.946992000000122], [98.23869400000015, 24.95489099999999], [98.2343180000001, 24.95881200000005], [98.22509100000013, 24.960750000000175], [98.22125600000008, 24.964664000000013], [98.22174100000007, 24.974060000000108], [98.22543800000007, 24.991890000000105], [98.22285199999997, 25.002646000000105], [98.22821800000006, 25.02338000000004], [98.24856600000001, 25.044466999999962], [98.25435300000011, 25.06041900000009], [98.25360500000004, 25.071491000000123], [98.26907100000001, 25.08010600000008], [98.26817000000007, 25.094453000000016], [98.25538300000007, 25.110001000000025], [98.245953, 25.111902000000107], [98.23266999999998, 25.10544799999999], [98.2075590000001, 25.124274000000057], [98.197579, 25.13886000000005], [98.18401100000004, 25.139663000000056], [98.17936700000001, 25.14342199999995], [98.17903900000006, 25.151093000000046], [98.17195200000006, 25.159119000000118], [98.16743100000008, 25.17460200000008], [98.18417400000003, 25.19442700000012], [98.18551300000016, 25.203295000000047], [98.19050700000017, 25.208792000000038], [98.19107100000012, 25.210607000000017], [98.19123200000004, 25.21277900000014], [98.19070500000004, 25.214579000000036], [98.18494100000007, 25.225424999999937], [98.19290600000008, 25.24758400000009], [98.16472300000002, 25.26554800000016], [98.15902700000001, 25.26562199999998], [98.152084, 25.28269700000012], [98.13975600000015, 25.288386999999915], [98.12473300000005, 25.28526600000005], [98.115361, 25.289846000000104], [98.11048900000011, 25.296989000000124], [98.11043200000002, 25.308624000000023], [98.102982, 25.31720699999991], [98.10485500000007, 25.32522100000014], [98.0943, 25.327584999999985], [98.08899699999999, 25.338847000000108], [98.09060599999998, 25.34977900000002], [98.09622999999999, 25.356461999999993], [98.100615, 25.380497000000027], [98.09586699999998, 25.382148999999934], [98.10093000000003, 25.38796000000014], [98.10122000000004, 25.394834000000024], [98.10740699999994, 25.395197000000124], [98.1224900000001, 25.386916000000006], [98.13563199999999, 25.388668000000017], [98.141402, 25.395455999999974], [98.14772800000001, 25.416218], [98.15344100000002, 25.421893999999966], [98.14363800000001, 25.433278999999963], [98.15460200000015, 25.446748000000085], [98.15421200000004, 25.465418000000042], [98.14251599999999, 25.489032999999964], [98.14020655501335, 25.489346859663463], [98.13871499999999, 25.490409000000035], [98.13796671203588, 25.49106388098388], [98.136886, 25.49820300000001], [98.12350420091207, 25.51122805499795], [98.12732300000013, 25.519249000000087], [98.14363200000004, 25.522241000000022], [98.14459116940208, 25.52283175057231], [98.15161000000005, 25.52621500000003], [98.156936, 25.52924699999999], [98.16145800000007, 25.54666800000016], [98.17231699999996, 25.549886999999963], [98.17796200000004, 25.556261000000035], [98.18256299999996, 25.562651000000017], [98.18596499999998, 25.575994000000016], [98.18317299999998, 25.581778000000035], [98.18013793335211, 25.585816897752814], [98.17851199999998, 25.60098300000002], [98.16757899999999, 25.62339199999999], [98.16657199999997, 25.626278000000035], [98.16818900000001, 25.62816800000001], [98.18292100000001, 25.62603400000001], [98.18800999999999, 25.615910999999983], [98.20637089214623, 25.620179890108766], [98.216462, 25.611207000000057], [98.21798400000007, 25.612230000000146], [98.219632, 25.612962000000138], [98.23613599999999, 25.60920299999998], [98.24068399999996, 25.612482000000035], [98.24307419033539, 25.612264021907393], [98.24653600000002, 25.607018000000025], [98.25283381498491, 25.60757742844848], [98.26872899999995, 25.593364999999956], [98.27339533408718, 25.593694398199695], [98.27383100000003, 25.593544000000023], [98.2749021780462, 25.592649484463536], [98.280896, 25.581636000000096], [98.29285100000008, 25.575547000000064], [98.29567000000009, 25.562741000000088], [98.30287100000004, 25.550471999999957], [98.30757800000002, 25.548963999999977], [98.30963800000004, 25.546299000000005], [98.31453000000005, 25.547483000000092], [98.32007200000012, 25.56034999999988], [98.33350999999999, 25.56792600000002], [98.34051399999996, 25.57570599999999], [98.34234654396782, 25.57799571138475], [98.35934900000007, 25.577703000000106], [98.36953400000007, 25.582206000000006], [98.38022300000003, 25.597600000000064], [98.40089100000002, 25.597956000000032], [98.40866200000013, 25.61337600000011], [98.40748599999999, 25.631099000000134], [98.40689475371198, 25.631847083391726], [98.406783, 25.63394699999997], [98.40448721918503, 25.635910443809465], [98.40981852735659, 25.663888621131584], [98.43118846928525, 25.681139381302856], [98.456822, 25.687564000000073], [98.46190224125621, 25.703834848887055], [98.46717100000008, 25.706903000000047], [98.45818001293677, 25.73570123331026], [98.47882500000013, 25.759037000000106], [98.47422332340605, 25.780462354021715], [98.48176500000002, 25.790933999999964], [98.489516, 25.795344999999983], [98.49391300000009, 25.811202999999885], [98.50642500000008, 25.814598000000032], [98.51868100000002, 25.82361700000002], [98.51849000000003, 25.835148000000018], [98.525261, 25.83753999999996], [98.53095900000001, 25.844614000000043], [98.54341899999996, 25.846548000000013], [98.54860599999996, 25.842153999999987], [98.55452699999995, 25.847310999999998], [98.55989998816608, 25.847447576767934], [98.56026595724609, 25.84731220869545], [98.56579600000003, 25.843285000000037], [98.57278950329854, 25.838395092589586], [98.57409589819028, 25.836909980862835], [98.57732400000005, 25.826580000000043], [98.58049800000012, 25.826513000000006], [98.58286300000005, 25.826481000000022], [98.59020200000003, 25.823719000000025], [98.59668, 25.81810400000004], [98.60000599999995, 25.813023000000015], [98.60421, 25.812229000000045], [98.60871900000004, 25.813104999999958], [98.61209100000005, 25.810175], [98.61625700000005, 25.80746800000002], [98.61893500000002, 25.809333999999964], [98.62430579555365, 25.808395571572554], [98.63410299999995, 25.79901300000016], [98.64960200000007, 25.807881000000087], [98.66018350817464, 25.820571915874723], [98.67278800000003, 25.820575000000034], [98.68440135668479, 25.84459347965347], [98.697533, 25.847959999999958], [98.70589499999991, 25.859597000000022], [98.71548900000013, 25.85686100000013], [98.72824500000004, 25.835765999999992], [98.72327800000014, 25.820290000000078], [98.71027499999994, 25.806417000000103], [98.72055500000008, 25.785564000000093], [98.73091200000002, 25.778240000000018], [98.74385900000001, 25.77421100000008], [98.73614200000011, 25.758123000000154], [98.73879300000007, 25.752242000000102], [98.73631700000001, 25.744707000000155], [98.74911900000002, 25.73523699999989], [98.75324600000008, 25.726983000000047], [98.75420800000009, 25.722445999999998], [98.75425300000009, 25.72049700000003], [98.7464600000001, 25.706936000000113], [98.75462000000007, 25.702147000000174], [98.76752900000005, 25.685673000000108], [98.76604100000003, 25.67617200000003], [98.75700400000015, 25.65987000000016], [98.75720300000009, 25.643305000000026], [98.76606800000013, 25.633520000000075], [98.76641800000013, 25.63128500000007], [98.76599900000011, 25.627383000000158], [98.75243000000006, 25.584708000000077], [98.75623000000006, 25.572914000000168], [98.76538100000013, 25.56673700000014], [98.76799800000012, 25.557415000000127], [98.79215700000012, 25.552209999999967], [98.80554200000003, 25.559494000000015], [98.81787900000003, 25.561478000000037], [98.84217900000004, 25.556652000000057], [98.868375, 25.55628600000015], [98.86891900000006, 25.56998800000001], [98.87605000000016, 25.570303000000052], [98.8816570000001, 25.579839000000092], [98.87785000000005, 25.593728000000148], [98.88445700000014, 25.599149999999973], [98.88908900000006, 25.60978100000002], [98.870361, 25.62654000000004], [98.86919400000008, 25.635237000000032], [98.86996500000011, 25.636777999999907], [98.87161300000004, 25.63789900000002], [98.87357300000002, 25.63850499999998], [98.88772300000001, 25.638063999999993]]]}}, {"type": "Feature", "properties": {"name": "怒江傈僳族自治州", "kind": "0137", "admin_code": "533321", "code_1": 5333}, "geometry": {"type": "Polygon", "coordinates": [[[98.69574400000013, 28.21910600000008], [98.69513800000009, 28.205369000000168], [98.68458200000012, 28.1928159999999], [98.68880500000012, 28.188021000000084], [98.69460700000002, 28.16931700000007], [98.70302300000003, 28.166337000000063], [98.7046510000001, 28.140924000000055], [98.71226600000008, 28.138029000000152], [98.71474200000014, 28.13071699999992], [98.72828700000015, 28.132180000000083], [98.74292499999993, 28.148600000000123], [98.75551600000014, 28.150527000000046], [98.76555000000008, 28.136132000000046], [98.76452699999999, 28.125997000000005], [98.754368, 28.10332299999996], [98.753842, 28.099288999999963], [98.7537879999999, 28.096125000000093], [98.75372700000008, 28.090337000000098], [98.76321500000014, 28.070699000000076], [98.76485500000013, 28.060302000000114], [98.76624400000013, 28.058292000000073], [98.76817400000013, 28.057043000000114], [98.76916600000013, 28.056616000000048], [98.778965, 28.056782000000013], [98.78849500000017, 28.04347000000009], [98.78851700000004, 28.031645000000104], [98.79355700000013, 28.03009599999993], [98.78885300000005, 28.01564700000008], [98.79383900000002, 27.98931700000005], [98.78882300000012, 27.966740000000037], [98.79049000000003, 27.950341000000044], [98.78607900000011, 27.940963000000018], [98.78997900000003, 27.934872], [98.78484000000009, 27.916965000000026], [98.791314, 27.884469000000166], [98.80260500000003, 27.86582099999999], [98.7986190000001, 27.854588000000135], [98.81306100000009, 27.83930499999994], [98.81460599999994, 27.831902000000163], [98.82757600000006, 27.83209900000012], [98.83845600000002, 27.844290000000015], [98.84797300000018, 27.84277499999999], [98.8461880000001, 27.81631799999993], [98.85951700000001, 27.802068999999932], [98.86103500000002, 27.777415999999924], [98.86961799999992, 27.770946999999893], [98.87295199999998, 27.755162999999897], [98.86899200000008, 27.745338999999916], [98.83377500000014, 27.72821699999988], [98.83382100000003, 27.717734000000085], [98.83813900000008, 27.70930200000008], [98.85611399999999, 27.691285000000065], [98.86515500000003, 27.69214800000006], [98.88496800000014, 27.675495999999924], [98.90219600000006, 27.657279000000145], [98.91039800000013, 27.63969400000017], [98.91827400000005, 27.635965000000006], [98.90159599999998, 27.614604000000064], [98.90053700000011, 27.605444000000134], [98.89056800000003, 27.59892500000005], [98.88604800000016, 27.58547800000015], [98.87958200000001, 27.581350000000015], [98.87886500000002, 27.579923000000072], [98.87891800000014, 27.578777000000024], [98.87884900000012, 27.576488000000076], [98.89033600000002, 27.56856400000001], [98.88926, 27.556767000000114], [98.89866400000004, 27.55124700000009], [98.90784900000008, 27.527923000000087], [98.90107800000011, 27.52064100000011], [98.8997689999999, 27.511190999999904], [98.89092400000001, 27.494576000000073], [98.89979300000002, 27.48736300000003], [98.91101200000006, 27.470148000000115], [98.9146400000001, 27.426163000000003], [98.90190500000014, 27.398009000000044], [98.90726599999991, 27.38799700000014], [98.91469300000006, 27.38548200000006], [98.92185300000006, 27.367897], [98.92199000000002, 27.34881800000013], [98.91740100000013, 27.33962400000005], [98.93024500000004, 27.33947500000007], [98.93915600000015, 27.34593300000008], [98.94445800000008, 27.34200399999989], [98.95176000000012, 27.342573000000158], [98.9646800000001, 27.331464000000082], [98.97945500000012, 27.337129000000026], [98.99313000000004, 27.336455000000036], [99.0052800000001, 27.31115200000007], [99.00493700000014, 27.281712999999932], [98.9916730000001, 27.277269000000025], [98.98636300000004, 27.270288000000086], [98.98616500000018, 27.262952000000084], [98.99189400000009, 27.255210999999882], [98.986824, 27.24604799999988], [98.98971200000003, 27.230813999999917], [98.98720600000016, 27.218226000000037], [98.98142300000005, 27.20837000000016], [98.96675900000017, 27.199881000000147], [98.97091000000009, 27.190872999999918], [98.9617430000001, 27.17702400000006], [98.96251700000002, 27.17446899999996], [98.96377300000003, 27.171942000000037], [98.96466100000013, 27.170502999999904], [98.98444000000009, 27.164744000000084], [98.98041599999996, 27.152170000000034], [98.98116700000018, 27.14275199999998], [98.97633400000015, 27.133563000000137], [98.97814599999998, 27.102950999999933], [98.9674730000001, 27.08665500000003], [98.98422300000009, 27.062012000000045], [98.980774, 27.052798000000088], [99.00020199999997, 27.042016000000068], [99.02414300000012, 27.046514000000087], [99.03122800000014, 27.02984700000004], [99.04288900000006, 27.01717199999998], [99.03539300000014, 27.014921999999977], [99.03439000000012, 27.013887000000047], [99.03328800000006, 27.011159999999926], [99.03381000000007, 26.994702000000025], [99.04518600000004, 26.987887000000143], [99.05285700000005, 26.989022], [99.0599940000001, 26.994514000000102], [99.07348700000009, 26.991735000000027], [99.08626600000014, 26.998001999999957], [99.10248600000014, 27.011990999999938], [99.11896100000004, 27.000554999999984], [99.13246500000011, 27.000543000000143], [99.14760300000013, 27.00533400000007], [99.15643400000002, 26.997324999999897], [99.21445500000002, 26.984812000000005], [99.24194699999998, 26.997413000000073], [99.24530500000019, 27.01019100000004], [99.25145400000002, 27.01511400000014], [99.26046400000016, 27.014702000000156], [99.27179399999997, 27.02826599999988], [99.27206900000007, 27.035383000000145], [99.2537650000001, 27.07002999999999], [99.25348300000005, 27.07185300000001], [99.25352099999999, 27.074684000000126], [99.25429199999994, 27.07815799999989], [99.26780700000003, 27.08115], [99.28733500000001, 27.077315000000034], [99.29545700000003, 27.072029000000008], [99.29964800000005, 27.06186300000015], [99.30695700000012, 27.05582499999999], [99.31923000000006, 27.0352880000001], [99.32860200000013, 27.0088360000001], [99.34281600000007, 26.99195599999993], [99.343983, 26.983147999999993], [99.34429600000013, 26.97996099999991], [99.35176199999998, 26.975039999999886], [99.34980500000015, 26.96812600000007], [99.35975400000015, 26.959314000000155], [99.35403200000012, 26.948137000000052], [99.371342, 26.926781000000076], [99.36925499999998, 26.911258000000004], [99.392166, 26.92502599999991], [99.41687400000004, 26.933349000000042], [99.40073400000014, 26.939462000000013], [99.38975900000014, 26.952734000000177], [99.40117700000003, 26.956896000000107], [99.41181600000013, 26.976751000000057], [99.41984200000002, 26.9701820000001], [99.4246220000001, 26.961136000000096], [99.44369200000003, 26.97307700000009], [99.45833200000004, 26.96444300000016], [99.48824700000004, 26.968532000000003], [99.49250100000012, 26.964013000000108], [99.4969790000001, 26.9452640000001], [99.5100560000001, 26.93482800000011], [99.51145600000012, 26.927544000000147], [99.52151900000015, 26.91283899999999], [99.5416260000001, 26.913086000000085], [99.55812100000011, 26.903557999999997], [99.5534750000001, 26.881256000000086], [99.56250100000014, 26.861298000000055], [99.57388700000004, 26.85705400000009], [99.56794000000004, 26.847854000000048], [99.56641900000014, 26.83848100000008], [99.55048800000006, 26.841765000000017], [99.54741299999992, 26.837382000000012], [99.55891100000011, 26.832546999999998], [99.5777370000001, 26.834724999999906], [99.57842300000002, 26.82326100000003], [99.57199500000017, 26.818389000000153], [99.57468400000008, 26.815578000000095], [99.56998500000013, 26.80109600000018], [99.580426, 26.77840800000004], [99.5776900000001, 26.77171000000007], [99.58422500000009, 26.761499000000043], [99.58807400000006, 26.73973400000007], [99.5944980000001, 26.737887000000015], [99.59924800000002, 26.730977000000088], [99.59992700000006, 26.71000500000018], [99.6011320000001, 26.707327000000113], [99.60217700000007, 26.70625900000003], [99.60340600000015, 26.705475999999997], [99.62517200000002, 26.699297000000065], [99.64246099999994, 26.680820000000004], [99.62513400000007, 26.669253000000047], [99.62277200000004, 26.637812999999902], [99.61333100000013, 26.624344000000043], [99.60328400000017, 26.623377000000147], [99.59393300000008, 26.62751100000007], [99.58139800000014, 26.621278000000025], [99.56661300000002, 26.60635800000002], [99.54570500000008, 26.603505999999946], [99.53213200000005, 26.593462000000144], [99.52497100000014, 26.60075700000013], [99.51443200000016, 26.589155000000034], [99.48979300000006, 26.574567000000137], [99.48957900000012, 26.56057900000006], [99.49960400000003, 26.548089000000033], [99.50223600000002, 26.53797999999992], [99.50350600000004, 26.517007000000014], [99.49987900000005, 26.508727000000064], [99.50385300000005, 26.49420199999988], [99.49705200000008, 26.48058700000002], [99.51213900000015, 26.471180000000082], [99.51516, 26.45730200000005], [99.52012000000005, 26.45140400000001], [99.51119300000003, 26.429232000000113], [99.503746, 26.42682599999999], [99.50476500000002, 26.4207580000001], [99.49351100000003, 26.41711999999992], [99.48265900000007, 26.403517000000164], [99.48191500000016, 26.40189900000005], [99.48222800000012, 26.39927000000013], [99.47964200000003, 26.392579000000026], [99.46991400000017, 26.38312600000001], [99.4680260000001, 26.381745000000144], [99.46760200000001, 26.38142900000011], [99.46525599999998, 26.38122100000013], [99.46004200000013, 26.380370000000063], [99.45659300000004, 26.37831500000003], [99.450448, 26.36537800000005], [99.44260800000004, 26.359963000000008], [99.43480000000005, 26.35890299999997], [99.43342600000005, 26.35158900000001], [99.42709800000014, 26.34724500000003], [99.40028500000012, 26.348551000000086], [99.39594700000002, 26.352720000000062], [99.39517700000007, 26.352763000000067], [99.391042, 26.352455000000162], [99.38577300000003, 26.351736000000002], [99.38377000000004, 26.345110999999946], [99.37524800000014, 26.34058700000017], [99.37285700000001, 26.33482400000011], [99.34926600000013, 26.32692499999998], [99.34484600000016, 26.32054600000002], [99.33381300000016, 26.319250000000082], [99.321389, 26.3225249999999], [99.31773000000013, 26.309604], [99.31299600000011, 26.30715700000004], [99.30467299999998, 26.293710000000047], [99.30100300000008, 26.278091000000025], [99.30371500000004, 26.27149400000006], [99.32510400000007, 26.261342000000035], [99.32109499999993, 26.254227999999927], [99.31192499999996, 26.250942999999992], [99.309727, 26.24261099999992], [99.2992020000001, 26.242627], [99.29208800000018, 26.2344110000001], [99.27078300000007, 26.236872000000155], [99.25799299999991, 26.226595999999994], [99.24180599999997, 26.22960300000001], [99.23806100000016, 26.218983000000073], [99.2282490000001, 26.211327999999966], [99.21645100000003, 26.208796000000078], [99.20083700000008, 26.19737400000004], [99.19363499999997, 26.187361000000053], [99.186394, 26.185826000000056], [99.17281400000005, 26.169270000000132], [99.15870299999992, 26.16406699999996], [99.15041799999999, 26.15738400000007], [99.16508900000008, 26.147399000000092], [99.16941500000009, 26.13898800000014], [99.19610700000004, 26.13051700000002], [99.20273300000011, 26.119942999999893], [99.19815100000005, 26.111408999999888], [99.18794700000008, 26.11099899999998], [99.17798700000003, 26.120476000000025], [99.15130300000003, 26.129082000000125], [99.13408400000006, 26.138627000000113], [99.12070100000003, 26.131857000000046], [99.10347799999998, 26.1306539999999], [99.10046900000006, 26.134338999999976], [99.08854700000003, 26.13679100000008], [99.08789799999991, 26.137462000000177], [99.08747900000006, 26.138831000000117], [99.08904300000005, 26.13977900000004], [99.0988120000001, 26.138602], [99.10148700000009, 26.150351000000093], [99.09928500000015, 26.154837000000008], [99.06892400000001, 26.15498999999997], [99.04655500000015, 26.160788000000167], [99.02528900000009, 26.148291], [99.02670800000007, 26.13765499999998], [99.02559000000012, 26.13630899999999], [99.0245899999999, 26.135257000000166], [99.01596500000008, 26.13009500000001], [99.01464900000009, 26.124154000000054], [99.00918599999999, 26.122401000000053], [99.005822, 26.116812999999993], [99.00518100000008, 26.11490200000015], [99.00411300000017, 26.11161400000006], [99.00298000000004, 26.108257999999942], [99.00766799999997, 26.09936400000008], [99.003701, 26.09496800000015], [99.00418100000012, 26.081157000000154], [98.99765500000017, 26.06939199999998], [99.00266000000003, 26.04544700000011], [99.00797000000009, 26.041836000000117], [99.01002200000005, 26.03455600000013], [99.00817100000003, 26.02196200000011], [99.01032699999999, 26.017824000000033], [99.001934, 26.00913400000009], [99.00879299999997, 25.965050000000048], [99.003121, 25.959146000000132], [99.00297600000007, 25.944180000000138], [98.97609400000002, 25.932935], [98.97172200000011, 25.921533000000018], [98.98116400000012, 25.917126000000067], [99.01609899999998, 25.913885999999955], [99.01649100000009, 25.93155500000004], [99.03780400000014, 25.925393000000007], [99.04014200000015, 25.936716000000025], [99.038281, 25.946621000000135], [99.03924600000008, 25.94772200000002], [99.0406910000001, 25.949627000000163], [99.05036200000004, 25.95805400000002], [99.06632700000009, 25.96024100000014], [99.08568200000013, 25.924415999999994], [99.09364700000013, 25.88982900000014], [99.13675400000008, 25.78853000000001], [99.12822400000005, 25.78641400000008], [99.09679500000001, 25.792376000000083], [99.08017800000002, 25.81675299999999], [99.06975600000011, 25.814102000000027], [99.05242200000012, 25.818856999999994], [99.04274800000012, 25.816561999999998], [99.028298, 25.824077000000067], [99.01191300000002, 25.825486000000033], [98.99997400000001, 25.83531800000005], [98.98897200000009, 25.85104199999997], [98.97884000000002, 25.841247000000166], [98.98640500000015, 25.826386000000156], [98.98284600000002, 25.816507000000065], [98.98444400000008, 25.80759699999995], [98.9773680000001, 25.801240000000035], [98.96925400000002, 25.800131999999934], [98.96815200000015, 25.793953000000002], [98.973904, 25.79068900000012], [98.99409500000013, 25.790807999999934], [98.99798200000004, 25.78154300000002], [99.00854900000004, 25.78472300000014], [99.01410300000003, 25.790076000000028], [99.01550700000003, 25.789919000000005], [99.01768200000004, 25.788849999999933], [99.02602400000015, 25.782247000000005], [99.03161300000002, 25.76928400000009], [99.04583000000004, 25.759653000000093], [99.04957200000004, 25.742914000000127], [99.02744700000011, 25.74688900000004], [99.02088200000006, 25.73349900000006], [98.99551400000004, 25.729045000000127], [98.97005900000002, 25.73958099999996], [98.9631969999999, 25.73918200000007], [98.95758500000015, 25.74815299999991], [98.94282200000008, 25.759036000000023], [98.93314800000007, 25.75471900000006], [98.92265700000016, 25.760628000000118], [98.91195800000007, 25.76216400000002], [98.90829500000004, 25.76885799999993], [98.90968799999993, 25.779046000000093], [98.90582300000014, 25.78418600000012], [98.89043900000001, 25.780109000000117], [98.86861499999996, 25.780130999999898], [98.86403300000009, 25.763382000000078], [98.87178100000008, 25.754471000000144], [98.87275400000013, 25.74665199999997], [98.88953100000003, 25.741760000000035], [98.88899700000007, 25.740157000000096], [98.88716600000011, 25.735078000000144], [98.8859980000001, 25.73307099999991], [98.87639200000004, 25.726467000000163], [98.8792310000001, 25.712483000000063], [98.8735780000001, 25.694668999999884], [98.87509200000012, 25.686021999999944], [98.88155400000011, 25.680269999999993], [98.88175600000012, 25.664603000000085], [98.89074399999996, 25.656771000000077], [98.89096500000002, 25.643586000000184], [98.88626499999998, 25.637307000000064], [98.87357300000002, 25.63850499999998], [98.86893499999996, 25.633739000000077], [98.870361, 25.62654000000004], [98.88875300000015, 25.61151000000008], [98.88795900000017, 25.60469000000014], [98.87785000000005, 25.593728000000148], [98.8816570000001, 25.579839000000092], [98.87605000000016, 25.570303000000052], [98.86891900000006, 25.56998800000001], [98.868375, 25.55628600000015], [98.84217900000004, 25.556652000000057], [98.81787900000003, 25.561478000000037], [98.80554200000003, 25.559494000000015], [98.79215700000012, 25.552209999999967], [98.76642600000008, 25.558518999999905], [98.76538100000013, 25.56673700000014], [98.75784700000008, 25.57077200000004], [98.75246100000014, 25.58195000000014], [98.76599900000011, 25.627383000000158], [98.76641800000013, 25.63128500000007], [98.76606800000013, 25.633520000000075], [98.75720300000009, 25.643305000000026], [98.75700400000015, 25.65987000000016], [98.76604100000003, 25.67617200000003], [98.76752900000005, 25.685673000000108], [98.75462000000007, 25.702147000000174], [98.7464600000001, 25.706936000000113], [98.75425300000009, 25.72049700000003], [98.75420800000009, 25.722445999999998], [98.75324600000008, 25.726983000000047], [98.74911900000002, 25.73523699999989], [98.73631700000001, 25.744707000000155], [98.73879300000007, 25.752242000000102], [98.73614200000011, 25.758123000000154], [98.74385900000001, 25.77421100000008], [98.73091200000002, 25.778240000000018], [98.72055500000008, 25.785564000000093], [98.71027499999994, 25.806417000000103], [98.72327800000014, 25.820290000000078], [98.72777200000017, 25.838634000000148], [98.72005900000006, 25.845588999999983], [98.71548900000013, 25.85686100000013], [98.70589499999991, 25.859597000000022], [98.70641300000004, 25.87840300000004], [98.70552100000005, 25.885354999999976], [98.70182104354079, 25.888839879625117], [98.70279800000007, 25.89653800000005], [98.6890826838466, 25.913231567822436], [98.68636699999993, 25.929160999999937], [98.68099299999999, 25.938422000000138], [98.67103200000004, 25.945386999999997], [98.66089999999997, 25.958727999999923], [98.64964965876688, 25.960925001323723], [98.64322000000013, 25.97394400000008], [98.61478400000003, 25.972919000000005], [98.60905500000003, 25.995103000000007], [98.61007300000006, 26.017426000000142], [98.60372899999999, 26.023100000000035], [98.60120078597154, 26.033050186900944], [98.60223400000001, 26.059114000000008], [98.59336100000002, 26.075173000000106], [98.5813765517187, 26.075114060209103], [98.5820930000001, 26.08135999999999], [98.58825300000015, 26.08687400000005], [98.577652, 26.11969599999997], [98.57772100000003, 26.122803000000005], [98.58125299999998, 26.12680400000003], [98.58423599999996, 26.129860000000015], [98.58401399999998, 26.143974000000036], [98.58725081676118, 26.14406978663306], [98.58869999999993, 26.14376900000004], [98.59013400000018, 26.14302899999992], [98.60430500000004, 26.132271000000017], [98.62880800000015, 26.148813000000025], [98.648415, 26.146391], [98.65782200000004, 26.140717000000024], [98.661644, 26.133951000000025], [98.66232300000004, 26.12915600000003], [98.66658000000001, 26.123615000000044], [98.65651699999998, 26.10012799999997], [98.6608350000001, 26.09157000000002], [98.66190000000012, 26.090718000000045], [98.66325099999999, 26.090404], [98.66489100000015, 26.090460000000014], [98.6808619999999, 26.10093400000013], [98.69275442320033, 26.113664025204677], [98.70110400000007, 26.113856000000027], [98.7026180000001, 26.118431000000108], [98.71968100000005, 26.13046300000017], [98.71680500000004, 26.143002999999986], [98.70849837765682, 26.150115040799385], [98.70848100000009, 26.150324000000168], [98.70867200000008, 26.151959999999995], [98.70874900000005, 26.153934000000078], [98.71217400000003, 26.159330000000146], [98.72802800000004, 26.16396400000005], [98.73262799999998, 26.174507000000013], [98.73436699999996, 26.191586000000044], [98.7257579999999, 26.20050300000012], [98.72407200000009, 26.21502600000005], [98.70510100000001, 26.243311000000013], [98.69836500000011, 26.244580000000028], [98.68933100000004, 26.237629], [98.672749, 26.242888000000008], [98.68061900000012, 26.2648820000001], [98.676781, 26.279957000000053], [98.68555500000015, 26.296492000000015], [98.68084226061954, 26.311023709238704], [98.70725300000001, 26.326750999999973], [98.71060200000008, 26.333182000000143], [98.73296099999999, 26.353650000000094], [98.72730300000009, 26.37104800000005], [98.72920700000006, 26.379913000000087], [98.74234099999993, 26.388562000000015], [98.74231176989863, 26.403809966679525], [98.74686500000004, 26.408587000000082], [98.74557600000014, 26.418081000000114], [98.75059600000002, 26.42550600000002], [98.74055600000011, 26.437736000000122], [98.74619300000003, 26.448774000000007], [98.74539600000017, 26.460084000000016], [98.75062200000004, 26.470049000000117], [98.75028700000003, 26.481392000000014], [98.75641700000008, 26.49526300000018], [98.75524999999998, 26.502941000000057], [98.74902695373066, 26.51189048734122], [98.75363200000004, 26.524009000000007], [98.75312100000004, 26.56285100000011], [98.75774400000009, 26.570571], [98.76772800000018, 26.573970000000124], [98.780633, 26.604621999999914], [98.77748099999997, 26.614926999999987], [98.78144800000001, 26.624892999999993], [98.77530700000003, 26.63481699999999], [98.77032163439098, 26.640846305762288], [98.76206700000003, 26.663977999999958], [98.76801300000004, 26.67417299999999], [98.76570099999996, 26.67756499999998], [98.76559913200211, 26.681656078279325], [98.77027599999988, 26.693302000000173], [98.75809099999995, 26.69409200000017], [98.74632000000007, 26.699724000000046], [98.74340900000009, 26.715201000000043], [98.75683600000002, 26.750009999999968], [98.755757, 26.76376300000014], [98.76186400000002, 26.80394899999998], [98.73020600000012, 26.85384400000006], [98.73899200000002, 26.86594600000005], [98.751522, 26.873975000000016], [98.75716399999999, 26.883714999999974], [98.75232700000007, 26.925798000000015], [98.74293932243, 26.9344659457291], [98.74531600000005, 26.944331999999996], [98.73557685816331, 26.96609722526768], [98.74198900000002, 26.990529999999893], [98.73867399999992, 27.000033000000045], [98.73315234704006, 27.001834517904946], [98.73350499999998, 27.006837999999988], [98.74281299999998, 27.016458999999962], [98.76217700000007, 27.021741000000098], [98.76638799999996, 27.05305900000001], [98.74028399999997, 27.075192000000058], [98.72622700000005, 27.07080900000014], [98.71227700000011, 27.079377999999934], [98.71488199999999, 27.096188999999995], [98.71393599999998, 27.101466999999978], [98.71013938440029, 27.105020697707282], [98.70975499999997, 27.10594200000005], [98.70974868252127, 27.11282705062976], [98.71461500000002, 27.118431], [98.708714, 27.13711900000002], [98.713539, 27.143198000000112], [98.70585824322947, 27.166920065790492], [98.70700100000002, 27.179070999999965], [98.6918608597197, 27.202992167791187], [98.69991300000002, 27.21684999999996], [98.72291999999999, 27.224575000000172], [98.72321399999998, 27.229724000000054], [98.71765921223113, 27.236332326545146], [98.72468600000002, 27.246258000000026], [98.73080099999997, 27.24864400000009], [98.71611900000002, 27.25842200000008], [98.71651323980092, 27.27343627862429], [98.72570400000012, 27.278352000000105], [98.73454700000012, 27.290676999999988], [98.73192700000006, 27.301234000000044], [98.74036900000009, 27.331835000000048], [98.73255642871126, 27.33996524297455], [98.73152200000013, 27.346847000000118], [98.73460000000006, 27.353710999999883], [98.71829199999996, 27.35648000000002], [98.70575400000004, 27.366673000000063], [98.69997500000008, 27.384744000000104], [98.70425500000002, 27.389135999999972], [98.70228200000001, 27.416140000000077], [98.68984324261422, 27.425928077408578], [98.68678903106354, 27.43113776607997], [98.68679500000007, 27.43182299999998], [98.68648200000011, 27.43314000000006], [98.69094900000005, 27.438672000000096], [98.68869000000001, 27.448477000000018], [98.69386300000002, 27.45196299999997], [98.69815099999998, 27.452119999999994], [98.70243099999999, 27.451797], [98.70273140271007, 27.453461025814207], [98.70393800000008, 27.455151000000043], [98.70365099999995, 27.468095999999974], [98.68470934600923, 27.488204668771957], [98.69363399999999, 27.507741999999993], [98.68906214546912, 27.51359754578415], [98.69248749376825, 27.518137716731083], [98.70473599999994, 27.520900000000047], [98.69827019629548, 27.541614760606883], [98.69948599999995, 27.549707000000033], [98.70143100000004, 27.552539999999958], [98.70631400000002, 27.55507500000001], [98.70642900000004, 27.559614000000046], [98.70115000000014, 27.565338000000075], [98.6873750000001, 27.56555400000009], [98.67399300000008, 27.585487000000008], [98.66430700000015, 27.590253000000175], [98.65338600000017, 27.58378400000006], [98.65222299999996, 27.57479200000008], [98.64593900000004, 27.567785000000036], [98.62337200000015, 27.57880300000013], [98.6103059999999, 27.578464999999966], [98.6088950000001, 27.57927300000003], [98.60703700000003, 27.58094300000009], [98.605435, 27.581811000000144], [98.59680200000015, 27.578532000000088], [98.59685099726498, 27.571267043527506], [98.58748300000003, 27.5701270000001], [98.58657900270808, 27.57069806883952], [98.58454900000001, 27.574513999999994], [98.58398391590893, 27.57864864144566], [98.586554, 27.591453999999985], [98.5710300000001, 27.619092000000144], [98.56295699999997, 27.644442000000005], [98.55795999999995, 27.64859799999997], [98.55343500000001, 27.65035600000003], [98.54823797522468, 27.642208464773987], [98.53717900000004, 27.638953000000143], [98.53632260050367, 27.626316973989184], [98.5275749444485, 27.62309431431096], [98.51865900000016, 27.62879199999999], [98.50729985133377, 27.628005472367725], [98.50484900000006, 27.636131000000063], [98.47095664173634, 27.639937381840895], [98.45825200000002, 27.65778500000009], [98.44168000000002, 27.669347999999985], [98.43186200000017, 27.666671000000086], [98.42927200000011, 27.65890900000001], [98.43247100000002, 27.64153300000001], [98.43839168149248, 27.634040262813222], [98.43640000000005, 27.62520400000004], [98.42916100000016, 27.61524900000014], [98.4330570000001, 27.609445000000065], [98.42820600000002, 27.594260999999975], [98.43183799999997, 27.58869700000004], [98.43266043453139, 27.57736651522491], [98.42974799999996, 27.554779000000032], [98.40127600000008, 27.54341700000007], [98.38991200000004, 27.52009100000008], [98.37304366605315, 27.511103069376674], [98.35060899999999, 27.517141000000066], [98.33705200000013, 27.512283000000103], [98.31709300000001, 27.52292999999988], [98.31668899999998, 27.536910000000006], [98.3084420000001, 27.547032000000037], [98.30644508491153, 27.5561422908279], [98.30996400000001, 27.58695600000005], [98.30958200000009, 27.58758600000013], [98.30916058090563, 27.58815073438197], [98.30292399999998, 27.597662], [98.29866865794384, 27.612730065147353], [98.30184600000004, 27.631423999999896], [98.29683400000013, 27.636330000000008], [98.28743800000004, 27.63634499999992], [98.28283300000004, 27.658195], [98.27686700000007, 27.664052000000105], [98.2653514155918, 27.667204636240974], [98.25954100000001, 27.67950800000014], [98.2342071815035, 27.69354616032802], [98.23175500000013, 27.70800400000015], [98.22031400000012, 27.715010000000028], [98.22607300000003, 27.722244000000032], [98.22350999999998, 27.728023999999984], [98.23162308786291, 27.735022240587192], [98.235183, 27.734053000000024], [98.23786800000002, 27.73400900000003], [98.24559100000008, 27.73890200000013], [98.24265300000016, 27.748042000000005], [98.22398100000012, 27.755013000000098], [98.21664203146503, 27.766370103325258], [98.21788952405434, 27.782257634062034], [98.225303, 27.798372000000015], [98.22313700000011, 27.81485900000009], [98.21018600000004, 27.815599000000034], [98.17535775107082, 27.836896148127835], [98.1696486291531, 27.852929761150527], [98.17545800000006, 27.8597859999999], [98.17501500000017, 27.860819000000014], [98.1740338386608, 27.862352006134493], [98.17341500000005, 27.86496199999997], [98.17825000000015, 27.867103000000014], [98.18032, 27.874178000000008], [98.20023400000012, 27.877541000000086], [98.204917, 27.893396000000003], [98.18824699999996, 27.932501000000023], [98.18770299999998, 27.94236400000012], [98.15451500000006, 27.9420170000001], [98.13985852881697, 27.95598289732768], [98.13571200000004, 27.98004600000008], [98.13159300000011, 27.98744700000013], [98.13265700000004, 27.994096000000134], [98.14013300000008, 27.999173000000013], [98.1391070000001, 28.011318000000095], [98.14408200000014, 28.021206000000042], [98.13797400000014, 28.044729999999987], [98.15132200000002, 28.06179000000013], [98.15979800000002, 28.09058099999995], [98.1596680000001, 28.10439900000008], [98.14853700000016, 28.115896000000106], [98.15047500000011, 28.122651000000175], [98.13882500000003, 28.14571200000009], [98.14713400000008, 28.152401000000026], [98.14953700000012, 28.15876200000018], [98.15728100000013, 28.158997999999904], [98.1620640000001, 28.165917000000128], [98.17018500000005, 28.16376299999999], [98.17409200000002, 28.166949999999893], [98.16524600000005, 28.19834900000002], [98.16584100000016, 28.210770999999937], [98.18074499999992, 28.219518000000065], [98.19128800000013, 28.218498000000046], [98.20080300000012, 28.223131000000045], [98.20371700000001, 28.22289699999996], [98.20651300000006, 28.221343000000076], [98.21014500000001, 28.215795000000043], [98.21331500000011, 28.21532100000008], [98.21669100000003, 28.216306000000046], [98.2280969999999, 28.229159000000003], [98.26650700000013, 28.24621199999993], [98.26294800000001, 28.256291000000132], [98.25592099999992, 28.260836000000133], [98.25621100000001, 28.26147600000015], [98.25669900000005, 28.263391000000148], [98.25727100000015, 28.2649630000001], [98.25366200000013, 28.27227699999988], [98.24469100000003, 28.280652000000053], [98.23643900000009, 28.312799000000076], [98.20595200000001, 28.335797000000106], [98.2051480000001, 28.35677000000001], [98.21073600000007, 28.361693000000024], [98.22903100000016, 28.350437000000127], [98.23460400000013, 28.373494000000065], [98.24075000000009, 28.374142000000035], [98.24965, 28.38057300000012], [98.27067200000013, 28.382889999999982], [98.2809080000001, 28.397473000000083], [98.29082500000014, 28.396303999999994], [98.30083900000002, 28.387857999999902], [98.29946200000015, 28.37708500000018], [98.30367300000003, 28.362553000000034], [98.32263200000001, 28.348036000000064], [98.32297600000005, 28.338639000000065], [98.31778400000016, 28.327991000000118], [98.31923000000009, 28.319837000000028], [98.32752700000002, 28.317120000000017], [98.339485, 28.298652000000082], [98.35500800000007, 28.295116000000164], [98.35895600000006, 28.278512], [98.36811500000007, 28.26733099999992], [98.371285, 28.25712300000005], [98.37700699999996, 28.25257600000006], [98.37731200000005, 28.25040400000003], [98.37718600000011, 28.250038000000032], [98.37691500000007, 28.24924400000006], [98.36814200000018, 28.242941999999992], [98.3772440000001, 28.236120000000064], [98.37796100000011, 28.234658000000067], [98.37822000000004, 28.231907999999997], [98.37729700000006, 28.211157999999983], [98.3697940000001, 28.187178000000145], [98.380448, 28.182765000000053], [98.389744, 28.169861000000054], [98.38699399999993, 28.16378000000006], [98.38743700000006, 28.162707000000097], [98.38870299999994, 28.16069000000001], [98.38997300000011, 28.154599999999988], [98.38783300000014, 28.141491999999978], [98.39587100000014, 28.129408000000055], [98.38878700000004, 28.117947999999984], [98.39955200000007, 28.108021999999913], [98.41005700000008, 28.110484999999954], [98.42828800000004, 28.107843000000024], [98.43370200000001, 28.118825999999977], [98.43568100000014, 28.120561000000087], [98.44184499999999, 28.122861000000142], [98.44656800000016, 28.12538399999991], [98.47200100000003, 28.147614000000075], [98.48372300000003, 28.15034600000017], [98.49644900000013, 28.14393700000013], [98.50090100000008, 28.14487300000004], [98.51081199999997, 28.150834000000046], [98.5254790000001, 28.174093], [98.55927, 28.186527999999925], [98.5718200000001, 28.182588000000152], [98.58420199999999, 28.18596900000012], [98.625676, 28.16922100000012], [98.63333599999999, 28.183412000000118], [98.65159300000013, 28.20290200000015], [98.66573000000011, 28.21197700000007], [98.6805650000001, 28.211030999999956], [98.69574400000013, 28.21910600000008]]]}}, {"type": "Feature", "properties": {"name": "丽江市", "kind": "0137", "admin_code": "530722", "code_1": 5307}, "geometry": {"type": "Polygon", "coordinates": [[[101.16657700000006, 27.168654000000124], [101.16151900000007, 27.156484000000013], [101.15952300000012, 27.15514300000008], [101.1577880000001, 27.154119], [101.15702100000004, 27.153090000000034], [101.15912600000013, 27.14563600000004], [101.15456800000013, 27.138717000000078], [101.15525800000002, 27.128970000000074], [101.15171099999999, 27.124100000000006], [101.16166700000005, 27.10846800000015], [101.15683800000001, 27.10206900000005], [101.15266800000012, 27.082086000000082], [101.14473400000003, 27.077061000000157], [101.14144100000006, 27.07051599999997], [101.14090000000006, 27.059811000000103], [101.13697800000008, 27.046130000000026], [101.13841599999998, 27.031043000000054], [101.19516500000005, 26.99912400000015], [101.20577700000004, 26.995884000000125], [101.21186800000005, 26.99775700000002], [101.22570800000014, 26.987927000000077], [101.224648, 26.966294000000012], [101.23137699999998, 26.95737000000007], [101.26294400000015, 26.959061000000098], [101.26475199999999, 26.955294000000073], [101.26477500000013, 26.953516000000043], [101.25649000000011, 26.939148000000145], [101.25404800000004, 26.927462000000112], [101.26623200000006, 26.90655600000016], [101.27882400000001, 26.904724000000016], [101.28851400000018, 26.899561000000126], [101.30996000000005, 26.90642100000018], [101.32436800000005, 26.890653000000086], [101.34695899999998, 26.891118000000013], [101.36368599999994, 26.887099000000013], [101.37157500000012, 26.870191000000098], [101.38243100000005, 26.863740000000135], [101.38895100000005, 26.8518829999999], [101.3979150000001, 26.843819000000146], [101.38604000000007, 26.820553000000146], [101.37085400000015, 26.804840999999982], [101.37813600000013, 26.789871999999917], [101.35560300000003, 26.77271599999991], [101.36606600000013, 26.7699370000001], [101.37512200000015, 26.759631000000027], [101.37599599999999, 26.75348400000017], [101.38336200000018, 26.755145000000113], [101.3837970000001, 26.747691000000117], [101.38554500000014, 26.74660900000012], [101.3879969999999, 26.745559000000107], [101.38921400000012, 26.727147999999914], [101.40129099999993, 26.725370999999967], [101.40419800000001, 26.72678999999996], [101.40583100000012, 26.727955000000158], [101.40801300000001, 26.728302999999997], [101.41602400000008, 26.725926000000143], [101.41784369086491, 26.726587224878287], [101.41808800000015, 26.726676000000026], [101.41953700000013, 26.7282430000001], [101.41984200000016, 26.73637100000017], [101.42685000000002, 26.742607000000106], [101.42968400000002, 26.74362199999998], [101.43244200000014, 26.744069000000103], [101.43428499999996, 26.74396200000013], [101.44226900000001, 26.73826300000004], [101.4565170000001, 26.74580700000002], [101.45170600000012, 26.76564899999996], [101.4441680000001, 26.777631000000056], [101.44890200000012, 26.78485500000003], [101.45885100000012, 26.789993999999886], [101.46244500000014, 26.790294000000102], [101.46251353724686, 26.79028838079722], [101.46405500000012, 26.790162000000016], [101.49552200000011, 26.773999000000103], [101.51234100000012, 26.772294000000073], [101.5081220000001, 26.75797400000006], [101.49746000000005, 26.761336000000057], [101.49644100000012, 26.758009000000115], [101.49346600000017, 26.75348600000016], [101.49208799999994, 26.75138800000012], [101.50076700000011, 26.744332000000014], [101.49980200000003, 26.73966400000014], [101.49362600000009, 26.73445500000009], [101.47388900000004, 26.727231000000117], [101.46742700000006, 26.709792999999962], [101.45274400000002, 26.70707100000007], [101.45230100000015, 26.694585000000103], [101.4601710000001, 26.6894560000001], [101.46218200000004, 26.689488999999988], [101.46495500000016, 26.69061799999988], [101.46648800000017, 26.691029000000043], [101.47745600000005, 26.678213000000127], [101.47094000000011, 26.66558500000005], [101.4705320000001, 26.662560999999954], [101.47076800000009, 26.659917000000036], [101.47028799999998, 26.656666000000072], [101.45930899999993, 26.644157999999976], [101.46420700000009, 26.63202000000011], [101.46307400000013, 26.613816999999898], [101.44917700000005, 26.602885999999984], [101.44339799999999, 26.603410000000082], [101.43485700000011, 26.606203999999977], [101.4288139999999, 26.607419999999962], [101.42620500000012, 26.60648600000004], [101.42451900000006, 26.60412399999992], [101.42042600000016, 26.60401600000013], [101.39597800000006, 26.608802999999995], [101.39454700000013, 26.605698000000032], [101.39476499999998, 26.599735000000038], [101.39313900000016, 26.594245000000093], [101.39326900000009, 26.590625999999972], [101.39340300000016, 26.586709000000063], [101.39344500000009, 26.585523999999985], [101.394657, 26.583357000000007], [101.39580600000004, 26.58131500000016], [101.39814400000003, 26.57894300000001], [101.39740800000007, 26.572697000000133], [101.39715198871465, 26.57035613264729], [101.39664900000015, 26.565757000000033], [101.39926900000003, 26.560345000000062], [101.45360200000015, 26.53342900000004], [101.45487300000015, 26.512466000000167], [101.45106600000011, 26.503717000000137], [101.45885500000011, 26.496363999999886], [101.46059100000004, 26.49326900000004], [101.46146100000007, 26.48893500000009], [101.44840299999996, 26.4698620000001], [101.45472800000005, 26.457368000000002], [101.47318699999997, 26.451856999999926], [101.47571999999994, 26.43451500000007], [101.47345100000004, 26.431138000000075], [101.46813300000002, 26.425302000000016], [101.46370400000004, 26.42205400000004], [101.43728700000008, 26.41277600000003], [101.43478100000004, 26.396122999999896], [101.43253400000012, 26.3932869999999], [101.42712000000014, 26.389040000000044], [101.3947720000001, 26.39602800000003], [101.38749000000013, 26.396507999999955], [101.38134000000002, 26.39582100000004], [101.37503400000016, 26.39473800000014], [101.34092000000001, 26.377703000000018], [101.32185800000003, 26.377174000000124], [101.271988, 26.360125999999994], [101.25228900000016, 26.36294799999999], [101.22747900000005, 26.356016999999923], [101.20592100000005, 26.363804000000023], [101.20383100000014, 26.364203999999994], [101.19436300000012, 26.36467800000004], [101.1883170000001, 26.361629000000008], [101.18726000000004, 26.361003000000082], [101.18493700000003, 26.359567000000105], [101.17100900000013, 26.34433300000014], [101.15855900000011, 26.341363000000072], [101.14960600000009, 26.343947], [101.12359700000015, 26.34086800000015], [101.08515899999998, 26.31846100000017], [101.06639900000013, 26.31513700000012], [101.05209800000009, 26.305678000000142], [101.03020200000012, 26.277245000000015], [100.98673700000003, 26.254485999999957], [100.94468800000007, 26.221584000000163], [100.93986600000005, 26.216513000000162], [100.93213700000004, 26.209262000000088], [100.93017300000008, 26.207108000000034], [100.91598499999998, 26.17808600000002], [100.89830100000016, 26.156768000000085], [100.86632200000008, 26.15662900000013], [100.84984700000004, 26.17290300000017], [100.8275040000001, 26.179644000000145], [100.82617300000011, 26.187455000000014], [100.83115500000002, 26.194523000000046], [100.82202200000003, 26.200215000000092], [100.80641999999999, 26.199299000000153], [100.78758600000006, 26.187432000000065], [100.76572500000013, 26.18971900000011], [100.7658620000001, 26.178439000000097], [100.765015, 26.176465000000015], [100.76416100000004, 26.17425300000005], [100.76258200000014, 26.172534000000013], [100.74975300000003, 26.167477000000105], [100.73973499999991, 26.159145999999936], [100.70586000000007, 26.151453999999966], [100.70618100000016, 26.148758000000008], [100.70499100000004, 26.146246000000083], [100.70334700000015, 26.143873000000028], [100.68698100000015, 26.13668100000004], [100.68616099999997, 26.13534600000007], [100.686245, 26.13344600000007], [100.68658100000009, 26.130604000000027], [100.66868299999997, 26.12688499999998], [100.66789700000012, 26.114695999999896], [100.64639300000007, 26.09876500000008], [100.64537900000002, 26.096319000000022], [100.64544700000015, 26.09367900000008], [100.65226000000004, 26.08019500000014], [100.647298, 26.07140899999998], [100.65177199999991, 26.044670000000124], [100.66618800000012, 26.006579000000073], [100.64593200000013, 26.00558199999992], [100.6410110000001, 26.00159600000007], [100.62437500000013, 26.006307000000128], [100.608701, 26.00652600000013], [100.59102700000012, 25.99312099999989], [100.56855500000009, 25.988285000000054], [100.56070400000011, 25.995075], [100.56442700000014, 25.999989000000156], [100.56493100000009, 26.012960999999926], [100.56413700000004, 26.014126000000125], [100.55957500000014, 26.017858000000004], [100.55049600000015, 26.016948000000028], [100.52428899999992, 26.022170000000088], [100.51754000000008, 26.015509000000158], [100.50866700000009, 26.013548000000085], [100.49681900000016, 26.01476800000013], [100.49034500000006, 26.018668000000055], [100.48973900000001, 26.02795200000012], [100.48160600000014, 26.04273700000006], [100.48469300000014, 26.066646000000148], [100.47850900000006, 26.070951000000008], [100.47566300000011, 26.07869900000017], [100.4811180000001, 26.094560999999963], [100.47000900000002, 26.11657899999991], [100.47028400000004, 26.11824499999991], [100.47064199999991, 26.119109999999893], [100.47132500000001, 26.119641000000037], [100.48560800000016, 26.12261700000007], [100.48261700000013, 26.131388000000143], [100.47007000000009, 26.139622000000017], [100.44773100000006, 26.131719999999994], [100.42258500000011, 26.1441680000001], [100.41753799999996, 26.167859000000092], [100.41151100000009, 26.1725050000001], [100.40651800000015, 26.187076000000012], [100.41554700000007, 26.189034000000014], [100.43405500000003, 26.20103799999989], [100.43543300000002, 26.210857000000075], [100.43016100000008, 26.21827300000004], [100.43603500000009, 26.22809800000001], [100.42623600000005, 26.236283999999998], [100.42210100000003, 26.242640000000094], [100.42096400000011, 26.244652000000123], [100.41856400000012, 26.249590000000133], [100.408573, 26.29205699999997], [100.40207300000007, 26.29914900000012], [100.39437099999998, 26.298686000000004], [100.39455400000003, 26.305682000000118], [100.40738300000012, 26.319178000000164], [100.41045000000005, 26.32007500000013], [100.41209900000007, 26.320466000000152], [100.41381200000005, 26.32068700000014], [100.42128400000011, 26.31666399999999], [100.42899800000012, 26.319386000000144], [100.42668900000004, 26.33172100000005], [100.43630600000012, 26.34696400000005], [100.44833500000011, 26.356965000000024], [100.44359600000004, 26.360158999999975], [100.43433500000012, 26.354617000000168], [100.43029500000014, 26.361214000000047], [100.44455700000016, 26.375680000000145], [100.44466400000013, 26.388976999999983], [100.45009300000001, 26.401052000000135], [100.48963200000004, 26.398915000000066], [100.49684900000014, 26.412221000000024], [100.48588200000009, 26.420773000000096], [100.47573100000005, 26.42283300000001], [100.47007400000007, 26.432104000000066], [100.462471, 26.431278000000113], [100.4514630000001, 26.42303100000005], [100.4452820000001, 26.422954000000075], [100.43964100000002, 26.43813500000001], [100.44018599999998, 26.448745000000095], [100.42985600000006, 26.455854000000144], [100.42904000000004, 26.457642000000114], [100.42767800000016, 26.461490000000175], [100.4297340000001, 26.470697], [100.42547600000003, 26.478911999999987], [100.43248100000001, 26.48695900000002], [100.4684750000001, 26.486986000000122], [100.46782400000006, 26.495167000000052], [100.453935, 26.506083000000146], [100.44872700000005, 26.518311999999987], [100.45749000000016, 26.539735000000086], [100.4395110000001, 26.54084500000009], [100.41584800000011, 26.537425999999996], [100.40472100000014, 26.555194000000014], [100.40557600000001, 26.564553000000068], [100.35949299999996, 26.57760800000004], [100.36264100000008, 26.58444199999999], [100.36094000000003, 26.5892020000001], [100.34462400000007, 26.58907700000006], [100.33399200000002, 26.601115999999905], [100.34239600000004, 26.625160000000058], [100.32601200000003, 26.631064999999964], [100.29413300000007, 26.622022000000037], [100.28459600000002, 26.628547000000168], [100.2552299999999, 26.63294100000011], [100.24366400000011, 26.640112000000137], [100.23796500000019, 26.65922399999998], [100.24121599999998, 26.667076000000044], [100.23795000000001, 26.682330999999884], [100.24502999999997, 26.690856000000117], [100.24294000000006, 26.700135000000124], [100.22262299999991, 26.691161000000044], [100.20982000000001, 26.697766000000044], [100.20582999999999, 26.6921010000001], [100.19781500000013, 26.68941700000007], [100.1560060000001, 26.62087600000016], [100.13129100000012, 26.606293000000058], [100.12135300000013, 26.610304000000106], [100.11014299999997, 26.60585800000004], [100.1104169999999, 26.616410999999943], [100.09413200000009, 26.617920000000183], [100.086606, 26.62538600000002], [100.08432400000001, 26.635913000000166], [100.06654500000016, 26.639170999999997], [100.05582100000014, 26.647918000000125], [100.05015600000002, 26.63493599999989], [100.04895400000004, 26.621958000000156], [100.051285, 26.60824300000011], [100.056591, 26.604194000000028], [100.05183800000009, 26.598384000000074], [100.04110100000007, 26.596354000000154], [100.04290500000012, 26.587334000000084], [100.03368100000004, 26.59100300000008], [100.01878800000006, 26.5856360000001], [100.0065920000001, 26.586109000000157], [100.00072099999998, 26.588820000000027], [100.00409700000007, 26.593813000000054], [99.99956600000016, 26.60387800000008], [99.98875900000003, 26.602878000000118], [99.97860400000002, 26.60789200000002], [99.97510600000014, 26.613975999999994], [99.96203600000017, 26.609897000000004], [99.95670400000006, 26.613157999999906], [99.94398200000003, 26.613647000000043], [99.941239, 26.624856000000044], [99.92176800000011, 26.638963000000018], [99.916554, 26.64908099999999], [99.89700700000006, 26.6557159999999], [99.89439100000014, 26.65189100000005], [99.89501599999998, 26.64181000000012], [99.88942000000006, 26.63731699999998], [99.88719999999998, 26.629486000000057], [99.87307800000008, 26.629946000000103], [99.867478, 26.62568600000006], [99.82761800000014, 26.623844000000062], [99.80176999999995, 26.643363000000008], [99.78880400000006, 26.647588], [99.77636799999996, 26.646988000000093], [99.74995800000013, 26.63753300000009], [99.73739000000015, 26.63006200000011], [99.73286100000004, 26.63056200000009], [99.72752400000006, 26.623639000000153], [99.71208200000004, 26.62320800000002], [99.70982800000013, 26.62431200000006], [99.70454100000003, 26.62668500000003], [99.70247700000013, 26.627796000000025], [99.70107000000007, 26.63458900000004], [99.69182700000002, 26.644023999999987], [99.68990000000011, 26.660899000000015], [99.67310400000004, 26.674812000000102], [99.66252900000009, 26.68207500000002], [99.65912600000007, 26.684566000000153], [99.65519799999997, 26.68632600000003], [99.64246099999994, 26.680820000000004], [99.62517200000002, 26.699297000000065], [99.6011320000001, 26.707327000000113], [99.59924800000002, 26.730977000000088], [99.5944980000001, 26.737887000000015], [99.58807400000006, 26.73973400000007], [99.58422500000009, 26.761499000000043], [99.5776900000001, 26.77171000000007], [99.580426, 26.77840800000004], [99.56998500000013, 26.80109600000018], [99.57468400000008, 26.815578000000095], [99.57199500000017, 26.818389000000153], [99.57842300000002, 26.82326100000003], [99.57826300000009, 26.83375800000001], [99.57401000000002, 26.83561500000009], [99.55891100000011, 26.832546999999998], [99.54741299999992, 26.837382000000012], [99.55048800000006, 26.841765000000017], [99.56641900000014, 26.83848100000008], [99.56794000000004, 26.847854000000048], [99.57388700000004, 26.85705400000009], [99.56250100000014, 26.861298000000055], [99.5534750000001, 26.881256000000086], [99.55812100000011, 26.903557999999997], [99.5416260000001, 26.913086000000085], [99.52249599999999, 26.912050999999984], [99.51145600000012, 26.927544000000147], [99.5100560000001, 26.93482800000011], [99.4969790000001, 26.9452640000001], [99.48972000000006, 26.986903000000083], [99.47624600000006, 26.998877999999962], [99.4690480000001, 27.02412900000015], [99.45215200000004, 27.03060500000005], [99.43916000000003, 27.043510000000047], [99.43684400000006, 27.062273000000147], [99.43528100000006, 27.062736], [99.43282799999989, 27.062911], [99.43065300000012, 27.063527000000164], [99.42979899999999, 27.065096000000132], [99.4287870000001, 27.06808499999991], [99.42794800000013, 27.071065000000004], [99.42717799999994, 27.0761350000001], [99.42697199999995, 27.079147999999996], [99.43182100000013, 27.101696999999916], [99.4314620000001, 27.103070000000095], [99.43053400000005, 27.107581999999944], [99.42828400000005, 27.109050000000167], [99.4246950000001, 27.110413999999963], [99.42300100000008, 27.11151300000003], [99.42224500000006, 27.113698000000078], [99.42232900000009, 27.115164999999955], [99.42261100000016, 27.116780000000084], [99.42349600000001, 27.11792500000014], [99.4252360000001, 27.11858600000012], [99.4275290000001, 27.118929999999985], [99.44114000000008, 27.116132000000114], [99.44118499999999, 27.117996000000154], [99.44131500000017, 27.120196000000107], [99.44104800000011, 27.12309100000001], [99.43258300000012, 27.130788000000038], [99.43339200000008, 27.152237999999976], [99.42610600000015, 27.158240999999997], [99.40685700000014, 27.157575000000044], [99.39701900000009, 27.172856000000166], [99.38780700000011, 27.171198000000032], [99.38184000000004, 27.181542000000135], [99.38903100000013, 27.197659000000066], [99.38084800000004, 27.20364400000002], [99.38605200000003, 27.21895400000014], [99.40351500000003, 27.230226000000023], [99.41841900000006, 27.23291200000004], [99.39764100000002, 27.28089100000004], [99.39782400000007, 27.297055000000036], [99.39837300000002, 27.300027999999912], [99.39955600000002, 27.302173000000018], [99.40083700000014, 27.303357000000105], [99.41191100000017, 27.30571700000015], [99.42482800000009, 27.335869000000045], [99.43978100000007, 27.350145999999967], [99.43692400000012, 27.357347000000075], [99.42693799999998, 27.364329000000097], [99.42692300000006, 27.372586999999918], [99.4165990000001, 27.376754000000084], [99.41388300000008, 27.387620000000034], [99.41821700000003, 27.40099100000004], [99.41821700000003, 27.403142000000024], [99.41779000000005, 27.405587999999995], [99.417156, 27.408841000000116], [99.4098170000001, 27.423163000000116], [99.40326000000007, 27.428109000000077], [99.40784899999998, 27.442590999999908], [99.41641600000005, 27.449086000000044], [99.41601200000002, 27.449781000000172], [99.41287600000007, 27.453890000000158], [99.41197600000004, 27.455798000000108], [99.41437200000004, 27.462136999999956], [99.40856600000015, 27.47106300000015], [99.40842900000001, 27.474115999999896], [99.40896299999989, 27.476751000000043], [99.40977900000016, 27.478746999999906], [99.42623200000008, 27.48260000000011], [99.43862499999992, 27.489590000000085], [99.45551000000015, 27.488210999999943], [99.48425700000013, 27.49642800000001], [99.49759399999999, 27.51303400000007], [99.49619400000014, 27.51723699999993], [99.49518299999991, 27.520454000000093], [99.4952660000001, 27.522764999999907], [99.50103100000015, 27.533087000000144], [99.49942800000004, 27.54453800000001], [99.51671600000013, 27.54952499999999], [99.5419590000001, 27.563036000000032], [99.54396099999994, 27.571558000000017], [99.5503470000001, 27.56724200000005], [99.55099599999998, 27.564250000000023], [99.55162900000013, 27.562218000000115], [99.55039300000001, 27.542801999999902], [99.56727300000009, 27.53214600000009], [99.55959400000013, 27.50314800000011], [99.56813500000001, 27.47714600000004], [99.57096500000003, 27.475554000000123], [99.57594400000006, 27.47213000000015], [99.57885100000007, 27.46980300000017], [99.58009800000005, 27.467462999999917], [99.58351600000006, 27.460988000000008], [99.58442700000003, 27.45832700000002], [99.59763800000002, 27.459519000000142], [99.60199000000004, 27.45772700000002], [99.6053850000001, 27.45636700000003], [99.60712500000001, 27.44765800000002], [99.60056000000003, 27.443772000000102], [99.59930900000009, 27.4412290000001], [99.60058300000016, 27.43862800000001], [99.60026200000007, 27.437109000000092], [99.5971880000001, 27.433968000000085], [99.59505100000003, 27.43185200000007], [99.59526900000012, 27.429472000000054], [99.59673800000016, 27.426801000000033], [99.60504200000014, 27.42042600000014], [99.60529000000005, 27.420294000000055], [99.61540300000016, 27.397724000000004], [99.6265040000001, 27.38698399999999], [99.64000000000014, 27.383200000000073], [99.64663000000017, 27.368546000000137], [99.65847800000003, 27.355860000000142], [99.65824200000012, 27.35417700000007], [99.65691399999994, 27.35171500000002], [99.65521300000015, 27.349505000000043], [99.64393700000011, 27.343363999999973], [99.63976300000007, 27.32577399999994], [99.64073200000013, 27.32221700000006], [99.64276500000013, 27.318226000000067], [99.64596200000014, 27.314373000000124], [99.66083600000016, 27.305635000000116], [99.66003099999992, 27.29093500000002], [99.67312300000019, 27.287866000000015], [99.67660900000014, 27.285170000000058], [99.67762100000003, 27.28322499999998], [99.6765870000001, 27.281801000000016], [99.67626700000008, 27.28020400000004], [99.69800700000005, 27.26750100000006], [99.69908900000004, 27.265131000000075], [99.69915800000015, 27.26182999999989], [99.69947900000005, 27.257961000000044], [99.70065800000009, 27.255441000000168], [99.7031749999999, 27.25351500000015], [99.70347599999994, 27.253284000000043], [99.71832700000009, 27.250762000000094], [99.72249600000006, 27.23919800000003], [99.73347200000015, 27.23278400000011], [99.74410300000011, 27.215315000000054], [99.76810900000005, 27.208932000000033], [99.77092800000005, 27.20732400000012], [99.77362100000013, 27.204354000000052], [99.77488000000002, 27.201348000000024], [99.77570699999998, 27.196988000000054], [99.77716500000008, 27.19485700000004], [99.78070800000013, 27.193308000000037], [99.79105500000004, 27.190938000000052], [99.79422500000014, 27.18883700000012], [99.80149100000003, 27.163958000000065], [99.82201800000007, 27.155336000000062], [99.82682900000006, 27.150272000000108], [99.8409090000001, 27.133133000000086], [99.84173300000006, 27.132329000000176], [99.85335499999988, 27.10771099999996], [99.85771200000003, 27.101836000000134], [99.865479, 27.09373399999999], [99.88008099999999, 27.088939999999994], [99.89518000000005, 27.078567000000064], [99.89823600000014, 27.058402000000136], [99.94652200000013, 27.00369400000009], [99.94884100000016, 26.990615000000084], [99.96536700000009, 26.967605000000127], [99.952023, 26.960020000000128], [99.9571660000001, 26.94543800000011], [99.95526200000012, 26.93710600000012], [99.95689500000006, 26.935763000000023], [99.95821900000001, 26.934424000000078], [99.95279400000003, 26.91139700000005], [99.96374200000011, 26.895788000000053], [99.96401700000004, 26.893809000000005], [99.96450900000015, 26.89199599999992], [99.96464500000003, 26.889805000000088], [99.95987000000001, 26.879111000000066], [99.960297, 26.877702000000014], [99.96074399999995, 26.875696000000126], [99.9619150000001, 26.873489000000127], [99.96382600000013, 26.871016000000147], [99.96503500000014, 26.87005699999994], [99.97191300000009, 26.87031100000008], [99.97957300000007, 26.87774200000004], [99.99217300000007, 26.880754000000117], [99.99681900000007, 26.88642200000013], [100.00827100000011, 26.890172000000078], [100.02084800000014, 26.90056800000005], [100.030357, 26.90193000000003], [100.04635600000002, 26.932185000000096], [100.05815100000001, 26.93695299999999], [100.05572100000003, 26.962177000000075], [100.05868200000006, 26.978742000000032], [100.07591299999999, 27.016375000000025], [100.07601200000008, 27.01915499999992], [100.07597399999996, 27.02181499999992], [100.07499000000007, 27.02426100000006], [100.06614300000011, 27.03563100000006], [100.07851, 27.051245000000023], [100.07202600000015, 27.073087000000065], [100.06330600000004, 27.077636000000126], [100.06063100000003, 27.096888000000007], [100.05319300000012, 27.109966000000107], [100.05637800000004, 27.149082000000057], [100.06791400000009, 27.16588500000008], [100.103196, 27.17784700000012], [100.15224500000014, 27.24606200000006], [100.17133400000003, 27.257611000000125], [100.20003600000004, 27.298307000000065], [100.20656200000016, 27.302755000000033], [100.23068700000002, 27.306139000000073], [100.23810600000013, 27.31764999999993], [100.2382430000001, 27.32794400000016], [100.23283100000012, 27.335391000000108], [100.23052300000012, 27.361022000000034], [100.20642100000005, 27.396086000000096], [100.21180000000012, 27.410114000000107], [100.20605500000013, 27.4191030000001], [100.20383099999998, 27.4338050000001], [100.17672399999996, 27.474013999999983], [100.17606400000007, 27.4816810000001], [100.1844910000001, 27.489923000000104], [100.18994600000008, 27.50983800000013], [100.21196400000002, 27.52898900000018], [100.21955200000009, 27.544547000000044], [100.24417200000003, 27.56075699999994], [100.24071600000008, 27.593686000000005], [100.26357700000014, 27.601656000000062], [100.25844199999992, 27.626995999999984], [100.26996200000015, 27.632465000000053], [100.27283100000002, 27.6442109999999], [100.2829630000001, 27.646800000000063], [100.28455800000009, 27.657232000000164], [100.29501800000011, 27.667472000000103], [100.29190100000014, 27.68533999999996], [100.27800100000005, 27.69419400000006], [100.28339500000013, 27.708392000000103], [100.29238899999993, 27.714125999999986], [100.295983, 27.738778000000174], [100.30441400000002, 27.738882000000075], [100.31499500000011, 27.724649000000156], [100.32855600000002, 27.723746000000048], [100.34341500000005, 27.73737900000006], [100.34365899999999, 27.747408000000128], [100.34954200000003, 27.759293999999926], [100.36015000000003, 27.76273500000015], [100.37394400000005, 27.757761000000094], [100.37639600000007, 27.77863200000008], [100.39085499999996, 27.790239000000064], [100.40485500000004, 27.808689000000108], [100.41208299999991, 27.822619000000003], [100.40942099999992, 27.830630999999897], [100.41170200000008, 27.840841000000104], [100.429501, 27.853538000000036], [100.43118700000005, 27.868429000000127], [100.44191400000014, 27.86954900000007], [100.47241300000016, 27.863003000000063], [100.49442700000012, 27.84807100000004], [100.50380799999996, 27.8551790000001], [100.51028100000005, 27.830306000000093], [100.51900500000013, 27.824928000000092], [100.53356600000002, 27.82897599999992], [100.54531099999988, 27.812145000000065], [100.55885800000014, 27.827690000000096], [100.57140800000008, 27.83440000000008], [100.57713400000009, 27.841129000000045], [100.58671200000015, 27.843548000000084], [100.59227400000009, 27.85195700000005], [100.60607600000006, 27.859652999999994], [100.60876900000012, 27.86592899999996], [100.60804500000009, 27.87988399999997], [100.623375, 27.90432100000013], [100.63065400000008, 27.910621000000035], [100.63212600000001, 27.918334000000144], [100.6533900000001, 27.91413400000009], [100.65978600000014, 27.921859000000126], [100.67279500000004, 27.923745000000032], [100.67874600000002, 27.927793000000037], [100.67929900000011, 27.917399000000053], [100.68887000000012, 27.91346499999998], [100.6935050000001, 27.898988000000124], [100.70324700000006, 27.890307000000035], [100.69875800000007, 27.872692000000065], [100.71839200000011, 27.86170500000005], [100.71356700000004, 27.84994000000014], [100.70556300000001, 27.842552000000097], [100.70260299999998, 27.8226910000001], [100.70679200000009, 27.800911999999947], [100.71580600000001, 27.799150000000083], [100.73706100000007, 27.777499999999947], [100.75511599999996, 27.774153000000034], [100.76076500000008, 27.75957899999988], [100.76995500000001, 27.75407600000002], [100.77448800000008, 27.745242000000147], [100.78023200000015, 27.69707699999995], [100.7880180000001, 27.687748000000155], [100.82844600000007, 27.687136000000145], [100.838437, 27.683372999999925], [100.8466500000001, 27.675451000000017], [100.83122300000015, 27.661585000000088], [100.83093300000013, 27.654647000000153], [100.83668600000007, 27.64887599999988], [100.82516499999994, 27.641143000000156], [100.82103800000014, 27.63189500000005], [100.82688900000002, 27.617342000000036], [100.83540400000005, 27.61607100000012], [100.84592499999997, 27.625560999999912], [100.85632000000012, 27.627321000000137], [100.86029500000004, 27.620051999999994], [100.859891, 27.602732999999915], [100.88049000000014, 27.608904000000067], [100.87766699999997, 27.591640000000005], [100.891651, 27.57908200000012], [100.893608, 27.567578000000047], [100.88689500000002, 27.56327300000001], [100.88754400000008, 27.55924600000006], [100.87897100000004, 27.549148999999964], [100.88588700000011, 27.542570999999974], [100.88742100000002, 27.53622000000002], [100.88266800000005, 27.511076000000067], [100.88656600000016, 27.50292700000012], [100.88446100000007, 27.483779000000055], [100.88016500000006, 27.475525000000033], [100.88196600000005, 27.46727000000002], [100.89507300000005, 27.46619100000001], [100.89836200000005, 27.457305000000098], [100.908646, 27.46281100000003], [100.91711100000006, 27.47410300000015], [100.92746099999997, 27.475024000000147], [100.93113000000004, 27.47365000000015], [100.93377399999996, 27.472965999999957], [100.93403300000007, 27.473053000000135], [100.95472799999997, 27.447878000000102], [100.95636400000015, 27.442818000000123], [100.95024200000006, 27.432838000000025], [100.96126200000006, 27.41503599999995], [100.96235000000001, 27.406605000000027], [100.973488, 27.40034500000006], [100.98254800000001, 27.382700999999912], [100.99048300000001, 27.377554000000103], [100.99487000000008, 27.36888500000012], [100.9949840000001, 27.359405000000002], [100.99941300000009, 27.35362800000003], [101.01635499999998, 27.350384000000027], [101.02401800000004, 27.339782000000156], [101.01284100000002, 27.32758900000001], [101.00838100000013, 27.31619100000009], [101.02797000000001, 27.301288000000156], [101.04848599999994, 27.292378000000127], [101.05573000000004, 27.292904000000043], [101.04170300000013, 27.246488000000134], [101.04476200000009, 27.220802000000013], [101.05464299999991, 27.215763999999986], [101.05580199999989, 27.203598000000028], [101.07933500000003, 27.197181000000036], [101.10122400000014, 27.209004000000036], [101.117131, 27.211553999999992], [101.13807000000003, 27.206711000000027], [101.14766300000008, 27.20112600000013], [101.1647420000001, 27.20202900000006], [101.16870100000011, 27.19708600000017], [101.16657700000006, 27.168654000000124]]]}}, {"type": "Feature", "properties": {"name": "迪庆藏族自治州", "kind": "0137", "admin_code": "533423", "code_1": 5334}, "geometry": {"type": "Polygon", "coordinates": [[[100.0600050000001, 28.08606999999992], [100.06865000000006, 28.061440000000125], [100.08304300000007, 28.036884000000065], [100.12169300000002, 28.01865000000012], [100.13851200000002, 27.997173999999994], [100.14624499999994, 27.994140000000044], [100.14967800000002, 27.986314], [100.19040000000015, 27.949440000000102], [100.19354699999995, 27.941035000000028], [100.1686490000001, 27.911008999999986], [100.16762600000001, 27.90716300000009], [100.16679100000002, 27.904101000000047], [100.16748900000005, 27.900281000000085], [100.18228899999998, 27.90090300000012], [100.20933200000003, 27.880653999999907], [100.22101600000008, 27.881298000000164], [100.235146, 27.87258700000008], [100.24714300000001, 27.872866999999893], [100.25671000000004, 27.868404000000012], [100.27072199999989, 27.87316200000005], [100.28249800000017, 27.868196000000033], [100.293778, 27.87302799999989], [100.30764400000011, 27.864328000000093], [100.30136500000017, 27.85176500000015], [100.30230000000009, 27.8504730000001], [100.30301638829464, 27.8498689564912], [100.304653, 27.848488999999987], [100.3074270000001, 27.83386600000013], [100.288853, 27.820821000000095], [100.28490500000001, 27.809335000000004], [100.2918020000001, 27.7994110000001], [100.30338299999998, 27.793715000000162], [100.30008800000002, 27.773246000000128], [100.30620199999998, 27.755296000000065], [100.29536099999999, 27.736980000000088], [100.29238899999993, 27.714125999999986], [100.28339500000013, 27.708392000000103], [100.27800100000005, 27.69419400000006], [100.29190100000014, 27.68533999999996], [100.29501800000011, 27.667472000000103], [100.28455800000009, 27.657232000000164], [100.2829630000001, 27.646800000000063], [100.27283100000002, 27.6442109999999], [100.26996200000015, 27.632465000000053], [100.25844199999992, 27.626995999999984], [100.26357700000014, 27.601656000000062], [100.24071600000008, 27.593686000000005], [100.24417200000003, 27.56075699999994], [100.21955200000009, 27.544547000000044], [100.21196400000002, 27.52898900000018], [100.18994600000008, 27.50983800000013], [100.1844910000001, 27.489923000000104], [100.17606400000007, 27.4816810000001], [100.17672399999996, 27.474013999999983], [100.20383099999998, 27.4338050000001], [100.20605500000013, 27.4191030000001], [100.21180000000012, 27.410114000000107], [100.20642100000005, 27.396086000000096], [100.23052300000012, 27.361022000000034], [100.23283100000012, 27.335391000000108], [100.2382430000001, 27.32794400000016], [100.23810600000013, 27.31764999999993], [100.23068700000002, 27.306139000000073], [100.20656200000016, 27.302755000000033], [100.20003600000004, 27.298307000000065], [100.17133400000003, 27.257611000000125], [100.15224500000014, 27.24606200000006], [100.103196, 27.17784700000012], [100.06791400000009, 27.16588500000008], [100.05637800000004, 27.149082000000057], [100.05319300000012, 27.109966000000107], [100.06063100000003, 27.096888000000007], [100.06330600000004, 27.077636000000126], [100.07202600000015, 27.073087000000065], [100.07851, 27.051245000000023], [100.06614300000011, 27.03563100000006], [100.07499000000007, 27.02426100000006], [100.07597399999996, 27.02181499999992], [100.07601200000008, 27.01915499999992], [100.07591299999999, 27.016375000000025], [100.05868200000006, 26.978742000000032], [100.05572100000003, 26.962177000000075], [100.05815100000001, 26.93695299999999], [100.04635600000002, 26.932185000000096], [100.035939, 26.916072000000057], [100.03613000000017, 26.90862100000013], [100.03196700000015, 26.903150000000075], [100.02084800000014, 26.90056800000005], [100.00827100000011, 26.890172000000078], [99.99681900000007, 26.88642200000013], [99.99217300000007, 26.880754000000117], [99.97957300000007, 26.87774200000004], [99.97191300000009, 26.87031100000008], [99.96503500000014, 26.87005699999994], [99.96382600000013, 26.871016000000147], [99.9619150000001, 26.873489000000127], [99.96074399999995, 26.875696000000126], [99.960297, 26.877702000000014], [99.95987000000001, 26.879111000000066], [99.96464500000003, 26.889805000000088], [99.96450900000015, 26.89199599999992], [99.96401700000004, 26.893809000000005], [99.96374200000011, 26.895788000000053], [99.95279400000003, 26.91139700000005], [99.95821900000001, 26.934424000000078], [99.95689500000006, 26.935763000000023], [99.95526200000012, 26.93710600000012], [99.9571660000001, 26.94543800000011], [99.952023, 26.960020000000128], [99.96536700000009, 26.967605000000127], [99.94884100000016, 26.990615000000084], [99.94652200000013, 27.00369400000009], [99.89823600000014, 27.058402000000136], [99.89518000000005, 27.078567000000064], [99.88008099999999, 27.088939999999994], [99.865479, 27.09373399999999], [99.85771200000003, 27.101836000000134], [99.85335499999988, 27.10771099999996], [99.84173300000006, 27.132329000000176], [99.8409090000001, 27.133133000000086], [99.82682900000006, 27.150272000000108], [99.82201800000007, 27.155336000000062], [99.80149100000003, 27.163958000000065], [99.79422500000014, 27.18883700000012], [99.79105500000004, 27.190938000000052], [99.78070800000013, 27.193308000000037], [99.77716500000008, 27.19485700000004], [99.77570699999998, 27.196988000000054], [99.77488000000002, 27.201348000000024], [99.77362100000013, 27.204354000000052], [99.77092800000005, 27.20732400000012], [99.76810900000005, 27.208932000000033], [99.74410300000011, 27.215315000000054], [99.73347200000015, 27.23278400000011], [99.72249600000006, 27.23919800000003], [99.71832700000009, 27.250762000000094], [99.70347599999994, 27.253284000000043], [99.7031749999999, 27.25351500000015], [99.70065800000009, 27.255441000000168], [99.69947900000005, 27.257961000000044], [99.69915800000015, 27.26182999999989], [99.69908900000004, 27.265131000000075], [99.69800700000005, 27.26750100000006], [99.67626700000008, 27.28020400000004], [99.6765870000001, 27.281801000000016], [99.67762100000003, 27.28322499999998], [99.67660900000014, 27.285170000000058], [99.67312300000019, 27.287866000000015], [99.66003099999992, 27.29093500000002], [99.66083600000016, 27.305635000000116], [99.64596200000014, 27.314373000000124], [99.64276500000013, 27.318226000000067], [99.64073200000013, 27.32221700000006], [99.63976300000007, 27.32577399999994], [99.64393700000011, 27.343363999999973], [99.65521300000015, 27.349505000000043], [99.65691399999994, 27.35171500000002], [99.65824200000012, 27.35417700000007], [99.65847800000003, 27.355860000000142], [99.64663000000017, 27.368546000000137], [99.64000000000014, 27.383200000000073], [99.6265040000001, 27.38698399999999], [99.61540300000016, 27.397724000000004], [99.60529000000005, 27.420294000000055], [99.60504200000014, 27.42042600000014], [99.59673800000016, 27.426801000000033], [99.59526900000012, 27.429472000000054], [99.59505100000003, 27.43185200000007], [99.5971880000001, 27.433968000000085], [99.60026200000007, 27.437109000000092], [99.60058300000016, 27.43862800000001], [99.59930900000009, 27.4412290000001], [99.60056000000003, 27.443772000000102], [99.60712500000001, 27.44765800000002], [99.6053850000001, 27.45636700000003], [99.60199000000004, 27.45772700000002], [99.59763800000002, 27.459519000000142], [99.58442700000003, 27.45832700000002], [99.58351600000006, 27.460988000000008], [99.58009800000005, 27.467462999999917], [99.57885100000007, 27.46980300000017], [99.57594400000006, 27.47213000000015], [99.57096500000003, 27.475554000000123], [99.56813500000001, 27.47714600000004], [99.55959400000013, 27.50314800000011], [99.56727300000009, 27.53214600000009], [99.55039300000001, 27.542801999999902], [99.55261699999991, 27.553505000000044], [99.5503470000001, 27.56724200000005], [99.54223300000004, 27.571780999999994], [99.5419590000001, 27.563036000000032], [99.51671600000013, 27.54952499999999], [99.49942800000004, 27.54453800000001], [99.50103100000015, 27.533087000000144], [99.4952660000001, 27.522764999999907], [99.49518299999991, 27.520454000000093], [99.49619400000014, 27.51723699999993], [99.49759399999999, 27.51303400000007], [99.48425700000013, 27.49642800000001], [99.45551000000015, 27.488210999999943], [99.43862499999992, 27.489590000000085], [99.42623200000008, 27.48260000000011], [99.40977900000016, 27.478746999999906], [99.40896299999989, 27.476751000000043], [99.40842900000001, 27.474115999999896], [99.40856600000015, 27.47106300000015], [99.41437200000004, 27.462136999999956], [99.41197600000004, 27.455798000000108], [99.41287600000007, 27.453890000000158], [99.41601200000002, 27.449781000000172], [99.41641600000005, 27.449086000000044], [99.40784899999998, 27.442590999999908], [99.40326000000007, 27.428109000000077], [99.4098170000001, 27.423163000000116], [99.417156, 27.408841000000116], [99.41779000000005, 27.405587999999995], [99.41821700000003, 27.403142000000024], [99.41821700000003, 27.40099100000004], [99.41388300000008, 27.387620000000034], [99.4165990000001, 27.376754000000084], [99.42692300000006, 27.372586999999918], [99.42693799999998, 27.364329000000097], [99.43692400000012, 27.357347000000075], [99.43978100000007, 27.350145999999967], [99.42482800000009, 27.335869000000045], [99.41191100000017, 27.30571700000015], [99.40083700000014, 27.303357000000105], [99.39955600000002, 27.302173000000018], [99.39837300000002, 27.300027999999912], [99.39782400000007, 27.297055000000036], [99.39764100000002, 27.28089100000004], [99.41841900000006, 27.23291200000004], [99.40351500000003, 27.230226000000023], [99.38605200000003, 27.21895400000014], [99.38090200000006, 27.205678], [99.38084800000004, 27.20364400000002], [99.38193200000002, 27.20161599999991], [99.38903100000013, 27.197659000000066], [99.38184000000004, 27.181542000000135], [99.38780700000011, 27.171198000000032], [99.39701900000009, 27.172856000000166], [99.40685700000014, 27.157575000000044], [99.42610600000015, 27.158240999999997], [99.43339200000008, 27.152237999999976], [99.43258300000012, 27.130788000000038], [99.44104800000011, 27.12309100000001], [99.44131500000017, 27.120196000000107], [99.44118499999999, 27.117996000000154], [99.44114000000008, 27.116132000000114], [99.4275290000001, 27.118929999999985], [99.4252360000001, 27.11858600000012], [99.42349600000001, 27.11792500000014], [99.42261100000016, 27.116780000000084], [99.42232900000009, 27.115164999999955], [99.42224500000006, 27.113698000000078], [99.42300100000008, 27.11151300000003], [99.4246950000001, 27.110413999999963], [99.42828400000005, 27.109050000000167], [99.43053400000005, 27.107581999999944], [99.4314620000001, 27.103070000000095], [99.43182100000013, 27.101696999999916], [99.42697199999995, 27.079147999999996], [99.42717799999994, 27.0761350000001], [99.42794800000013, 27.071065000000004], [99.4287870000001, 27.06808499999991], [99.42979899999999, 27.065096000000132], [99.43065300000012, 27.063527000000164], [99.43282799999989, 27.062911], [99.43528100000006, 27.062736], [99.43684400000006, 27.062273000000147], [99.44074300000008, 27.041450000000133], [99.45215200000004, 27.03060500000005], [99.4690480000001, 27.02412900000015], [99.47624600000006, 26.998877999999962], [99.49024300000016, 26.985649000000066], [99.49183700000007, 26.96532300000014], [99.48362700000006, 26.968780000000002], [99.45833200000004, 26.96444300000016], [99.44369200000003, 26.97307700000009], [99.4246220000001, 26.961136000000096], [99.41984200000002, 26.9701820000001], [99.41181600000013, 26.976751000000057], [99.40117700000003, 26.956896000000107], [99.38975900000014, 26.952734000000177], [99.40073400000014, 26.939462000000013], [99.41687400000004, 26.933349000000042], [99.392166, 26.92502599999991], [99.36925499999998, 26.911258000000004], [99.371342, 26.926781000000076], [99.35403200000012, 26.948137000000052], [99.35975400000015, 26.959314000000155], [99.34980500000015, 26.96812600000007], [99.35176199999998, 26.975039999999886], [99.34489100000016, 26.9790530000001], [99.34033200000007, 26.996521000000072], [99.32860200000013, 27.0088360000001], [99.318379, 27.037023000000126], [99.30695700000012, 27.05582499999999], [99.29964800000005, 27.06186300000015], [99.29545700000003, 27.072029000000008], [99.28579800000003, 27.077839000000047], [99.26780700000003, 27.08115], [99.25542500000014, 27.079229000000126], [99.25429199999994, 27.07815799999989], [99.25352099999999, 27.074684000000126], [99.25348300000005, 27.07185300000001], [99.27206900000007, 27.035383000000145], [99.27179399999997, 27.02826599999988], [99.26046400000016, 27.014702000000156], [99.25145400000002, 27.01511400000014], [99.24530500000019, 27.01019100000004], [99.24194699999998, 26.997413000000073], [99.21445500000002, 26.984812000000005], [99.15643400000002, 26.997324999999897], [99.14760300000013, 27.00533400000007], [99.13246500000011, 27.000543000000143], [99.11896100000004, 27.000554999999984], [99.10248600000014, 27.011990999999938], [99.08626600000014, 26.998001999999957], [99.07348700000009, 26.991735000000027], [99.0599940000001, 26.994514000000102], [99.04755100000014, 26.987770000000054], [99.03667499999999, 26.992115000000027], [99.03469200000005, 26.99339700000005], [99.03381000000007, 26.994702000000025], [99.03239500000007, 27.008477000000063], [99.03328800000006, 27.011159999999926], [99.03439000000012, 27.013887000000047], [99.03539300000014, 27.014921999999977], [99.04288900000006, 27.01717199999998], [99.03122800000014, 27.02984700000004], [99.02414300000012, 27.046514000000087], [99.00020199999997, 27.042016000000068], [98.983258, 27.050324000000025], [98.98079000000007, 27.05440200000011], [98.98422300000009, 27.062012000000045], [98.96745400000012, 27.085221000000125], [98.97888200000013, 27.106384000000027], [98.97633400000015, 27.133563000000137], [98.98116700000018, 27.14275199999998], [98.98041599999996, 27.152170000000034], [98.98444000000009, 27.164744000000084], [98.96466100000013, 27.170502999999904], [98.96204400000013, 27.17917200000015], [98.97091000000009, 27.190872999999918], [98.96675900000017, 27.199881000000147], [98.98142300000005, 27.20837000000016], [98.98720600000016, 27.218226000000037], [98.98971200000003, 27.230813999999917], [98.986824, 27.24604799999988], [98.99189400000009, 27.255210999999882], [98.98616500000018, 27.262952000000084], [98.98636300000004, 27.270288000000086], [98.9916730000001, 27.277269000000025], [99.00493700000014, 27.281712999999932], [99.00711900000002, 27.298469000000146], [99.00262499999998, 27.320592000000076], [98.99197400000014, 27.336747000000038], [98.97945500000012, 27.337129000000026], [98.9646800000001, 27.331464000000082], [98.95176000000012, 27.342573000000158], [98.94445800000008, 27.34200399999989], [98.93915600000015, 27.34593300000008], [98.93024500000004, 27.33947500000007], [98.92324200000006, 27.338782000000016], [98.92034600000008, 27.33845900000003], [98.91803800000007, 27.338706000000123], [98.92220399999997, 27.350305000000063], [98.92185300000006, 27.367897], [98.91469300000006, 27.38548200000006], [98.90726599999991, 27.38799700000014], [98.90219600000006, 27.395948000000047], [98.90190500000014, 27.398009000000044], [98.9019280000001, 27.40110399999989], [98.9146400000001, 27.426163000000003], [98.91529600000004, 27.440315000000147], [98.91013800000012, 27.45925800000004], [98.91101200000006, 27.470148000000115], [98.89093100000005, 27.495723000000027], [98.8997689999999, 27.511190999999904], [98.90107800000011, 27.52064100000011], [98.90784900000008, 27.527923000000087], [98.89866400000004, 27.55124700000009], [98.88926, 27.556767000000114], [98.89033600000002, 27.56856400000001], [98.879277, 27.574193999999984], [98.87884900000012, 27.576488000000076], [98.87891800000014, 27.578777000000024], [98.87886500000002, 27.579923000000072], [98.88604800000016, 27.58547800000015], [98.89239199999989, 27.60108699999997], [98.90053700000011, 27.605444000000134], [98.90159599999998, 27.614604000000064], [98.91827400000005, 27.635965000000006], [98.91039800000013, 27.63969400000017], [98.90219600000006, 27.657279000000145], [98.88496800000014, 27.675495999999924], [98.86515500000003, 27.69214800000006], [98.85503399999999, 27.692214000000014], [98.83813900000008, 27.70930200000008], [98.83281400000003, 27.720377000000006], [98.83377500000014, 27.72821699999988], [98.86697800000005, 27.743010000000034], [98.87295199999998, 27.755162999999897], [98.86961799999992, 27.770946999999893], [98.86053200000015, 27.779018000000043], [98.85951700000001, 27.802068999999932], [98.8461880000001, 27.81631799999993], [98.84911800000006, 27.84127700000012], [98.83845600000002, 27.844290000000015], [98.82757600000006, 27.83209900000012], [98.81460599999994, 27.831902000000163], [98.81306100000009, 27.83930499999994], [98.7986190000001, 27.854588000000135], [98.80260500000003, 27.86582099999999], [98.791314, 27.884469000000166], [98.78484000000009, 27.916965000000026], [98.78997900000003, 27.934872], [98.78607900000011, 27.940963000000018], [98.79049000000003, 27.950341000000044], [98.78882300000012, 27.966740000000037], [98.79383900000002, 27.98931700000005], [98.78885300000005, 28.01564700000008], [98.79355700000013, 28.03009599999993], [98.78851700000004, 28.031645000000104], [98.78849500000017, 28.04347000000009], [98.778965, 28.056782000000013], [98.76916600000013, 28.056616000000048], [98.76817400000013, 28.057043000000114], [98.76624400000013, 28.058292000000073], [98.76485500000013, 28.060302000000114], [98.76321500000014, 28.070699000000076], [98.75372700000008, 28.090337000000098], [98.7537879999999, 28.096125000000093], [98.753842, 28.099288999999963], [98.754368, 28.10332299999996], [98.76452699999999, 28.125997000000005], [98.76555000000008, 28.136132000000046], [98.75646200000007, 28.149701000000093], [98.74950499999998, 28.150271000000004], [98.74292499999993, 28.148600000000123], [98.72924100000003, 28.13244500000016], [98.71394800000016, 28.131030000000145], [98.71226600000008, 28.138029000000152], [98.7046510000001, 28.140924000000055], [98.70280100000014, 28.16690400000008], [98.69460700000002, 28.16931700000007], [98.68880500000012, 28.188021000000084], [98.68458200000012, 28.1928159999999], [98.69513800000009, 28.205369000000168], [98.69786800000001, 28.222285000000035], [98.697769, 28.22307500000003], [98.69688800000003, 28.225166000000023], [98.69603400000014, 28.226909999999997], [98.7119570000001, 28.233005999999897], [98.709225, 28.263885000000165], [98.71621800000005, 28.280529999999906], [98.70979400000002, 28.292367000000084], [98.71482500000008, 28.30916199999998], [98.71615700000015, 28.31140299999995], [98.71870900000002, 28.31384999999991], [98.72351500000002, 28.316488000000128], [98.7462130000001, 28.324744000000045], [98.75312500000001, 28.340416000000012], [98.73814900000008, 28.354749000000034], [98.73380300000002, 28.372108000000054], [98.71978800000002, 28.38330800000002], [98.7185330000001, 28.39227100000008], [98.70501000000013, 28.395979999999923], [98.70885600000003, 28.40432900000016], [98.70924499999998, 28.407096000000045], [98.70904600000011, 28.409956000000157], [98.70819200000015, 28.413081], [98.69519100000002, 28.432984000000005], [98.68440300000005, 28.438675000000146], [98.68976700000013, 28.44597200000012], [98.67670100000014, 28.467246000000145], [98.67362600000008, 28.482291000000103], [98.66422999999999, 28.48130400000015], [98.64577900000012, 28.489715000000018], [98.62764100000004, 28.491441999999914], [98.61900400000005, 28.510639000000126], [98.62691899999999, 28.528825999999995], [98.63433900000001, 28.537143999999984], [98.6327600000001, 28.551363999999893], [98.63799699999998, 28.555804000000172], [98.62662200000011, 28.56134500000016], [98.63174100000018, 28.570270000000008], [98.62008, 28.59008999999999], [98.62458100000018, 28.59921200000015], [98.61348399999994, 28.615381000000028], [98.61370899999999, 28.61601900000006], [98.6171390000001, 28.617691000000022], [98.61959200000003, 28.619506999999913], [98.62030900000002, 28.622172000000056], [98.62064400000003, 28.62361200000001], [98.62026999999999, 28.626011000000084], [98.60793799999998, 28.646050000000066], [98.60802900000004, 28.658032000000077], [98.594327, 28.671310000000027], [98.59412799999998, 28.686327000000155], [98.6178410000001, 28.685418], [98.63312200000004, 28.69165900000008], [98.63985900000004, 28.705904000000103], [98.66641700000011, 28.71570600000004], [98.66848800000005, 28.717566000000105], [98.670308, 28.71907200000001], [98.67273399999999, 28.721573999999997], [98.67905400000014, 28.730972000000165], [98.68063099999998, 28.748383000000132], [98.68221963543687, 28.749404528106773], [98.68322500000002, 28.75005100000012], [98.68231200000005, 28.756710000000062], [98.67488599999999, 28.76218100000012], [98.67857400000003, 28.777136000000006], [98.66051500000009, 28.79328899999998], [98.66227000000018, 28.80976599999994], [98.65514500000005, 28.80854900000005], [98.65211200000002, 28.8133050000001], [98.65356500000006, 28.82665], [98.667077, 28.84708500000015], [98.65368000000015, 28.861112000000077], [98.64323100000016, 28.895276000000102], [98.64548900000011, 28.901443000000015], [98.65355399999996, 28.90722600000013], [98.6548730000001, 28.915058999999957], [98.64886100000004, 28.91638999999995], [98.64852600000003, 28.923162999999995], [98.65756700000007, 28.93335600000013], [98.64783100000008, 28.932917000000046], [98.64127000000008, 28.942439], [98.63166500000003, 28.943667000000083], [98.63581500000011, 28.95765200000009], [98.62284500000007, 28.96355100000003], [98.62276200000012, 28.965536999999955], [98.62272528802471, 28.96787056376715], [98.6227230000001, 28.968015999999984], [98.62910499999995, 28.971788000000153], [98.62892199999999, 28.978134000000132], [98.65410300000016, 28.979464000000043], [98.67138000000006, 28.972231000000036], [98.70456399999992, 28.970789000000096], [98.70733700000011, 28.971580000000174], [98.71063300000014, 28.97382000000006], [98.71828100000003, 28.984522000000034], [98.74824600000008, 28.99571200000006], [98.76031500000002, 29.009087000000044], [98.7623669999999, 29.009993000000044], [98.76461000000003, 29.009952000000027], [98.76666999999995, 29.009796999999907], [98.78830000000002, 28.99765499999998], [98.78911300000014, 28.99562100000017], [98.78934900000013, 28.994362000000095], [98.78930700000004, 28.993326999999994], [98.78527100000005, 28.989682000000116], [98.80384900000011, 28.972879000000006], [98.80619800000014, 28.961317000000108], [98.81495300000013, 28.952156000000095], [98.810677, 28.93145800000012], [98.82198299999996, 28.923354999999987], [98.8181000000001, 28.918584000000024], [98.8174130000001, 28.899280000000104], [98.828316, 28.88468900000005], [98.82717200000003, 28.883904999999935], [98.82518500000012, 28.88315000000008], [98.82352500000007, 28.882214999999988], [98.82254000000012, 28.880918000000143], [98.82212900000005, 28.877183000000016], [98.82668400000016, 28.861456000000118], [98.818363, 28.853812000000033], [98.82860600000002, 28.849246000000072], [98.82756100000006, 28.824940000000176], [98.84045100000006, 28.815180000000076], [98.840886, 28.806818000000177], [98.85224600000006, 28.801818000000104], [98.87225000000016, 28.811695000000114], [98.89287200000007, 28.807372000000008], [98.89612200000003, 28.80307200000003], [98.91048900000003, 28.803852000000084], [98.92174200000011, 28.8102650000001], [98.92225700000009, 28.82669800000015], [98.92984800000005, 28.834480000000106], [98.94008300000012, 28.829716999999924], [98.94407000000012, 28.829800999999946], [98.9466030000001, 28.830065000000026], [98.94808700000014, 28.830403000000018], [98.95427800000009, 28.834726000000032], [98.96290699999996, 28.830479999999994], [98.96485200000012, 28.830780000000033], [98.9673700000001, 28.831502000000086], [98.97015099999999, 28.832118000000072], [98.97166900000018, 28.83779700000011], [98.96470700000003, 28.85481900000004], [98.97297700000004, 28.863377000000078], [98.9732789999999, 28.865508000000005], [98.97321000000014, 28.868260000000156], [98.97212300000008, 28.870576999999933], [98.966115, 28.87775900000007], [98.95081000000002, 28.874366000000087], [98.917595, 28.890390000000046], [98.91103500000008, 28.913283999999997], [98.91907900000004, 28.922965000000133], [98.92268800000005, 28.944781000000063], [98.92041900000007, 28.954793000000144], [98.92563699999998, 28.96902800000005], [98.92565200000016, 28.98182400000009], [98.932458, 28.987746999999978], [98.94996300000011, 28.98855800000002], [98.95355200000006, 29.000092999999907], [98.96288800000016, 29.005473000000073], [98.9643219999999, 29.01236400000011], [98.97564800000006, 29.02022299999996], [98.98298700000014, 29.021471000000098], [98.99117700000002, 29.02895500000009], [99.00443699999998, 29.031698000000027], [99.01461500000012, 29.045572999999905], [99.01471300000006, 29.0552590000001], [99.00536800000009, 29.07513100000012], [99.00113000000002, 29.09284500000011], [98.99307300000012, 29.105958000000086], [98.98047700000004, 29.114188999999982], [98.97562100000013, 29.127522000000127], [98.96689700000005, 29.131479000000148], [98.96086100000014, 29.175483000000057], [98.9738430000001, 29.186056000000015], [98.97583500000007, 29.20760800000013], [98.99563200000011, 29.205087999999904], [99.01154300000013, 29.198491000000026], [99.01352700000015, 29.19679400000004], [99.01658700000004, 29.193119000000166], [99.01814700000014, 29.191854999999947], [99.02345700000004, 29.19167700000005], [99.0270889999999, 29.204077000000005], [99.02939700000016, 29.206137000000098], [99.03196000000005, 29.208197000000013], [99.03413500000015, 29.209624000000048], [99.07377700000009, 29.213435999999973], [99.07928900000017, 29.21872900000013], [99.07948824527512, 29.21879154625151], [99.08145200000008, 29.219408], [99.086228, 29.219961999999924], [99.10367300000013, 29.237104000000016], [99.10576300000004, 29.24906900000004], [99.10978400000002, 29.251279000000018], [99.11508600000013, 29.24223300000002], [99.11457500000013, 29.228319000000027], [99.11006600000009, 29.215805999999958], [99.11715400000017, 29.207674000000083], [99.1175740000001, 29.205324000000154], [99.1176190000001, 29.201608000000178], [99.1120800000001, 29.19344500000014], [99.111325, 29.17282600000013], [99.10523300000006, 29.169705000000178], [99.10448500000017, 29.165581000000017], [99.11409400000012, 29.156877999999978], [99.11414000000002, 29.154124000000103], [99.11359100000007, 29.15056900000004], [99.11299600000004, 29.149140000000017], [99.10788400000003, 29.143390000000146], [99.11372800000004, 29.13342000000008], [99.11304899999999, 29.114251000000046], [99.11668800000017, 29.105955000000016], [99.11256500000009, 29.07751800000009], [99.11747800000016, 29.057379000000182], [99.11774500000004, 29.037723000000092], [99.12529000000004, 29.023193000000113], [99.12133000000003, 28.99964500000005], [99.12379900000002, 28.98333700000004], [99.12988700000015, 28.974636000000075], [99.12495799999999, 28.960363000000044], [99.13272900000011, 28.952224000000037], [99.12357800000004, 28.93546299999994], [99.129868, 28.91874200000013], [99.11435699999996, 28.85628200000012], [99.1074827842086, 28.85189351462325], [99.10649200000015, 28.85126100000017], [99.10554200000004, 28.84779199999994], [99.10472600000003, 28.84572900000004], [99.10926500000008, 28.818543000000062], [99.10728900000001, 28.810010000000055], [99.11748200000014, 28.78488499999998], [99.11548300000013, 28.765514000000024], [99.12258200000005, 28.753160000000058], [99.13995799999996, 28.742398], [99.1464090000001, 28.727623], [99.14491000000007, 28.708957000000026], [99.1325989781661, 28.696060650941057], [99.13012400000005, 28.69346800000001], [99.12690000000009, 28.690092000000014], [99.12896399999991, 28.683602000000107], [99.13427800000002, 28.67756600000002], [99.133069, 28.66989000000013], [99.13297800000011, 28.66828000000006], [99.13474400000004, 28.659900999999998], [99.14400200000009, 28.626891000000064], [99.15224600000008, 28.619059000000057], [99.15597600000014, 28.605177000000047], [99.15855100000003, 28.59548900000013], [99.16092400000008, 28.58661300000007], [99.15910800000003, 28.582234000000128], [99.15373699999998, 28.573267], [99.15638400000014, 28.561352000000028], [99.161874, 28.543060000000175], [99.17269600000013, 28.519435000000136], [99.17684199999998, 28.510029000000102], [99.17749800000007, 28.503359999999958], [99.17921099999998, 28.496937000000088], [99.1814850000001, 28.489382], [99.17933300000003, 28.484856000000057], [99.17912300000006, 28.480636000000125], [99.17823500000013, 28.476147000000054], [99.1782309999999, 28.453584000000042], [99.16485200000002, 28.42849000000014], [99.17361500000014, 28.419194000000147], [99.17501900000013, 28.404368000000012], [99.20032600000008, 28.381113000000035], [99.20190799999997, 28.368838000000117], [99.22470900000005, 28.349557999999966], [99.23762499999997, 28.31841500000005], [99.24907000000013, 28.31223300000014], [99.25584900000005, 28.30615200000006], [99.26186100000011, 28.3004460000001], [99.27982800000007, 28.283845000000007], [99.28044900000012, 28.273130000000023], [99.28229100000011, 28.271149000000072], [99.2827708984261, 28.270634811507044], [99.28524400000002, 28.26798500000003], [99.30119400000007, 28.26562400000008], [99.311466, 28.247533999999888], [99.31926400000003, 28.239547999999928], [99.33713600000013, 28.22250000000006], [99.34565000000008, 28.21569000000006], [99.350647, 28.210497000000004], [99.35339400000001, 28.205929000000054], [99.36007800000014, 28.19733900000012], [99.39009500000006, 28.173165000000132], [99.39239200000004, 28.16089900000007], [99.40260700000005, 28.155122000000098], [99.40351100000007, 28.163323000000084], [99.38745199999997, 28.187831000000173], [99.386101, 28.214209999999994], [99.39550400000013, 28.2480830000001], [99.40434700000013, 28.265704000000035], [99.41636000000004, 28.269687000000076], [99.41648900000006, 28.277869000000088], [99.41118000000009, 28.298720000000024], [99.39979300000002, 28.30519199999995], [99.39456199999992, 28.316930000000106], [99.40866100000002, 28.33232500000007], [99.40866100000002, 28.348193000000002], [99.40374100000008, 28.369160000000115], [99.39170200000015, 28.376202000000127], [99.39473000000004, 28.38494499999993], [99.38870700000015, 28.38551500000002], [99.38629200000017, 28.389659999999964], [99.3874440000001, 28.40465700000012], [99.39666400000002, 28.421189000000105], [99.39344800000002, 28.43462000000001], [99.40304200000016, 28.457226000000112], [99.39504000000011, 28.47540899999992], [99.38247300000002, 28.48206100000008], [99.37962300000011, 28.493362000000054], [99.37472500000004, 28.497191000000143], [99.3757820000001, 28.520040000000016], [99.38290400000015, 28.54462000000011], [99.3971480000001, 28.553193000000142], [99.41529100000005, 28.55146900000014], [99.42556399999998, 28.558585000000058], [99.43859099999995, 28.558007000000018], [99.44443600000011, 28.55295000000011], [99.46227000000009, 28.552546000000078], [99.46228399999993, 28.562970000000142], [99.46275300000008, 28.564738000000055], [99.4649860000001, 28.567576000000038], [99.46591300000006, 28.569056000000018], [99.46459600000017, 28.577787000000065], [99.4739880000001, 28.575690000000108], [99.49238600000002, 28.584254000000108], [99.5008050000001, 28.581428000000052], [99.5286760000001, 28.593225000000032], [99.52135100000012, 28.60439499999992], [99.53052600000004, 28.61061500000004], [99.53321900000012, 28.62266499999999], [99.54137100000013, 28.629018000000016], [99.53809800000003, 28.635539999999907], [99.54334400000013, 28.665380000000184], [99.5415810000001, 28.674105000000004], [99.53065900000004, 28.683437000000048], [99.54741700000015, 28.6976369999999], [99.5528030000001, 28.71393600000014], [99.56054700000011, 28.720382000000043], [99.56830700000003, 28.71686600000001], [99.5982250000001, 28.728995000000012], [99.600186, 28.729959000000015], [99.60156600000013, 28.73120500000008], [99.60303100000002, 28.73342500000009], [99.60280200000008, 28.735772000000125], [99.60133000000015, 28.73728000000002], [99.60036900000003, 28.738495000000007], [99.61383900000007, 28.743794000000044], [99.60702500000008, 28.758361000000065], [99.609684, 28.76669400000005], [99.60491300000012, 28.77505300000005], [99.60974500000007, 28.789047000000004], [99.62239500000011, 28.800427000000028], [99.62341000000006, 28.816741999999998], [99.63539900000012, 28.81639200000008], [99.64448299999998, 28.819788000000045], [99.67736500000017, 28.813663000000055], [99.68817200000012, 28.817776000000016], [99.69334100000006, 28.823745000000066], [99.69838800000002, 28.8205429999999], [99.70361000000008, 28.827688000000173], [99.70065400000011, 28.835225000000108], [99.71146100000007, 28.840021000000007], [99.71668600000002, 28.849593000000183], [99.72253799999999, 28.8140650000001], [99.72011600000013, 28.80492199999989], [99.72338500000008, 28.78432099999995], [99.72140500000003, 28.76090800000013], [99.73536700000008, 28.738109000000044], [99.73267000000004, 28.72358600000011], [99.74617500000014, 28.717870000000033], [99.75706100000005, 28.703702999999983], [99.79361000000006, 28.702156999999964], [99.83022700000001, 28.66875200000012], [99.82759900000016, 28.625855999999963], [99.83019300000004, 28.58916999999999], [99.83065100000002, 28.58812900000001], [99.8325510000001, 28.586827000000014], [99.83310000000004, 28.585862999999925], [99.83088000000004, 28.57793700000004], [99.84444100000013, 28.57975900000016], [99.86006600000012, 28.575485000000022], [99.8713500000001, 28.589149000000113], [99.87344399999999, 28.598407999999978], [99.87968499999991, 28.60584800000006], [99.88910700000011, 28.60963400000005], [99.90717399999991, 28.605955000000115], [99.9081269999999, 28.604853000000062], [99.90895500000009, 28.603355999999927], [99.91023700000011, 28.602253000000054], [99.91856400000005, 28.603190000000133], [99.919579, 28.60191600000006], [99.92006700000006, 28.599960000000046], [99.92050199999991, 28.59852300000008], [99.93340000000012, 28.592234000000104], [99.93964100000011, 28.58424400000017], [99.94902900000008, 28.581676000000144], [99.95244600000001, 28.567119000000062], [99.96186500000005, 28.563668000000163], [99.96408900000003, 28.541980999999986], [99.96947499999999, 28.537857000000002], [99.97741700000003, 28.5395839999999], [99.98514200000008, 28.530609], [99.98710700000012, 28.51525800000003], [99.981442, 28.505901000000144], [99.987084, 28.499443000000134], [99.98634700000012, 28.49255399999999], [99.99212699999998, 28.476009000000005], [99.99976000000005, 28.468445000000052], [100.02262599999992, 28.46110399999999], [100.02922100000015, 28.454109000000138], [100.03895299999998, 28.455285000000096], [100.04398800000001, 28.44960900000013], [100.05964000000003, 28.451048000000092], [100.06403000000007, 28.437389000000145], [100.0734830000001, 28.428615], [100.059658, 28.40923099999995], [100.06479300000015, 28.404601999999926], [100.05295200000008, 28.379968000000154], [100.0541460000001, 28.373823999999928], [100.09206500000013, 28.367953000000078], [100.09864100000013, 28.36270600000008], [100.133198, 28.354960000000084], [100.13810400000003, 28.343380999999937], [100.14862100000013, 28.34217500000007], [100.15723899999999, 28.331852000000104], [100.1670840000001, 28.332270999999956], [100.17522900000009, 28.328200000000002], [100.17133800000002, 28.32452200000015], [100.16743200000005, 28.299726000000035], [100.1533630000001, 28.297766000000045], [100.14624900000017, 28.29208200000013], [100.15347000000007, 28.279836000000124], [100.16788200000005, 28.27588400000016], [100.18714200000007, 28.25698899999989], [100.1709720000001, 28.24162700000008], [100.16357100000005, 28.239229000000087], [100.16290000000014, 28.237976999999972], [100.1622320000001, 28.236846000000092], [100.1685030000001, 28.22751600000013], [100.16775600000011, 28.225751000000024], [100.16689000000005, 28.224103000000092], [100.16439200000005, 28.221567000000135], [100.14864800000007, 28.210572000000077], [100.10154000000001, 28.205099000000033], [100.09758800000006, 28.201553999999994], [100.09858700000011, 28.195922000000117], [100.087163, 28.18364600000003], [100.0778350000001, 28.185900999999916], [100.07702300000007, 28.187633000000133], [100.07613000000008, 28.188675000000018], [100.07525299999999, 28.190061000000036], [100.06071100000008, 28.19722400000002], [100.04902300000006, 28.18516299999996], [100.03043400000016, 28.186357000000072], [100.03226500000012, 28.176312000000017], [100.02315500000006, 28.164425999999956], [100.02105800000011, 28.14874400000005], [100.03001100000014, 28.136431000000094], [100.04171800000015, 28.12968600000014], [100.04296900000008, 28.11946600000008], [100.05233000000013, 28.107062000000063], [100.0600050000001, 28.08606999999992]]]}}, {"type": "Feature", "properties": {"name": "德宏傣族景颇族自治州", "kind": "0137", "admin_code": "533123", "code_1": 5331}, "geometry": {"type": "Polygon", "coordinates": [[[98.70988200000001, 24.125072000000024], [98.69911600000006, 24.11033500000015], [98.68145499999994, 24.10285400000005], [98.64809500000008, 24.109272999999945], [98.60633099999998, 24.087166000000003], [98.599297, 24.086806999999965], [98.59432200000003, 24.08569699999996], [98.58983700000012, 24.09395700000003], [98.55529900000005, 24.111456999999994], [98.54998800000001, 24.129738000000003], [98.54540000000009, 24.131421999999894], [98.49962700000017, 24.125655000000123], [98.49278300000003, 24.127821000000104], [98.48332700000012, 24.12530000000006], [98.46463800000011, 24.129577999999995], [98.4579740000001, 24.12672100000004], [98.41586199999998, 24.123807999999983], [98.36304499999999, 24.112448000000008], [98.35614699999999, 24.10632100000003], [98.34909700000003, 24.105712999999994], [98.34461899999997, 24.102671000000008], [98.34204580399071, 24.102205829121218], [98.32818599999993, 24.106037000000157], [98.29271700000001, 24.103675000000038], [98.27881000000006, 24.10966600000004], [98.25601599999996, 24.112163000000052], [98.24811600000001, 24.11002300000009], [98.22239300000001, 24.11669900000002], [98.210789, 24.112984000000125], [98.20319228690107, 24.104399814135768], [98.16680799999997, 24.10724799999999], [98.16915885777064, 24.100624408316776], [98.11003600000012, 24.09519600000005], [98.08782899999999, 24.088490000000043], [98.085677, 24.083972999999958], [98.08175600000004, 24.083309], [98.075828, 24.080559000000015], [98.03819899999999, 24.072690999999956], [98.01184500000002, 24.05401399999996], [97.9961210000001, 24.050260000000122], [97.99068500000001, 24.040380000000127], [97.97824100000005, 24.032412000000058], [97.93964099999998, 24.020206000000165], [97.91920900000017, 24.02313400000005], [97.91495600000016, 24.021888000000068], [97.9078640000001, 24.01922800000007], [97.90210000000013, 24.01704400000002], [97.88250600000003, 23.99939699999998], [97.88831999999996, 23.987362000000026], [97.89476700000003, 23.982977000000027], [97.894698, 23.978432000000026], [97.887099, 23.975174000000024], [97.88034405602836, 23.974338515033303], [97.86163400000004, 23.983070000000083], [97.84078100000004, 23.96219099999997], [97.83607399999995, 23.960811999999997], [97.832442, 23.961334000000022], [97.82912300000001, 23.965918999999957], [97.82839899999996, 23.970236000000014], [97.82089700000009, 23.97187600000008], [97.81924300000001, 23.966993000000002], [97.82440799999998, 23.96382100000001], [97.82749099999998, 23.961152999999968], [97.81763200000012, 23.953417999999907], [97.81368686312757, 23.945712601332602], [97.80980300000002, 23.948196000000024], [97.81577400000005, 23.960703000000038], [97.80773099999999, 23.962345000000006], [97.80715099999996, 23.958044000000037], [97.80699013153395, 23.95588756071796], [97.80619500000009, 23.95411000000005], [97.79583000000011, 23.955824000000028], [97.7923820000001, 23.94523499999999], [97.76885100000003, 23.93551799999998], [97.76760750968177, 23.932581713596093], [97.76553000000004, 23.930456000000014], [97.76486724527615, 23.91111623421296], [97.75058400000003, 23.911153000000084], [97.74716100000003, 23.90920600000002], [97.7473808002774, 23.90285599999997], [97.74553399999999, 23.90285599999997], [97.74147500000014, 23.903029000000075], [97.73823300000012, 23.90336999999996], [97.72698100000002, 23.897946999999967], [97.72353999999999, 23.893919000000018], [97.72010699999997, 23.89012899999996], [97.72058799999998, 23.886772000000022], [97.72055123094383, 23.884227194266593], [97.72049734657051, 23.884122431700774], [97.70296200000016, 23.884233000000087], [97.70245400000005, 23.883608000000066], [97.70237030402812, 23.88329141088861], [97.700301, 23.880904999999977], [97.70207099999999, 23.876818000000036], [97.71409618322473, 23.876763011725124], [97.71607900000004, 23.874268999999984], [97.71447699999999, 23.870934999999996], [97.70714499999997, 23.86742799999999], [97.70037699999997, 23.866784999999993], [97.69264900000005, 23.872614000000006], [97.688229, 23.881879000000183], [97.67989999999999, 23.872274000000026], [97.68108778540451, 23.866884825005855], [97.68091865523314, 23.86488732030172], [97.67925899999997, 23.862471000000006], [97.67405599999998, 23.86252800000002], [97.67092000000002, 23.861126000000013], [97.66800599999998, 23.857328000000003], [97.66468520154491, 23.855034603999513], [97.66216199999997, 23.86768199999996], [97.66105819413255, 23.86820401263938], [97.66008399999998, 23.869264000000022], [97.65833300000006, 23.868000000000066], [97.65004599999997, 23.855846000000035], [97.65146499999997, 23.844823999999967], [97.64831400000003, 23.842464000000007], [97.64259000000007, 23.851067000000036], [97.64090000000004, 23.86725400000016], [97.63289500000002, 23.877567000000013], [97.63318500000004, 23.88019600000002], [97.63269699999998, 23.882355000000047], [97.62127600000002, 23.884150999999967], [97.61745399999998, 23.89089200000003], [97.61659125713192, 23.891455486983773], [97.61603900000006, 23.892810000000097], [97.5997660000001, 23.896354999999957], [97.58839000000015, 23.90753900000002], [97.57393499999998, 23.915617000000047], [97.56767899999997, 23.91496500000001], [97.5647068591787, 23.913633935976655], [97.55709699999998, 23.921772000000033], [97.54349200000016, 23.922508999999906], [97.53118988243276, 23.927643246736373], [97.529662, 23.93401299999998], [97.53132500000004, 23.942850000000007], [97.53241599999997, 23.94666899999998], [97.53609399999999, 23.949743000000034], [97.5416571295406, 23.955608157112465], [97.5636299999999, 23.966069000000026], [97.56908499999996, 23.971818000000077], [97.57485200000016, 23.98747900000002], [97.59019400000001, 23.98963399999998], [97.60353800000001, 23.99499899999997], [97.612426, 23.99849500000004], [97.61763379572221, 24.003924054399064], [97.62829300000001, 24.00522899999997], [97.62514449371837, 24.0117538522963], [97.63429199999997, 24.021289999999972], [97.63410800000003, 24.027513999999982], [97.633658, 24.03278400000002], [97.63483288557354, 24.04030028698847], [97.63550199999999, 24.041392000000016], [97.63571271265079, 24.042553129851754], [97.64008999999999, 24.047312000000012], [97.65068100000002, 24.052604000000002], [97.65855299999996, 24.065537999999997], [97.67290900000003, 24.074997000000153], [97.67725800000005, 24.07456300000004], [97.68411300000005, 24.085568000000123], [97.69157100000002, 24.090371000000154], [97.69245200000009, 24.09667600000003], [97.70865300000013, 24.09909500000007], [97.7136850000001, 24.108959000000162], [97.73027800000006, 24.114593000000028], [97.72935599999998, 24.12351700000015], [97.73831200000009, 24.14236200000002], [97.73474591762145, 24.15228329321517], [97.74269200000012, 24.153150000000004], [97.73714499999998, 24.155649999999994], [97.74390500000011, 24.157137000000105], [97.74288737043194, 24.15955722487235], [97.74776400000002, 24.161281999999964], [97.75434000000001, 24.16599300000002], [97.75597299999995, 24.170997999999976], [97.74495600000003, 24.185003000000037], [97.72830900000004, 24.187824000000035], [97.72813300000004, 24.19404799999996], [97.72701200000002, 24.20722200000001], [97.729339, 24.225379999999966], [97.73255799999998, 24.23230000000001], [97.74211000000001, 24.244155999999982], [97.747138, 24.24960100000002], [97.76663299999993, 24.261371000000075], [97.76526300000016, 24.265111999999903], [97.75271199999989, 24.27717199999997], [97.74921899999997, 24.28566400000014], [97.726066, 24.29219399999998], [97.72508100000003, 24.29651300000002], [97.70696699999999, 24.297759000000084], [97.69173506935635, 24.29489763695625], [97.66977599999997, 24.297849999999976], [97.66641099999998, 24.300038999999998], [97.66501865725746, 24.3030798369728], [97.65868085177544, 24.332159734668956], [97.66251299999996, 24.341000000000015], [97.66699100000002, 24.344060999999975], [97.67119499999995, 24.346409], [97.67098721209726, 24.348364383975365], [97.68387300000009, 24.340683000000162], [97.70436799999996, 24.347712999999985], [97.70966999999999, 24.35411499999998], [97.71127999999997, 24.35696799999996], [97.71492700000002, 24.35668799999997], [97.71627699999998, 24.359782999999993], [97.71691000000004, 24.36791199999997], [97.714957, 24.377776999999966], [97.70741899999999, 24.380255000000005], [97.70355100000005, 24.38388800000004], [97.70336229365509, 24.384029712189495], [97.70225500000011, 24.386128000000106], [97.69030699999999, 24.389299000000022], [97.68113700000002, 24.401535999999993], [97.6775399021956, 24.410611538468018], [97.68356999999997, 24.413063000000015], [97.68348886756127, 24.41433420124872], [97.68388400000012, 24.415768999999997], [97.68043898263744, 24.417622178849932], [97.67979300000002, 24.423633999999986], [97.676726, 24.428932000000025], [97.67597099999998, 24.431095000000028], [97.67831100000015, 24.44196400000005], [97.675689, 24.44928399999997], [97.67037478585803, 24.453407343812763], [97.66884700000011, 24.45540400000008], [97.66803000000002, 24.455024999999985], [97.66705167807139, 24.45464735405276], [97.66349700000004, 24.455638999999984], [97.61749200000003, 24.44343000000002], [97.61069400000004, 24.442785000000036], [97.60729100000003, 24.442342999999966], [97.60391099999995, 24.44357500000003], [97.60028, 24.446006999999994], [97.58646177288082, 24.439628068942312], [97.57742000000002, 24.444018999999997], [97.57345599999995, 24.441338000000123], [97.54957600000013, 24.441331000000076], [97.53480200000004, 24.43588900000011], [97.53037300000004, 24.43736400000003], [97.53436000000005, 24.44244300000007], [97.53019400000015, 24.44356800000007], [97.53042600000016, 24.44751200000008], [97.54700200000013, 24.474372000000088], [97.55431000000013, 24.493719000000013], [97.55464150616461, 24.51977224167188], [97.56436099999999, 24.561396000000023], [97.56290300000005, 24.567217], [97.56272800000005, 24.574158000000004], [97.56658099999999, 24.587705999999997], [97.565627, 24.59537300000003], [97.57153200000002, 24.607514999999957], [97.56792300000001, 24.61186000000002], [97.57083200000008, 24.618880000000075], [97.56764200000012, 24.63584600000017], [97.56999099999996, 24.651559999999975], [97.5748340000001, 24.659249000000138], [97.56911368497711, 24.667512089270474], [97.56516000000002, 24.699181999999922], [97.56927100000007, 24.712449000000113], [97.56858900000013, 24.72284099999993], [97.56366100000005, 24.7295060000001], [97.55329600000007, 24.73144700000003], [97.54801800000001, 24.73778], [97.55032124760136, 24.745804458580366], [97.56362200000004, 24.757308000000066], [97.5699398884384, 24.7693769880865], [97.57854823923654, 24.771209000259752], [97.58402200000003, 24.768748999999993], [97.597167, 24.772438000000044], [97.60062316602767, 24.776480669195266], [97.60558200000003, 24.77498100000004], [97.61840000000001, 24.778350999999986], [97.62026900000002, 24.78120199999998], [97.62477000000001, 24.784983000000004], [97.652671, 24.794725000000042], [97.67927600000004, 24.82945999999997], [97.69566200000003, 24.83540000000002], [97.70178099999997, 24.842268000000026], [97.70198699999996, 24.84537299999998], [97.70921200000001, 24.837394999999972], [97.72904899999997, 24.831901999999964], [97.72952200000003, 24.828067999999995], [97.72980736911336, 24.82815626177353], [97.7299780000001, 24.827815000000108], [97.74218800000016, 24.831194000000004], [97.76566200000005, 24.826689000000023], [97.79738700000016, 24.848992000000102], [97.79949300000014, 24.85840000000004], [97.79009700000005, 24.8631100000001], [97.7897419999999, 24.871243000000142], [97.78448900000002, 24.880019999999917], [97.77118700000004, 24.886282000000136], [97.76380500000013, 24.88178200000013], [97.7593540000001, 24.88299500000013], [97.74455700000006, 24.894911000000008], [97.73640900000001, 24.907759000000084], [97.72924900000001, 24.911562000000153], [97.73128600000015, 24.949966999999987], [97.72746400000011, 24.96393100000003], [97.72732787704294, 24.96405984814347], [97.72695100000004, 24.964904999999973], [97.72176300000004, 24.969032000000027], [97.71972599999998, 24.97336399999999], [97.71978699999997, 24.97790899999999], [97.717208, 24.981049], [97.72263199999999, 25.012466000000025], [97.72083899999996, 25.01559600000001], [97.72125100000004, 25.02659800000002], [97.72746200000003, 25.038729000000018], [97.72778200000005, 25.043031999999975], [97.73049799999997, 25.049459], [97.72099800000015, 25.083685000000088], [97.72939800000009, 25.08941200000001], [97.73221300000012, 25.08250299999999], [97.74332400000017, 25.08158500000006], [97.75000450000005, 25.09404600000009], [97.75796600000001, 25.09806500000009], [97.77638300000008, 25.12382000000015], [97.78538600000016, 25.149429000000033], [97.8006260000001, 25.16737400000013], [97.80960699999996, 25.20395900000001], [97.837951, 25.271317000000003], [97.84232677133674, 25.272846492231892], [97.85915300000002, 25.264591000000024], [97.86720300000005, 25.265890000000034], [97.87434299999998, 25.26104899999997], [97.90483800000001, 25.21897099999999], [97.91604500000003, 25.21332400000003], [97.93897900000002, 25.217568999999983], [97.94983300000004, 25.22431500000002], [97.96040200000002, 25.242167999999964], [97.9672, 25.23992300000002], [97.98778400000005, 25.260699999999957], [98.00032799999994, 25.278533000000024], [98.00622200000008, 25.280873000000014], [98.00426688024422, 25.295246265365748], [98.01083098073599, 25.305591665941243], [98.022529, 25.310467000000017], [98.0385590000001, 25.30479100000005], [98.06231599999997, 25.310469000000005], [98.07016800000011, 25.315693000000138], [98.07303798478132, 25.33275235049006], [98.07643800000002, 25.336346000000034], [98.07916329316201, 25.337538074382614], [98.08899699999999, 25.338847000000108], [98.0943, 25.327584999999985], [98.10485500000007, 25.32522100000014], [98.102982, 25.31720699999991], [98.11043200000002, 25.308624000000023], [98.11048900000011, 25.296989000000124], [98.115361, 25.289846000000104], [98.12473300000005, 25.28526600000005], [98.13975600000015, 25.288386999999915], [98.152084, 25.28269700000012], [98.15902700000001, 25.26562199999998], [98.16472300000002, 25.26554800000016], [98.19290600000008, 25.24758400000009], [98.18494100000007, 25.225424999999937], [98.19070500000004, 25.214579000000036], [98.19123200000004, 25.21277900000014], [98.19107100000012, 25.210607000000017], [98.19050700000017, 25.208792000000038], [98.18551300000016, 25.203295000000047], [98.18417400000003, 25.19442700000012], [98.16743100000008, 25.17460200000008], [98.17195200000006, 25.159119000000118], [98.17903900000006, 25.151093000000046], [98.17936700000001, 25.14342199999995], [98.18401100000004, 25.139663000000056], [98.197579, 25.13886000000005], [98.2075590000001, 25.124274000000057], [98.23266999999998, 25.10544799999999], [98.245953, 25.111902000000107], [98.25538300000007, 25.110001000000025], [98.26817000000007, 25.094453000000016], [98.26907100000001, 25.08010600000008], [98.25360500000004, 25.071491000000123], [98.25435300000011, 25.06041900000009], [98.24856600000001, 25.044466999999962], [98.22821800000006, 25.02338000000004], [98.22285199999997, 25.002646000000105], [98.22543800000007, 24.991890000000105], [98.22174100000007, 24.974060000000108], [98.22125600000008, 24.964664000000013], [98.22509100000013, 24.960750000000175], [98.2343180000001, 24.95881200000005], [98.23869400000015, 24.95489099999999], [98.24035700000007, 24.946992000000122], [98.23436800000016, 24.949421000000015], [98.23717100000007, 24.935599999999994], [98.23884300000005, 24.930177000000086], [98.24201300000014, 24.927314000000166], [98.24393200000011, 24.928224000000142], [98.24741100000003, 24.930569000000013], [98.25862599999991, 24.929692000000017], [98.27223300000016, 24.940047999999962], [98.29007700000007, 24.940500000000142], [98.31037900000014, 24.95741600000001], [98.31233700000014, 24.958303000000036], [98.3143160000001, 24.958931000000128], [98.31624300000003, 24.958995000000094], [98.32330799999991, 24.954387000000033], [98.32080500000001, 24.947100999999996], [98.33086400000008, 24.94621100000016], [98.33237100000007, 24.945454000000055], [98.33417900000009, 24.943976000000156], [98.33484299999996, 24.94280600000016], [98.33539999999996, 24.937906000000098], [98.3348510000001, 24.937383000000167], [98.33432800000017, 24.936025000000072], [98.32581000000006, 24.942025000000022], [98.32063400000007, 24.940729999999988], [98.33167300000005, 24.929641000000146], [98.33083800000006, 24.914853999999956], [98.35004400000004, 24.903921000000054], [98.35160900000002, 24.904608000000138], [98.35044500000001, 24.912888999999993], [98.35141000000009, 24.914324000000065], [98.35658699999998, 24.908443000000013], [98.3604400000001, 24.90045299999999], [98.36251099999996, 24.8996310000001], [98.37169300000001, 24.897711000000044], [98.37552700000015, 24.90124000000018], [98.38154300000001, 24.899071000000127], [98.38165300000006, 24.899033000000003], [98.39080100000005, 24.910799000000083], [98.39171300000001, 24.91082200000003], [98.39279600000009, 24.91063400000011], [98.3939940000001, 24.909876000000096], [98.39385700000005, 24.907363000000004], [98.39289500000004, 24.90586500000005], [98.39275800000016, 24.903352999999953], [98.39447400000003, 24.900984999999956], [98.397312, 24.90004599999989], [98.4076270000001, 24.90733600000008], [98.41032400000014, 24.90415399999997], [98.42051400000004, 24.902551000000116], [98.43622600000012, 24.903083999999986], [98.4457560000001, 24.893203], [98.43878600000002, 24.88131100000006], [98.44831100000013, 24.876958000000137], [98.46210500000014, 24.888710000000124], [98.47062700000004, 24.88976800000009], [98.47941700000008, 24.8954259999999], [98.49168400000005, 24.893057999999904], [98.49339700000003, 24.90202600000002], [98.51642700000005, 24.904519000000057], [98.53012100000012, 24.89950600000006], [98.534573, 24.887473000000092], [98.53508400000007, 24.861584000000136], [98.54500200000001, 24.842022000000007], [98.55504600000009, 24.83057200000014], [98.55061400000002, 24.80463099999988], [98.54459100000011, 24.803033], [98.53634600000004, 24.810236000000096], [98.52567699999996, 24.805581000000053], [98.5168120000001, 24.807424000000047], [98.50734400000009, 24.813992000000006], [98.49873000000004, 24.813886999999937], [98.47895899999995, 24.798330000000156], [98.46803699999997, 24.78421800000004], [98.43158400000009, 24.779809000000007], [98.42183400000002, 24.771973000000024], [98.42058600000013, 24.7655740000001], [98.42843700000012, 24.758161000000122], [98.43039400000004, 24.74764900000006], [98.43144300000014, 24.74641000000004], [98.43568500000012, 24.744371000000086], [98.44332900000003, 24.74413300000011], [98.44718200000014, 24.737409000000035], [98.44693800000003, 24.727449999999983], [98.4482919999999, 24.722593000000103], [98.44903200000002, 24.719918000000106], [98.44317300000009, 24.714528], [98.4385080000001, 24.70589900000013], [98.44147200000003, 24.70106700000001], [98.4470720000001, 24.697042000000046], [98.45096600000007, 24.687384000000037], [98.45159199999999, 24.677428000000056], [98.45347999999998, 24.676407999999952], [98.43740900000012, 24.670510999999998], [98.43332700000006, 24.663174000000176], [98.423837, 24.66035200000001], [98.41582900000017, 24.651614999999907], [98.41573800000012, 24.639934000000018], [98.42363800000007, 24.64187100000006], [98.43924800000005, 24.63583000000009], [98.44839200000007, 24.61970100000015], [98.45231600000002, 24.61960099999996], [98.45505900000015, 24.61867800000006], [98.45650100000009, 24.617757999999967], [98.46200200000014, 24.602989000000107], [98.45818400000007, 24.5981970000001], [98.46935700000012, 24.59532100000017], [98.47671600000007, 24.58557800000014], [98.47680000000008, 24.57812800000012], [98.48468800000003, 24.57150399999997], [98.47853500000011, 24.56858500000012], [98.47515900000002, 24.55708700000001], [98.48267400000009, 24.556675000000027], [98.48537500000012, 24.54741499999991], [98.50674899999999, 24.55454700000017], [98.52414400000012, 24.550298000000147], [98.56257700000006, 24.565416000000106], [98.57904500000015, 24.57641000000008], [98.58620500000016, 24.57764300000005], [98.592107, 24.57446000000003], [98.6248250000001, 24.583147000000082], [98.63661600000012, 24.57911700000006], [98.64116700000008, 24.572954000000124], [98.65136000000004, 24.573572999999918], [98.66711499999995, 24.56572700000008], [98.67994700000013, 24.570339000000118], [98.69161200000002, 24.565143000000077], [98.69821200000005, 24.547489999999897], [98.68519300000004, 24.542930000000162], [98.68259100000004, 24.536546000000058], [98.68339600000004, 24.53491100000005], [98.68468900000008, 24.533502999999904], [98.68611200000005, 24.53242900000012], [98.69665900000017, 24.530673000000135], [98.69701800000003, 24.515041000000018], [98.70514799999992, 24.496805000000087], [98.71691100000001, 24.496503000000146], [98.72654000000003, 24.491293000000013], [98.72135600000009, 24.483586000000045], [98.70828299999997, 24.47683300000014], [98.69999400000006, 24.46063900000015], [98.69160099999999, 24.453201999999962], [98.68561999999994, 24.45327500000014], [98.68380400000004, 24.44692900000016], [98.69282499999994, 24.437407000000036], [98.69596900000002, 24.42640100000004], [98.6884270000001, 24.421828000000033], [98.68817500000003, 24.41754300000005], [98.70123700000005, 24.409012000000118], [98.702722, 24.399763000000107], [98.71293699999993, 24.39314200000011], [98.71160599999993, 24.383230000000047], [98.7146040000001, 24.372943000000035], [98.7246329999999, 24.36073000000001], [98.71895200000013, 24.356632999999952], [98.71302900000015, 24.342587000000137], [98.719425, 24.33457800000005], [98.69939500000007, 24.28675599999999], [98.70356099999997, 24.268300999999973], [98.70002800000003, 24.263662000000096], [98.70002800000003, 24.26264500000015], [98.70014999999992, 24.26090100000009], [98.700822, 24.25880800000011], [98.71732400000008, 24.241250000000058], [98.72664700000017, 24.210307000000086], [98.68950300000014, 24.188855000000075], [98.68662700000003, 24.17154600000002], [98.69192200000009, 24.167309000000017], [98.684178, 24.143798999999987], [98.68478100000006, 24.136901999999985], [98.70988200000001, 24.125072000000024]]]}}]}